catcode,cmte_id,catorder,catname,industry,sector,newsletter,source,confidence,reasoning,model
B0000,,C01,Construction & Public Works,General Contractors,Construction,Construction & Housing,crp,high,,
B0500,,C01,Builders associations,General Contractors,Construction,Construction & Housing,crp,high,,
B1000,,C01,"Public works, industrial & commercial construction",General Contractors,Construction,Construction & Housing,crp,high,,
B1200,,C01,Dredging Contractors,General Contractors,Construction,Construction & Housing,crp,high,,
B1500,,C01,"Construction, unclassified",General Contractors,Construction,Construction & Housing,crp,high,,
B2000,,C02,Residential construction,Home Builders,Construction,Construction & Housing,crp,high,,
B2400,,C02,Mobile home construction,Home Builders,Construction,Construction & Housing,crp,high,,
B3000,,C03,Special trade contractors,Special Trade Contractors,Construction,Construction & Housing,crp,high,,
B3200,,C03,Electrical contractors,Special Trade Contractors,Construction,Construction & Housing,crp,high,,
B3400,,C03,"Plumbing, heating & air conditioning",Special Trade Contractors,Construction,Construction & Housing,crp,high,,
B3600,,C03,Landscaping & Excavation Svcs,Special Trade Contractors,Construction,Construction & Housing,crp,high,,
B4000,,C04,"Engineering, architecture & construction mgmt svcs",Construction Services,Construction,Construction & Housing,crp,high,,
B4200,,C04,Architectural services,Construction Services,Construction,Construction & Housing,crp,high,,
B4300,,C04,Surveying,Construction Services,Construction,Construction & Housing,crp,high,,
B4400,,C04,Engineers - type unknown,Construction Services,Construction,Construction & Housing,crp,high,,
B5000,,C05,Building materials,Building Materials & Equipment,Construction,Construction & Housing,crp,high,,
B5100,,C05,"Stone, clay, glass & concrete products",Building Materials & Equipment,Construction,Construction & Housing,crp,high,,
B5200,,C05,Lumber and wood products,Building Materials & Equipment,Construction,Construction & Housing,crp,high,,
B5300,,C05,Plumbing & pipe products,Building Materials & Equipment,Construction,Construction & Housing,crp,high,,
B5400,,C05,Other construction-related products,Building Materials & Equipment,Construction,Construction & Housing,crp,high,,
B5500,,C05,Electrical Supply,Building Materials & Equipment,Construction,Construction & Housing,crp,high,,
B6000,,C05,Construction equipment,Building Materials & Equipment,Construction,Construction & Housing,crp,high,,
C1000,,B01,Printing and publishing (printed & online),Printing & Publishing,Communic/Electronics,,crp,high,,
C1100,,B01,"Book, newspaper & periodical publishing",Printing & Publishing,Communic/Electronics,,crp,high,,
C2100,,B02,Commercial TV & radio stations,TV/Movies/Music,Communic/Electronics,ICT & Cybersecurity,crp,high,,
C0000,,B00,Communications & Electronics,Misc Communications/Electronics,Communic/Electronics,"ICT & Cybersecurity, Manufacturing",crp,high,,
C1300,,B01,Commercial printing & typesetting,Printing & Publishing,Communic/Electronics,Manufacturing,crp,high,,
C1400,,B01,Greeting card publishing,Printing & Publishing,Communic/Electronics,Manufacturing,crp,high,,
C2000,,B02,Entertainment Industry/Broadcast & Motion Pictures,TV/Movies/Music,Communic/Electronics,Manufacturing,crp,high,,
C5000,,B12,Electronics manufacturing & services,Electronics Mfg & Equip,Communic/Electronics,Manufacturing,crp,high,,
C5100,,B12,Computer manufacture & services,Electronics Mfg & Equip,Communic/Electronics,Manufacturing,crp,high,,
C5110,,B12,Computer components & accessories,Electronics Mfg & Equip,Communic/Electronics,Manufacturing,crp,high,,
C5120,,B12,Computer software,Electronics Mfg & Equip,Communic/Electronics,ICT & Cybersecurity,crp,high,,
C5400,,B12,Industrial Electronics,Electronics Mfg & Equip,Communic/Electronics,Manufacturing,crp,high,,
C6000,,B13,Internet & Online Services,Internet,Communic/Electronics,ICT & Cybersecurity,crp,high,,
C6200,,B13,Social Media,Internet,Communic/Electronics,ICT & Cybersecurity,crp,high,,
C6300,,B13,Search Engine/Email Services,Internet,Communic/Electronics,ICT & Cybersecurity,crp,high,,
C6400,,B13,Vendors,Internet,Communic/Electronics,ICT & Cybersecurity,crp,high,,
C6500,,B13,Hosting/Cloud Services,Internet,Communic/Electronics,ICT & Cybersecurity,crp,high,,
E1200,,E04,Mining,Mining,Energy/Nat Resource,Mining,crp,high,,
E1210,,E04,Coal mining,Mining,Energy/Nat Resource,Mining,crp,high,,
E1220,,E04,Metal mining & processing,Mining,Energy/Nat Resource,Mining,crp,high,,
E1230,,E04,Non-metallic mining,Mining,Energy/Nat Resource,Mining,crp,high,,
E1240,,E04,Mining services & equipment,Mining,Energy/Nat Resource,Mining,crp,high,,
E3000,,E10,Waste management,Waste Management,Energy/Nat Resource,Environment,crp,high,,
E4000,,E11,Fisheries & wildlife,Fisheries & Wildlife,Energy/Nat Resource,Fisheries,crp,high,,
E4100,,E11,Fishing,Fisheries & Wildlife,Energy/Nat Resource,Fisheries,crp,high,,
E4200,,E11,Hunting & wildlife,Fisheries & Wildlife,Energy/Nat Resource,Fisheries,crp,high,,
G2910,,N01,Food catering & food services,Food & Beverage,Misc Business,"Agri-Food, Hospitality & Retail",crp,high,,
G2900,,N01,Restaurants & drinking establishments,Food & Beverage,Misc Business,"Agri-Food, Hospitality & Retail",crp,high,,
C2200,,B02,Cable & satellite TV production,TV/Movies/Music,Communic/Electronics,ICT & Cybersecurity,crp,high,,
C2300,,B02,TV production,TV/Movies/Music,Communic/Electronics,,crp,high,,
C2400,,B02,Motion Picture production & distribution,TV/Movies/Music,Communic/Electronics,,crp,high,,
C2600,,B02,Recorded Music & music production,TV/Movies/Music,Communic/Electronics,,crp,high,,
C4000,,B09,Telecommunications,Telecom Services,Communic/Electronics,ICT & Cybersecurity,crp,high,,
C4100,,B08,Telephone utilities,Telephone Utilities,Communic/Electronics,ICT & Cybersecurity,crp,high,,
C4200,,B08,Long-distance telephone & telegraph service,Telephone Utilities,Communic/Electronics,ICT & Cybersecurity,crp,high,,
C4300,,B09,Cell/wireless service providers,Telecom Services,Communic/Electronics,ICT & Cybersecurity,crp,high,,
C4400,,B09,Satellite communications,Telecom Services,Communic/Electronics,ICT & Cybersecurity,crp,high,,
C4500,,B09,Cable distributors & service providers,Telecom Services,Communic/Electronics,ICT & Cybersecurity,crp,high,,
C4600,,B09,Other Communications Services,Telecom Services,Communic/Electronics,ICT & Cybersecurity,crp,high,,
C5130,,B12,Data processing & computer services,Electronics Mfg & Equip,Communic/Electronics,ICT & Cybersecurity,crp,high,,
C5200,,B12,Telecommunications Devices,Electronics Mfg & Equip,Communic/Electronics,ICT & Cybersecurity,crp,high,,
C5300,,B12,Other Communication Electronics,Electronics Mfg & Equip,Communic/Electronics,ICT & Cybersecurity,crp,high,,
C6100,,B13,Online Entertainment,Internet,Communic/Electronics,ICT & Cybersecurity,crp,high,,
D0000,,D03,Defense,Misc Defense,Defense,Defense,crp,high,,
D2000,,D01,Defense aerospace contractors,Defense Aerospace,Defense,"Defense, Freight & Transport",crp,high,,
D3000,,D02,Defense electronic contractors,Defense Electronics,Defense,Defense,crp,high,,
D4000,,D03,Defense Research & Development,Misc Defense,Defense,Defense,crp,high,,
D5000,,D03,Defense shipbuilders,Misc Defense,Defense,Defense,crp,high,,
D6000,,D03,Homeland Security contractors,Misc Defense,Defense,Defense,crp,high,,
D8000,,D03,Ground-based & other weapons systems,Misc Defense,Defense,Defense,crp,high,,
D9000,,D03,Defense-related services,Misc Defense,Defense,Defense,crp,high,,
E0000,,E07,"Energy, Natural Resources and Environment",Misc Energy,Energy/Nat Resource,"Oil & Gas, Utilities & Power, Environment",crp,high,,
E1000,,E07,Energy production & distribution,Misc Energy,Energy/Nat Resource,"Oil & Gas, Utilities & Power",crp,high,,
E1100,,E01,Oil & Gas,Oil & Gas,Energy/Nat Resource,Oil & Gas,crp,high,,
E1110,,E01,Major (multinational) oil & gas producers,Oil & Gas,Energy/Nat Resource,Oil & Gas,crp,high,,
E1120,,E01,Independent oil & gas producers,Oil & Gas,Energy/Nat Resource,Oil & Gas,crp,high,,
E1140,,E01,Natural Gas transmission & distribution,Oil & Gas,Energy/Nat Resource,Oil & Gas,crp,high,,
E1150,,E01,"Oilfield service, equipment & exploration",Oil & Gas,Energy/Nat Resource,Oil & Gas,crp,high,,
E1160,,E01,Petroleum refining & marketing,Oil & Gas,Energy/Nat Resource,Oil & Gas,crp,high,,
E1170,,E01,Gasoline service stations,Oil & Gas,Energy/Nat Resource,Oil & Gas,crp,high,,
E1180,,E01,Fuel oil dealers,Oil & Gas,Energy/Nat Resource,Oil & Gas,crp,high,,
E1190,,E01,LPG/Liquid Propane dealers & producers,Oil & Gas,Energy/Nat Resource,Oil & Gas,crp,high,,
G5200,,N05,Business services,Business Services,Misc Business,,crp,high,,
G5210,,N05,Advertising & public relations services,Business Services,Misc Business,,crp,high,,
G5220,,N05,Direct mail advertising services,Business Services,Misc Business,,crp,high,,
G5230,,N05,Outdoor advertising services,Business Services,Misc Business,,crp,high,,
G5240,,N05,"Commercial photography, art & graphic design",Business Services,Misc Business,,crp,high,,
G5250,,N05,Employment agencies,Business Services,Misc Business,,crp,high,,
G5260,,N05,Political consultants/advisers,Business Services,Misc Business,,crp,high,,
G5270,,N05,Management consultants & services,Business Services,Misc Business,,crp,high,,
G5280,,N05,Marketing research services,Business Services,Misc Business,,crp,high,,
G5290,,N05,Security services,Business Services,Misc Business,,crp,high,,
G5300,,N04,Equipment rental & leasing,Misc Services,Misc Business,,crp,high,,
G5400,,N04,Funeral services,Misc Services,Misc Business,,crp,high,,
G5500,,N04,Laundries & dry cleaners,Misc Services,Misc Business,,crp,high,,
G5600,,N04,Miscellaneous repair services,Misc Services,Misc Business,,crp,high,,
G5700,,N04,Pest control,Misc Services,Misc Business,,crp,high,,
J5000,,Q04,Foreign policy,Foreign & Defense Policy,Ideology/Single-Issue,Foreign Affairs,crp,high,,
J5100,,Q05,Pro-Israel,Pro-Israel,Ideology/Single-Issue,Foreign Affairs,crp,high,,
J5200,,Q04,Anti-Castro,Foreign & Defense Policy,Ideology/Single-Issue,Foreign Affairs,crp,high,,
J5300,,Q04,Puerto Rico statehood policy,Foreign & Defense Policy,Ideology/Single-Issue,Foreign Affairs,crp,high,,
J5400,,Q04,Pro-Arab,Foreign & Defense Policy,Ideology/Single-Issue,Foreign Affairs,crp,high,,
E1300,,E08,Nuclear energy,Electric Utilities,Energy/Nat Resource,Utilities & Power,crp,high,,
E1320,,E08,"Nuclear plant construction, equipment & svcs",Electric Utilities,Energy/Nat Resource,Utilities & Power,crp,high,,
E1500,,E07,Alternate energy production & services,Misc Energy,Energy/Nat Resource,Utilities & Power,crp,high,,
E1600,,E08,Electric Power utilities,Electric Utilities,Energy/Nat Resource,Utilities & Power,crp,high,,
E1610,,E08,Rural electric cooperatives,Electric Utilities,Energy/Nat Resource,Utilities & Power,crp,high,,
E1620,,E08,Gas & Electric Utilities,Electric Utilities,Energy/Nat Resource,Utilities & Power,crp,high,,
E1630,,E08,Independent power generation & cogeneration,Electric Utilities,Energy/Nat Resource,Utilities & Power,crp,high,,
E1700,,E07,Power plant construction & equipment,Misc Energy,Energy/Nat Resource,Utilities & Power,crp,high,,
E2000,,E09,"Environmental services, equipment & consulting",Environmental Svcs/Equipment,Energy/Nat Resource,Utilities & Power,crp,high,,
E5000,,E07,Water Utilities,Misc Energy,Energy/Nat Resource,"Utilities & Power, Environment",crp,high,,
F0000,,F13,"Finance, Insurance & Real Estate",Misc Finance,Finance/Insur/RealEst,Finance & Insurance,crp,high,,
F1000,,F03,Banks & lending institutions,Commercial Banks,Finance/Insur/RealEst,Finance & Insurance,crp,high,,
F1100,,F03,Commercial banks & bank holding companies,Commercial Banks,Finance/Insur/RealEst,Finance & Insurance,crp,high,,
F1200,,F04,Savings banks & Savings and Loans,Savings & Loans,Finance/Insur/RealEst,Finance & Insurance,crp,high,,
F1300,,F05,Credit unions,Credit Unions,Finance/Insur/RealEst,Finance & Insurance,crp,high,,
F1400,,F06,Credit agencies & finance companies,Finance/Credit Companies,Finance/Insur/RealEst,Finance & Insurance,crp,high,,
F1410,,F06,Student loan companies,Finance/Credit Companies,Finance/Insur/RealEst,Finance & Insurance,crp,high,,
F1420,,F06,Payday lenders,Finance/Credit Companies,Finance/Insur/RealEst,Finance & Insurance,crp,high,,
F1999,,F07,Crypto Firms,Crypto,Crypto,Finance & Insurance,crp,high,,
F2000,,F07,"Securities, commodities & investment",Securities & Investment,Finance/Insur/RealEst,Finance & Insurance,crp,high,,
F2100,,F07,Security brokers & investment companies,Securities & Investment,Finance/Insur/RealEst,Finance & Insurance,crp,high,,
F2110,,F07,Discount & Online Brokers,Securities & Investment,Finance/Insur/RealEst,Finance & Insurance,crp,high,,
F2200,,F07,Commodity brokers/dealers,Securities & Investment,Finance/Insur/RealEst,Finance & Insurance,crp,high,,
F2300,,F07,Investment banking,Securities & Investment,Finance/Insur/RealEst,Finance & Insurance,crp,high,,
F2400,,F07,Stock exchanges,Securities & Investment,Finance/Insur/RealEst,Finance & Insurance,crp,high,,
F2500,,F07,Venture capital,Securities & Investment,Finance/Insur/RealEst,Finance & Insurance,crp,high,,
F2600,,F07,Private Equity & Investment Firms,Securities & Investment,Finance/Insur/RealEst,Finance & Insurance,crp,high,,
H5000,,W04,Education,Education,Other,Higher Ed,crp,high,,
H5100,,W04,Schools & colleges,Education,Other,Higher Ed,crp,high,,
H5150,,W04,Medical schools,Education,Other,Higher Ed,crp,high,,
H5170,,W04,Law schools,Education,Other,Higher Ed,crp,high,,
H5200,,W04,"Technical, business and vocational schools & svcs",Education,Other,Higher Ed,crp,high,,
H5300,,W04,For-profit Education,Education,Other,Higher Ed,crp,high,,
H6000,,W07,Welfare & Social Work,Other,Other,Higher Ed,crp,high,,
J0000,,Q10,Ideological & Single Issue PACs,Misc Issues,Ideology/Single-Issue,Social Issues,crp,high,,
J1000,,Q10,General Ideological,Misc Issues,Ideology/Single-Issue,Social Issues,crp,high,,
F2700,,F07,Hedge Funds,Securities & Investment,Finance/Insur/RealEst,Finance & Insurance,crp,high,,
F3000,,F09,Insurance,Insurance,Finance/Insur/RealEst,Finance & Insurance,crp,high,,
F3100,,F09,"Insurance companies, brokers & agents",Insurance,Finance/Insur/RealEst,Finance & Insurance,crp,high,,
F3200,,F09,Accident & health insurance,Insurance,Finance/Insur/RealEst,Finance & Insurance,crp,high,,
J3000,,Q10,Consumer groups,Misc Issues,Ideology/Single-Issue,Social Issues,crp,high,,
J4000,,Q10,Fiscal & tax policy,Misc Issues,Ideology/Single-Issue,Social Issues,crp,high,,
J6100,,Q12,Anti-Guns,Gun Control,Ideology/Single-Issue,Social Issues,crp,high,,
J6200,,Q13,Pro-Guns,Gun Rights,Ideology/Single-Issue,Social Issues,crp,high,,
J6500,,Q10,Militias & Anti-Government Groups,Misc Issues,Ideology/Single-Issue,Social Issues,crp,high,,
J7000,,Q09,Human Rights,Human Rights,Ideology/Single-Issue,Social Issues,crp,high,,
J7120,,Q14,Abortion policy/Anti-Abortion,Abortion Policy/Anti-Abortion,Ideology/Single-Issue,Social Issues,crp,high,,
J7150,,Q15,Abortion policy/Pro-Abortion Rights,Abortion Policy/Pro-Abortion Rights,Ideology/Single-Issue,Social Issues,crp,high,,
J7200,,Q10,Elderly issues/Social Security,Misc Issues,Ideology/Single-Issue,Social Issues,crp,high,,
J7210,,Q10,Legalization of Doctor-Assisted Suicide,Misc Issues,Ideology/Single-Issue,Social Issues,crp,high,,
J7300,,Q09,Gay & lesbian rights & issues,Human Rights,Ideology/Single-Issue,Social Issues,crp,high,,
J7400,,Q08,Women's issues,Women's Issues,Ideology/Single-Issue,Social Issues,crp,high,,
J7500,,Q09,Minority/Ethnic Groups,Human Rights,Ideology/Single-Issue,Social Issues,crp,high,,
J7600,,Q10,Animal Rights,Misc Issues,Ideology/Single-Issue,Social Issues,crp,high,,
J7700,,Q09,Children's rights,Human Rights,Ideology/Single-Issue,Social Issues,crp,high,,
J8000,,Q10,"Labor, anti-union",Misc Issues,Ideology/Single-Issue,Social Issues,crp,high,,
J9000,,Q10,Other single-issue or ideological groups,Misc Issues,Ideology/Single-Issue,Social Issues,crp,high,,
J9100,,Q10,Term limits,Misc Issues,Ideology/Single-Issue,Social Issues,crp,high,,
JD100,,Q04,"Defense policy, hawks",Foreign & Defense Policy,Ideology/Single-Issue,Social Issues,crp,high,,
JD200,,Q04,"Defense policy, doves",Foreign & Defense Policy,Ideology/Single-Issue,Social Issues,crp,high,,
JE300,,Q11,Environmental policy,Environment,Ideology/Single-Issue,Social Issues,crp,high,,
JH100,,Q09,Health & welfare policy,Human Rights,Ideology/Single-Issue,Social Issues,crp,high,,
JW100,,Q10,Pro-resource development groups,Misc Issues,Ideology/Single-Issue,Social Issues,crp,high,,
LG200,,P05,Retail trade unions,Misc Unions,Labor,"Social Issues, Hospitality & Retail",crp,high,,
LG100,,P05,Food service & related unions,Misc Unions,Labor,"Social Issues, Agri-Food, Hospitality & Retail",crp,high,,
LA100,,P05,Agricultural labor unions,Misc Unions,Labor,"Social Issues, Agri-Food",crp,high,,
K2100,,K02,Registered Foreign Agents,Lobbyists,Lawyers & Lobbyists,Foreign Affairs,crp,high,,
L0000,,P05,Labor Unions,Misc Unions,Labor,Social Issues,crp,high,,
L1000,,P04,Civil service & government unions,Public Sector Unions,Labor,Social Issues,crp,high,,
L1100,,P04,Federal employees unions,Public Sector Unions,Labor,Social Issues,crp,high,,
L1200,,P04,State & local govt employee unions,Public Sector Unions,Labor,Social Issues,crp,high,,
L1300,,P04,Teachers unions,Public Sector Unions,Labor,Social Issues,crp,high,,
L1400,,P04,Police & firefighters unions & associations,Public Sector Unions,Labor,Social Issues,crp,high,,
L1500,,P04,US Postal Service unions & associations,Public Sector Unions,Labor,Social Issues,crp,high,,
L5000,,P05,Other unions,Misc Unions,Labor,Social Issues,crp,high,,
LC100,,P02,Communications & hi-tech unions,Industrial Unions,Labor,Social Issues,crp,high,,
LE100,,P02,Mining unions,Industrial Unions,Labor,Social Issues,crp,high,,
LG000,,P05,General commercial unions,Misc Unions,Labor,Social Issues,crp,high,,
LG300,,P05,Commercial service unions,Misc Unions,Labor,Social Issues,crp,high,,
LG400,,P05,Entertainment unions,Misc Unions,Labor,Social Issues,crp,high,,
LG500,,P05,Other commercial unions,Misc Unions,Labor,Social Issues,crp,high,,
LM100,,P02,Manufacturing unions,Industrial Unions,Labor,Social Issues,crp,high,,
LM150,,P02,Automotive Manufacturing union,Industrial Unions,Labor,Social Issues,crp,high,,
LT000,,P03,Transportation unions,Transportation Unions,Labor,Social Issues,crp,high,,
M0000,,N15,Manufacturing,Misc Manufacturing & Distributing,Misc Business,Manufacturing,crp,high,,
M1000,,N13,Chemicals,Chemical & Related Manufacturing,Misc Business,Manufacturing,crp,high,,
M1100,,N13,Explosives,Chemical & Related Manufacturing,Misc Business,Manufacturing,crp,high,,
M1300,,N13,Household cleansers & chemicals,Chemical & Related Manufacturing,Misc Business,Manufacturing,crp,high,,
M1400,,N15,Manmade fibers,Misc Manufacturing & Distributing,Misc Business,Manufacturing,crp,high,,
M1500,,N13,Plastics & Rubber processing & products,Chemical & Related Manufacturing,Misc Business,Manufacturing,crp,high,,
M1600,,N13,"Paints, Solvents & Coatings",Chemical & Related Manufacturing,Misc Business,Manufacturing,crp,high,,
M1700,,N13,Adhesives & Sealants,Chemical & Related Manufacturing,Misc Business,Manufacturing,crp,high,,
M2000,,N15,Heavy industrial manufacturing,Misc Manufacturing & Distributing,Misc Business,Manufacturing,crp,high,,
M2100,,N14,Steel,Steel Production,Misc Business,Manufacturing,crp,high,,
M2200,,N15,Smelting & non-petroleum refining,Misc Manufacturing & Distributing,Misc Business,Manufacturing,crp,high,,
M2250,,N15,Aluminum mining/processing,Misc Manufacturing & Distributing,Misc Business,Manufacturing,crp,high,,
M2300,,N15,Industrial/commercial equipment & materials,Misc Manufacturing & Distributing,Misc Business,Manufacturing,crp,high,,
M2400,,N15,"Recycling of metal, paper, plastics, etc.",Misc Manufacturing & Distributing,Misc Business,Manufacturing,crp,high,,
M3000,,N15,Personal products manufacturing,Misc Manufacturing & Distributing,Misc Business,Manufacturing,crp,high,,
M3100,,N15,Clothing & accessories,Misc Manufacturing & Distributing,Misc Business,Manufacturing,crp,high,,
M3200,,N15,Shoes & leather products,Misc Manufacturing & Distributing,Misc Business,Manufacturing,crp,high,,
M3300,,N15,Toiletries & cosmetics,Misc Manufacturing & Distributing,Misc Business,Manufacturing,crp,high,,
M3400,,N15,Jewelry,Misc Manufacturing & Distributing,Misc Business,Manufacturing,crp,high,,
F3300,,F09,Life insurance,Insurance,Finance/Insur/RealEst,Finance & Insurance,crp,high,,
F3400,,F09,Property & casualty insurance,Insurance,Finance/Insur/RealEst,Finance & Insurance,crp,high,,
F4000,,F10,Real estate,Real Estate,Finance/Insur/RealEst,Finance & Insurance,crp,high,,
F4100,,F10,Real Estate developers & subdividers,Real Estate,Finance/Insur/RealEst,Finance & Insurance,crp,high,,
M3500,,N15,Toys,Misc Manufacturing & Distributing,Misc Business,Manufacturing,crp,high,,
M3600,,N15,Sporting goods sales & manufacturing,Misc Manufacturing & Distributing,Misc Business,Manufacturing,crp,high,,
M4000,,N15,Household & office products,Misc Manufacturing & Distributing,Misc Business,Manufacturing,crp,high,,
M4100,,N15,Furniture & wood products,Misc Manufacturing & Distributing,Misc Business,Manufacturing,crp,high,,
M4200,,N15,Office machines,Misc Manufacturing & Distributing,Misc Business,Manufacturing,crp,high,,
M4300,,N15,Household appliances,Misc Manufacturing & Distributing,Misc Business,Manufacturing,crp,high,,
M5000,,N15,Fabricated metal products,Misc Manufacturing & Distributing,Misc Business,Manufacturing,crp,high,,
M5100,,N15,Hardware & tools,Misc Manufacturing & Distributing,Misc Business,Manufacturing,crp,high,,
M5200,,N15,"Electroplating, polishing & related services",Misc Manufacturing & Distributing,Misc Business,Manufacturing,crp,high,,
M5300,,N15,Small arms & ammunition,Misc Manufacturing & Distributing,Misc Business,Manufacturing,crp,high,,
M6000,,N15,Electrical lighting products,Misc Manufacturing & Distributing,Misc Business,Manufacturing,crp,high,,
M7000,,N15,"Paper, glass & packaging materials",Misc Manufacturing & Distributing,Misc Business,Manufacturing,crp,high,,
M7100,,N15,Paper packaging materials,Misc Manufacturing & Distributing,Misc Business,Manufacturing,crp,high,,
M7200,,N15,Glass products,Misc Manufacturing & Distributing,Misc Business,Manufacturing,crp,high,,
M7300,,N15,Metal cans & containers,Misc Manufacturing & Distributing,Misc Business,Manufacturing,crp,high,,
M8000,,N16,Textiles & fabrics,Textiles,Misc Business,Manufacturing,crp,high,,
M9000,,N15,Precision instruments,Misc Manufacturing & Distributing,Misc Business,Manufacturing,crp,high,,
M9100,,N15,Optical instruments & lenses,Misc Manufacturing & Distributing,Misc Business,Manufacturing,crp,high,,
M9200,,N15,Photographic equipment & supplies,Misc Manufacturing & Distributing,Misc Business,Manufacturing,crp,high,,
M9300,,N15,Clocks & watches,Misc Manufacturing & Distributing,Misc Business,Manufacturing,crp,high,,
T2000,,M02,"Automotive, Misc",Automotive,Transportation,Automotive,crp,high,,
T2100,,M02,Auto manufacturers,Automotive,Transportation,Automotive,crp,high,,
T2200,,M02,Truck/Automotive parts & accessories,Automotive,Transportation,Automotive,crp,high,,
T2300,,M02,"Auto dealers, new & used",Automotive,Transportation,Automotive,crp,high,,
T2310,,M02,"Auto dealers, foreign imports",Automotive,Transportation,Automotive,crp,high,,
T2400,,M02,Auto repair,Automotive,Transportation,Automotive,crp,high,,
T2500,,M02,Car rental agencies,Automotive,Transportation,Automotive,crp,high,,
F4200,,F10,Real estate agents,Real Estate,Finance/Insur/RealEst,Finance & Insurance,crp,high,,
F4300,,F10,Title insurance & title abstract offices,Real Estate,Finance/Insur/RealEst,Finance & Insurance,crp,high,,
F4400,,F10,Mobile home dealers & parks,Real Estate,Finance/Insur/RealEst,Finance & Insurance,crp,high,,
F4500,,F10,Building operators and managers,Real Estate,Finance/Insur/RealEst,Finance & Insurance,crp,high,,
X0000,,W07,Other,Other,Other,,crp,high,,
F4600,,F10,Mortgage bankers and brokers,Real Estate,Finance/Insur/RealEst,Finance & Insurance,crp,high,,
F4700,,F10,Other real estate services,Real Estate,Finance/Insur/RealEst,Finance & Insurance,crp,high,,
F5000,,F13,Financial services & consulting,Misc Finance,Finance/Insur/RealEst,Finance & Insurance,crp,high,,
F5100,,F11,Accountants,Accountants,Finance/Insur/RealEst,Finance & Insurance,crp,high,,
F5200,,F13,Credit reporting services & collection agencies,Misc Finance,Finance/Insur/RealEst,Finance & Insurance,crp,high,,
F5300,,F13,Tax return services,Misc Finance,Finance/Insur/RealEst,Finance & Insurance,crp,high,,
F5500,,F13,Other financial services,Misc Finance,Finance/Insur/RealEst,Finance & Insurance,crp,high,,
F7000,,F13,Investors,Misc Finance,Finance/Insur/RealEst,Finance & Insurance,crp,high,,
X9000,,W07,Foreign Governments,Other,Other,Foreign Affairs,crp,high,,
G6550,,N07,Indian Gaming,Casinos/Gambling,Misc Business,"Hospitality & Retail, Tribal Affairs",crp,high,,
X8000,,W07,International Organizations,Other,Other,,crp,high,,
Y0000,,Y00,Unknown,Unknown,Unknown,,crp,high,,
Y1000,,Y01,"Homemakers, students & other non-income earners",Homemakers/Non-income earners,Unknown,,crp,high,,
Y2000,,Y02,No employer listed or discovered,No Employer Listed or Found,Unknown,,crp,high,,
Y3000,,Y03,Generic occupation - impossible to assign category,Generic Occupation/Category Unknown,Unknown,,crp,high,,
Y4000,,Y04,Employer listed but category unknown,Employer Listed/Category Unknown,Unknown,,crp,high,,
H0000,,H05,"Health, Education & Human Resources",Misc Health,Health,Healthcare,crp,high,,
H1000,,H01,Health professionals,Health Professionals,Health,Healthcare,crp,high,,
H1100,,H01,Physicians,Health Professionals,Health,Healthcare,crp,high,,
H1110,,H01,Psychiatrists & psychologists,Health Professionals,Health,Healthcare,crp,high,,
H1120,,H01,Optometrists & Ophthalmologists,Health Professionals,Health,Healthcare,crp,high,,
H1130,,H01,Other physician specialists,Health Professionals,Health,Healthcare,crp,high,,
H1400,,H01,Dentists,Health Professionals,Health,Healthcare,crp,high,,
H1500,,H01,Chiropractors,Health Professionals,Health,Healthcare,crp,high,,
H1700,,H01,Other non-physician health practitioners,Health Professionals,Health,Healthcare,crp,high,,
H1710,,H01,Nurses,Health Professionals,Health,Healthcare,crp,high,,
H1750,,H01,Pharmacists,Health Professionals,Health,Healthcare,crp,high,,
H2000,,H02,Health care institutions,Hospitals/Nursing Homes,Health,Healthcare,crp,high,,
H2100,,H02,Hospitals,Hospitals/Nursing Homes,Health,Healthcare,crp,high,,
H2200,,H02,Nursing homes,Hospitals/Nursing Homes,Health,Healthcare,crp,high,,
H2300,,H02,Drug & alcohol treatment hospitals,Hospitals/Nursing Homes,Health,Healthcare,crp,high,,
Z9100,,Z08,Transfer between national party committees,Party Committee Transfer,Non-contribution,,crp,high,,
Z9500,,Z09,Transfer from intermediary (type 24I or 24T),Non-contribution,Non-contribution,,crp,high,,
Z9600,,Z09,"Non-Contribution, Miscellaneous",Non-contribution,Non-contribution,,crp,high,,
Z9700,,Z09,Unitemized (small) contributions,Non-contribution,Non-contribution,,crp,high,,
Z9800,,Z09,Public Funding,Non-contribution,Non-contribution,,crp,high,,
Z9999,,Z09,Internal Transfer and other non-contributions,Non-contribution,Non-contribution,,crp,high,,
A0000,,A11,Agriculture,Misc Agriculture,Agribusiness,Agri-Food,crp,high,,
A1000,,A01,Crop production & basic processing,Crop Production & Basic Processing,Agribusiness,Agri-Food,crp,high,,
A1100,,A01,Cotton,Crop Production & Basic Processing,Agribusiness,Agri-Food,crp,high,,
A1200,,A01,Sugar cane & sugar beets,Crop Production & Basic Processing,Agribusiness,Agri-Food,crp,high,,
A1300,,A02,Tobacco & Tobacco products,Tobacco,Agribusiness,Agri-Food,crp,high,,
A1400,,A01,"Vegetables, fruits and tree nut",Crop Production & Basic Processing,Agribusiness,Agri-Food,crp,high,,
A1500,,A01,"Wheat, corn, soybeans and cash grain",Crop Production & Basic Processing,Agribusiness,Agri-Food,crp,high,,
A1600,,A01,"Other commodities (incl rice, peanuts, honey)",Crop Production & Basic Processing,Agribusiness,Agri-Food,crp,high,,
A2000,,A04,Milk & dairy producers,Dairy,Agribusiness,Agri-Food,crp,high,,
A2300,,A05,Poultry & eggs,Poultry & Eggs,Agribusiness,Agri-Food,crp,high,,
A3000,,A06,Livestock,Livestock,Agribusiness,Agri-Food,crp,high,,
A3100,,A07,Animal feed & health products,Agricultural Services/Products,Agribusiness,Agri-Food,crp,high,,
A3200,,A06,Sheep and Wool Producers,Livestock,Agribusiness,Agri-Food,crp,high,,
A3300,,A06,Feedlots & related livestock services,Livestock,Agribusiness,Agri-Food,crp,high,,
A3500,,A06,Horse breeders,Livestock,Agribusiness,Agri-Food,crp,high,,
A4000,,A07,Agricultural services & related industries,Agricultural Services/Products,Agribusiness,Agri-Food,crp,high,,
A4100,,A07,Agricultural chemicals (fertilizers & pesticides),Agricultural Services/Products,Agribusiness,Agri-Food,crp,high,,
A4200,,A07,Farm machinery & equipment,Agricultural Services/Products,Agribusiness,Agri-Food,crp,high,,
A4300,,A07,Grain traders & terminals,Agricultural Services/Products,Agribusiness,Agri-Food,crp,high,,
A4500,,A07,Veterinarians,Agricultural Services/Products,Agribusiness,Agri-Food,crp,high,,
A5000,,A10,Forestry & Forest Products,Forestry & Forest Products,Agribusiness,Agri-Food,crp,high,,
A5200,,A10,Paper & pulp mills and paper manufacturing,Forestry & Forest Products,Agribusiness,Agri-Food,crp,high,,
A6000,,A07,Farm organizations & cooperatives,Agricultural Services/Products,Agribusiness,Agri-Food,crp,high,,
A6500,,A07,Farm bureaus,Agricultural Services/Products,Agribusiness,Agri-Food,crp,high,,
A8000,,A07,Florists & Nursery Services,Agricultural Services/Products,Agribusiness,Agri-Food,crp,high,,
C2700,,B02,Movie Theaters,TV/Movies/Music,Communic/Electronics,Hospitality & Retail,crp,high,,
C2800,,B02,"Bands, orchestras & other live music production",TV/Movies/Music,Communic/Electronics,Hospitality & Retail,crp,high,,
C2900,,B02,Live theater & other entertainment productions,TV/Movies/Music,Communic/Electronics,Hospitality & Retail,crp,high,,
G0000,,N12,General commerce,Misc Business,Misc Business,Hospitality & Retail,crp,high,,
G1000,,N00,General business associations,Business Associations,Misc Business,Hospitality & Retail,crp,high,,
G1100,,N00,Chambers of commerce,Business Associations,Misc Business,Hospitality & Retail,crp,high,,
G1200,,N00,Small business associations,Business Associations,Misc Business,Hospitality & Retail,crp,high,,
G1300,,N00,Pro-business associations,Business Associations,Misc Business,Hospitality & Retail,crp,high,,
G1310,,N00,Business tax coalitions,Business Associations,Misc Business,Hospitality & Retail,crp,high,,
G1400,,N00,International trade associations,Business Associations,Misc Business,Hospitality & Retail,crp,high,,
G2000,,A09,Food & Beverage Products and Services,Food Processing & Sales,Agribusiness,Agri-Food,crp,high,,
G2100,,A09,Food and kindred products manufacturing,Food Processing & Sales,Agribusiness,Agri-Food,crp,high,,
H3000,,H03,Health care services,Health Services/HMOs,Health,Healthcare,crp,high,,
H3100,,H03,Home care services,Health Services/HMOs,Health,Healthcare,crp,high,,
H3200,,H03,Outpatient health services (incl drug & alcohol),Health Services/HMOs,Health,Healthcare,crp,high,,
H3300,,H03,Optical services (glasses & contact lenses),Health Services/HMOs,Health,Healthcare,crp,high,,
G2110,,N01,Artificial sweeteners and food additives,Food & Beverage,Misc Business,Agri-Food,crp,high,,
G2200,,N01,Confectionery processors & manufacturers,Food & Beverage,Misc Business,Agri-Food,crp,high,,
G2300,,A09,Meat processing & products,Food Processing & Sales,Agribusiness,Agri-Food,crp,high,,
G2350,,N01,Fish Processing,Food & Beverage,Misc Business,Agri-Food,crp,high,,
G2400,,A09,Food stores,Food Processing & Sales,Agribusiness,Agri-Food,crp,high,,
G2500,,A09,Food wholesalers,Food Processing & Sales,Agribusiness,Agri-Food,crp,high,,
G2600,,N01,Beverages (non-alcoholic),Food & Beverage,Misc Business,Agri-Food,crp,high,,
G2700,,N01,Beverage bottling & distribution,Food & Beverage,Misc Business,Agri-Food,crp,high,,
G2800,,N02,Alcohol,"Beer, Wine & Liquor",Misc Business,Agri-Food,crp,high,,
G2810,,N02,Beer,"Beer, Wine & Liquor",Misc Business,Agri-Food,crp,high,,
G2820,,N02,Wine & distilled spirits manufacturing,"Beer, Wine & Liquor",Misc Business,Agri-Food,crp,high,,
G2840,,N02,Liquor stores,"Beer, Wine & Liquor",Misc Business,Agri-Food,crp,high,,
G2850,,N02,Liquor wholesalers,"Beer, Wine & Liquor",Misc Business,Agri-Food,crp,high,,
G2860,,N09,"Marijuana Production, Sales & Paraphernalia",Marijuana,Misc Business,Agri-Food,crp,high,,
G3000,,N12,Wholesale trade,Misc Business,Misc Business,Hospitality & Retail,crp,high,,
G3500,,N12,Import/Export services,Misc Business,Misc Business,Hospitality & Retail,crp,high,,
G4000,,N03,Retail trade,Retail Sales,Misc Business,Hospitality & Retail,crp,high,,
G4100,,N03,Apparel & accessory stores,Retail Sales,Misc Business,Hospitality & Retail,crp,high,,
G4200,,N03,Consumer electronics & computer stores,Retail Sales,Misc Business,Hospitality & Retail,crp,high,,
G4300,,N03,"Department, variety & convenience stores",Retail Sales,Misc Business,Hospitality & Retail,crp,high,,
G4400,,N03,Furniture & appliance stores,Retail Sales,Misc Business,Hospitality & Retail,crp,high,,
G4500,,N03,Hardware & building materials stores,Retail Sales,Misc Business,Hospitality & Retail,crp,high,,
G4600,,N03,Miscellaneous retail stores,Retail Sales,Misc Business,Hospitality & Retail,crp,high,,
G4700,,N03,Catalog & mail order houses,Retail Sales,Misc Business,Hospitality & Retail,crp,high,,
G4800,,N03,Direct sales,Retail Sales,Misc Business,Hospitality & Retail,crp,high,,
G4850,,N03,Vending Machine Sales & Services,Retail Sales,Misc Business,Hospitality & Retail,crp,high,,
G4900,,N03,Drug stores,Retail Sales,Misc Business,Hospitality & Retail,crp,high,,
G5000,,N04,Services,Misc Services,Misc Business,Hospitality & Retail,crp,high,,
G5100,,N04,Beauty & barber shops,Misc Services,Misc Business,Hospitality & Retail,crp,high,,
G5800,,N04,Physical fitness centers,Misc Services,Misc Business,Hospitality & Retail,crp,high,,
G6000,,N06,Recreation/Entertainment,Recreation/Live Entertainment,Misc Business,Hospitality & Retail,crp,high,,
G6100,,N06,Amusement/recreation centers,Recreation/Live Entertainment,Misc Business,Hospitality & Retail,crp,high,,
G6400,,N06,"Professional sports, arenas & related equip & svcs",Recreation/Live Entertainment,Misc Business,Hospitality & Retail,crp,high,,
G6500,,N07,"Casinos, racetracks & gambling",Casinos/Gambling,Misc Business,Hospitality & Retail,crp,high,,
G6700,,N06,Amusement parks,Recreation/Live Entertainment,Misc Business,Hospitality & Retail,crp,high,,
G6800,,N04,Video rental,Misc Services,Misc Business,Hospitality & Retail,crp,high,,
G7000,,N12,Correctional facilities constr & mgmt/for-profit,Misc Business,Misc Business,Hospitality & Retail,crp,high,,
T9000,,N08,Lodging & tourism,Lodging/Tourism,Misc Business,Hospitality & Retail,crp,high,,
T9100,,N08,Hotels & motels,Lodging/Tourism,Misc Business,Hospitality & Retail,crp,high,,
T9300,,N08,Resorts,Lodging/Tourism,Misc Business,Hospitality & Retail,crp,high,,
T9400,,N08,Travel agents,Lodging/Tourism,Misc Business,Hospitality & Retail,crp,high,,
H3400,,H03,Medical laboratories,Health Services/HMOs,Health,Healthcare,crp,high,,
H3500,,H03,AIDS treatment & testing,Health Services/HMOs,Health,Healthcare,crp,high,,
H3700,,H03,HMOs,Health Services/HMOs,Health,Healthcare,crp,high,,
H3800,,H03,Mental Health Services,Health Services/HMOs,Health,Healthcare,crp,high,,
H3900,,H03,Health care Consultants,Health Services/HMOs,Health,Healthcare,crp,high,,
H4000,,H04,Health care products,Pharmaceuticals/Health Products,Health,Healthcare,crp,high,,
H4100,,H04,Medical Devices & Supplies,Pharmaceuticals/Health Products,Health,Healthcare,crp,high,,
H4200,,H04,Personal health care products,Pharmaceuticals/Health Products,Health,Healthcare,crp,high,,
H4300,,H04,Pharmaceutical manufacturing,Pharmaceuticals/Health Products,Health,Healthcare,crp,high,,
H4400,,H04,Pharmaceutical wholesale,Pharmaceuticals/Health Products,Health,Healthcare,crp,high,,
H4500,,H04,Biotech products & research,Pharmaceuticals/Health Products,Health,Healthcare,crp,high,,
H4600,,H04,Nutritional & dietary supplements,Pharmaceuticals/Health Products,Health,Healthcare,crp,high,,
H4700,,H04,Pharmaceutical cannabis,Pharmaceuticals/Health Products,Health,Healthcare,crp,high,,
J1100,,Q01,Republican/Conservative,Republican/Conservative,Ideology/Single-Issue,,crp,high,,
J1110,,Q01,Christian Conservative,Republican/Conservative,Ideology/Single-Issue,,crp,high,,
J1200,,Q02,Democratic/Liberal,Democratic/Liberal,Ideology/Single-Issue,,crp,high,,
J1300,,Q10,Third-party committees,Misc Issues,Ideology/Single-Issue,,crp,high,,
J2000,,Q03,Leadership committees,Leadership PACs,Ideology/Single-Issue,,crp,high,,
J2100,,Q03,Democratic leadership PAC,Leadership PACs,Ideology/Single-Issue,,crp,high,,
J2200,,Q03,Republican leadership PAC,Leadership PACs,Ideology/Single-Issue,,crp,high,,
J2300,,Q03,"Democratic officials, candidates & former members",Leadership PACs,Ideology/Single-Issue,,crp,high,,
J2400,,Q03,"Republican officials, candidates & former members",Leadership PACs,Ideology/Single-Issue,,crp,high,,
J2500,,Q03,Non-Federal candidate committees,Leadership PACs,Ideology/Single-Issue,,crp,high,,
J7510,,Q09,Native American Tribes,Human Rights,Ideology/Single-Issue,Tribal Affairs,crp,high,,
K0000,,K01,Legal Services,Lawyers/Law Firms,Lawyers & Lobbyists,,crp,high,,
K1000,,K01,Attorneys & law firms,Lawyers/Law Firms,Lawyers & Lobbyists,,crp,high,,
K1100,,K01,Trial lawyers & law firms,Lawyers/Law Firms,Lawyers & Lobbyists,,crp,high,,
K1200,,K01,Corporate lawyers & law firms,Lawyers/Law Firms,Lawyers & Lobbyists,,crp,high,,
K2000,,K02,Lobbyists & Public Relations,Lobbyists,Lawyers & Lobbyists,,crp,high,,
LB100,,P01,Building trades unions,Building Trade Unions,Labor,"Social Issues, Construction & Housing",crp,high,,
LC150,,P02,IBEW (Intl Brotherhood of Electrical Workers),Industrial Unions,Labor,"Social Issues, Utilities & Power",crp,high,,
LD100,,P05,Defense-related unions,Misc Unions,Labor,"Social Issues, Defense",crp,high,,
LE200,,P02,Energy-related unions (non-mining),Industrial Unions,Labor,"Social Issues, Utilities & Power",crp,high,,
LH100,,P05,Health worker unions,Misc Unions,Labor,"Social Issues, Healthcare",crp,high,,
LT100,,P03,Air transport unions,Transportation Unions,Labor,"Social Issues, Freight & Transport",crp,high,,
LT300,,P03,Teamsters union,Transportation Unions,Labor,"Social Issues, Freight & Transport",crp,high,,
LT400,,P03,Railroad unions,Transportation Unions,Labor,"Social Issues, Freight & Transport",crp,high,,
LT500,,P03,Merchant marine & longshoremen unions,Transportation Unions,Labor,"Social Issues, Freight & Transport",crp,high,,
LT600,,P03,Other transportation unions,Transportation Unions,Labor,"Social Issues, Freight & Transport",crp,high,,
T0000,,M06,Transportation,Misc Transport,Transportation,Freight & Transport,crp,high,,
T1000,,M01,Air transport,Air Transport,Transportation,Freight & Transport,crp,high,,
T1100,,M01,Airlines,Air Transport,Transportation,Freight & Transport,crp,high,,
T1200,,M01,Aircraft manufacturers,Air Transport,Transportation,Freight & Transport,crp,high,,
T1300,,M01,Aircraft parts & equipment,Air Transport,Transportation,Freight & Transport,crp,high,,
T1400,,M01,General aviation (private pilots),Air Transport,Transportation,Freight & Transport,crp,high,,
T1500,,M01,Air freight,Air Transport,Transportation,Freight & Transport,crp,high,,
T1600,,M01,Aviation services & airports,Air Transport,Transportation,Freight & Transport,crp,high,,
T1700,,M01,Space vehicles & components,Air Transport,Transportation,Freight & Transport,crp,high,,
T3000,,M03,Trucking,Trucking,Transportation,Freight & Transport,crp,high,,
T3100,,M03,Trucking companies & services,Trucking,Transportation,Freight & Transport,crp,high,,
T3200,,M03,Truck & trailer manufacturers,Trucking,Transportation,Freight & Transport,crp,high,,
T4000,,M06,Buses & Taxis,Misc Transport,Transportation,Freight & Transport,crp,high,,
T4100,,M06,Bus services,Misc Transport,Transportation,Freight & Transport,crp,high,,
T4200,,M06,Taxicabs,Misc Transport,Transportation,Freight & Transport,crp,high,,
T5000,,M04,Railroad transportation,Railroads,Transportation,Freight & Transport,crp,high,,
T5100,,M04,Railroads,Railroads,Transportation,Freight & Transport,crp,high,,
T5200,,M04,Manufacturers of railroad equipment,Railroads,Transportation,Freight & Transport,crp,high,,
T5300,,M04,Railroad services,Railroads,Transportation,Freight & Transport,crp,high,,
T6000,,M05,Sea transport,Sea Transport,Transportation,Freight & Transport,crp,high,,
T6100,,M05,Ship building & repair,Sea Transport,Transportation,Freight & Transport,crp,high,,
T6200,,M05,Sea freight & passenger services,Sea Transport,Transportation,Freight & Transport,crp,high,,
T6250,,M05,Cruise ships & lines,Sea Transport,Transportation,Freight & Transport,crp,high,,
T7000,,M06,Freight & delivery services,Misc Transport,Transportation,Freight & Transport,crp,high,,
T7100,,M01,Express delivery services,Air Transport,Transportation,Freight & Transport,crp,high,,
T7200,,N12,Warehousing,Misc Business,Misc Business,Freight & Transport,crp,high,,
T8000,,M06,Recreational transport,Misc Transport,Transportation,Freight & Transport,crp,high,,
T8100,,M06,"Motorcycles, snowmobiles & other motorized vehicle",Misc Transport,Transportation,Freight & Transport,crp,high,,
T8200,,M06,Motor homes & camper trailers,Misc Transport,Transportation,Freight & Transport,crp,high,,
T8300,,M06,Pleasure boats,Misc Transport,Transportation,Freight & Transport,crp,high,,
T8400,,M06,Bicycles & other non-motorized recreational transp,Misc Transport,Transportation,Freight & Transport,crp,high,,
X1200,,W06,Retired,Retired,Other,,crp,high,,
X3000,,W03,Civil servant/public employee,Civil Servants/Public Officials,Other,,crp,high,,
X3100,,W03,Public official (elected or appointed),Civil Servants/Public Officials,Other,,crp,high,,
X3200,,W03,Courts & Justice System,Civil Servants/Public Officials,Other,,crp,high,,
X3300,,W03,Municipal & county government organizations,Civil Servants/Public Officials,Other,,crp,high,,
X3500,,W04,"Public school teachers, administrators & officials",Education,Other,,crp,high,,
X3700,,W03,US Postal Service,Civil Servants/Public Officials,Other,,crp,high,,
X4000,,W02,Non-Profits,Non-Profit Institutions,Other,,crp,high,,
X4100,,W02,Non-profit foundations,Non-Profit Institutions,Other,,crp,high,,
X4110,,W02,Philanthropists,Non-Profit Institutions,Other,,crp,high,,
X4200,,W02,"Museums, art galleries, libraries, etc.",Non-Profit Institutions,Other,,crp,high,,
X5000,,W07,Military,Other,Other,,crp,high,,
X7000,,W05,"Churches, clergy & religious organizations",Clergy & Religious Organizations,Other,,crp,high,,
Z1000,,Q16,Candidate Committees,Candidate Committees,Ideology/Single-Issue,,crp,high,,
Z1100,,Q16,Republican Candidate Committees,Candidate Committees,Ideology/Single-Issue,,crp,high,,
Z1200,,Q16,Democratic Candidate Committees,Candidate Committees,Ideology/Single-Issue,,crp,high,,
Z1300,,Q16,Third-Party Candidate Committees,Candidate Committees,Ideology/Single-Issue,,crp,high,,
Z1400,,Q16,Unknown-Party Candidate Committees,Candidate Committees,Ideology/Single-Issue,,crp,high,,
Z4100,,Z04,Republican Joint Candidate Committee,Joint Candidate Cmte,Joint Candidate Cmtes,,crp,high,,
Z4200,,Z04,Democratic Joint Candidate Committee,Joint Candidate Cmte,Joint Candidate Cmtes,,crp,high,,
Z4300,,Z04,Third-Party Joint Candidate Committee,Joint Candidate Cmte,Joint Candidate Cmtes,,crp,high,,
Z4400,,Z04,Liberal Non-party Joint Fundraising Committee,Joint Candidate Cmte,Joint Candidate Cmtes,,crp,high,,
Z4500,,Z04,Conservative Non-party Joint Fundraising Committee,Joint Candidate Cmte,Joint Candidate Cmtes,,crp,high,,
Z5000,,Z02,Party Committees,Party Committees,Party Cmte,,crp,high,,
Z5100,,Z02,Republican Party Committees,Party Committees,Party Cmte,,crp,high,,
Z5200,,Z02,Democratic Party Committees,Party Committees,Party Cmte,,crp,high,,
Z5300,,Z02,Third-Party Party Committees,Party Committees,Party Cmte,,crp,high,,
Z9000,,Z07,Candidate contribution to his/her own campaign,Candidate Self-finance,Candidate,,crp,high,,
,C00452755,,HORIZON WIND ENERGY LLC PAC,Electric Utilities,Energy/Nat Resource,Utilities & Power,llm_inferred,high,"HORIZON WIND ENERGY LLC is a wind energy company, which is part of the electric utilities sector.",gpt-4.1
,C00453563,,MISSOURI RENEWABLE FUELS ASSOCIATION FEDERAL PAC,Misc Energy,Energy/Nat Resource,Oil & Gas,llm_inferred,high,"MISSOURI RENEWABLE FUELS ASSOCIATION is a trade group for renewable fuels, which CRP places under Misc Energy (Oil & Gas newsletter).",gpt-4.1
,C00454850,,"LITTLE SIOUX CORN PROCESSORS PAC, LSCP PAC",Misc Energy,Energy/Nat Resource,Oil & Gas,llm_inferred,high,"LITTLE SIOUX CORN PROCESSORS is an ethanol producer, which CRP places under Misc Energy (Oil & Gas newsletter).",gpt-4.1
,C00455048,,ABSOLUTE ENERGY PAC,Misc Energy,Energy/Nat Resource,Oil & Gas,llm_inferred,high,"ABSOLUTE ENERGY is an ethanol company, which CRP places under Misc Energy (Oil & Gas newsletter).",gpt-4.1
,C00455626,,LINCOLNWAY ENERGY LLC PAC,Misc Energy,Energy/Nat Resource,Oil & Gas,llm_inferred,high,"LINCOLNWAY ENERGY LLC is an ethanol company, which CRP places under Misc Energy (Oil & Gas newsletter).",gpt-4.1
,C00456277,,WESTERN DUBUQUE BIODIESEL PAC,Misc Energy,Energy/Nat Resource,Oil & Gas,llm_inferred,high,"WESTERN DUBUQUE BIODIESEL is a biodiesel company, which CRP places under Misc Energy (Oil & Gas newsletter).",gpt-4.1
,C00475665,,GROWTH ENERGY PAC,Misc Energy,Energy/Nat Resource,Oil & Gas,llm_inferred,high,"GROWTH ENERGY is a major ethanol/biofuels trade association, which CRP places under Misc Energy (Oil & Gas newsletter).",gpt-4.1
,C00478404,,BRIDGEPOINT EDUCATION INC. PAC,Education,Other,Higher Ed,llm_inferred,high,BRIDGEPOINT EDUCATION INC. is a for-profit higher education company.,gpt-4.1
,C00484592,,NATIONAL BIODIESEL BOARD POLITICAL ACTION COMMITTEE,Misc Energy,Energy/Nat Resource,Oil & Gas,llm_inferred,high,"NATIONAL BIODIESEL BOARD is the main biodiesel trade association, which CRP places under Misc Energy (Oil & Gas newsletter).",gpt-4.1
,C00487769,,SOUTHWEST IOWA RENEWABLE ENERGY LLC PAC - SIRE PAC,Misc Energy,Energy/Nat Resource,Oil & Gas,llm_inferred,high,"SOUTHWEST IOWA RENEWABLE ENERGY is an ethanol company, which CRP places under Misc Energy (Oil & Gas newsletter).",gpt-4.1
,C00489302,,SUNRUN INC POLITICAL ACTION COMMITTEE (SUNRUN PAC),Electric Utilities,Energy/Nat Resource,Utilities & Power,llm_inferred,high,"SUNRUN INC is a solar energy company, which CRP places under Electric Utilities (Utilities & Power newsletter).",gpt-4.1
,C00489534,,FIRST SOLAR INC POLITICAL ACTION COMMITTEE,Electric Utilities,Energy/Nat Resource,Utilities & Power,llm_inferred,high,"FIRST SOLAR INC is a solar energy company, which CRP places under Electric Utilities (Utilities & Power newsletter).",gpt-4.1
,C00518910,,RENEWABLE FUELS ASSOCIATION PAC (RENEWABLE FUELS PAC),Misc Energy,Energy/Nat Resource,Oil & Gas,llm_inferred,high,"RENEWABLE FUELS ASSOCIATION is a major ethanol/biofuels trade association, which CRP places under Misc Energy (Oil & Gas newsletter).",gpt-4.1
,C00544932,,PORT AUTHORITY POLICE BENEVOLENT ASSOC INC POLITICAL ACTION COMMITTEE INC AKA PAPBA PAC,Misc Unions,Labor,,llm_inferred,high,"PORT AUTHORITY POLICE BENEVOLENT ASSOC is a public safety union, not an industry PAC.",gpt-4.1
,C00548198,,ELECTRONIC TRANSACTIONS ASSOCIATION POLITICAL ACTION COMMITTEE,Finance/Credit Companies,Finance/Insur/RealEst,Finance & Insurance,llm_inferred,high,"ELECTRONIC TRANSACTIONS ASSOCIATION is a trade group for payment processors, which CRP places under Finance/Credit Companies.",gpt-4.1
,C00567412,,CHAMBER OF DIGITAL COMMERCE POLITICAL ACTION COMMITTEE,Crypto,Crypto,Finance & Insurance,llm_inferred,high,CHAMBER OF DIGITAL COMMERCE is a trade group for the crypto/blockchain industry.,gpt-4.1
,C00571109,,COMMITTEE FOR BUILDING A STRONGER ECONOMY,Joint Candidate Cmte,Joint Candidate Cmtes,,llm_inferred,low,"COMMITTEE FOR BUILDING A STRONGER ECONOMY is a joint fundraising committee, not an industry PAC.",gpt-4.1
,C00571331,,ALUMINUM ASSOCIATION POLITICAL ACTION COMMITTEE ALUMINUM PAC; THE,Misc Manufacturing & Distributing,Misc Business,Manufacturing,llm_inferred,high,ALUMINUM ASSOCIATION is a trade group for aluminum manufacturers.,gpt-4.1
,C00572735,,FRATERNAL ORDER OF POLICE LODGE 123 INC FEDERAL PAC,Misc Unions,Labor,,llm_inferred,high,"FRATERNAL ORDER OF POLICE is a public safety union, not an industry PAC.",gpt-4.1
,C00583336,,FIRST DATA CORPORATION POLITICAL ACTION COMMITTEE FIRST DATA PAC,Finance/Credit Companies,Finance/Insur/RealEst,Finance & Insurance,llm_inferred,high,"FIRST DATA CORPORATION is a payment processing company, which CRP places under Finance/Credit Companies.",gpt-4.1
,C00622357,,ACTION COMMITTEE FOR RURAL ELECTRIFICATION,Electric Utilities,Energy/Nat Resource,Utilities & Power,llm_inferred,high,ACTION COMMITTEE FOR RURAL ELECTRIFICATION is the PAC of the National Rural Electric Cooperative Association.,gpt-4.1
,C00629410,,CYPRESS SOLAR PAC,Electric Utilities,Energy/Nat Resource,Utilities & Power,llm_inferred,high,"CYPRESS SOLAR PAC is for a solar energy company, which CRP places under Electric Utilities (Utilities & Power newsletter).",gpt-4.1
,C00629998,,JENNI ACHIEVING GOALS & OPPORTUNITIES - JGO LPAC,Misc Issues,Ideology/Single-Issue,,llm_inferred,low,JENNI ACHIEVING GOALS & OPPORTUNITIES is an opaque name with no clear industry connection.,gpt-4.1
,C00632588,,8MINUTENERGY RENEWABLES LLC PAC,Electric Utilities,Energy/Nat Resource,Utilities & Power,llm_inferred,high,"8MINUTENERGY RENEWABLES LLC is a solar/wind energy company, which CRP places under Electric Utilities (Utilities & Power newsletter).",gpt-4.1
,C00638635,,HARDWORKING AMERICANS,Misc Issues,Other,,llm_inferred,low,HARDWORKING AMERICANS is an opaque name with no clear industry connection.,gpt-4.1
,C00646992,,WORLD ENERGY PAC,Misc Energy,Energy/Nat Resource,Utilities & Power,llm_inferred,high,Name 'WORLD ENERGY PAC' suggests representation of the energy industry broadly.,gpt-4.1
,C00654905,,YOLANDA BROWN FOR CONGRESS,Candidate Committees,Candidate,,llm_inferred,high,Name is a candidate committee for Yolanda Brown.,gpt-4.1
,C00658831,,SIOUXLAND ETHANOL LLC PAC,Misc Energy,Energy/Nat Resource,Utilities & Power,llm_inferred,high,"Name 'SIOUXLAND ETHANOL LLC PAC' identifies an ethanol producer, part of energy sector.",gpt-4.1
,C00660621,,PALMER FOR 2ND DISTRICT TEXAS CONGRESS,Candidate Committees,Candidate,,llm_inferred,high,Name is a candidate committee for Palmer.,gpt-4.1
,C00671271,,CAREY FOR CONGRESS,Candidate Committees,Candidate,,llm_inferred,high,Name is a candidate committee for Carey.,gpt-4.1
,C00677757,,COALITION FOR RENEWABLE NATURAL GAS POLITICAL ACTION COMMITTEE (D/B/A RNG PAC),Misc Energy,Energy/Nat Resource,Utilities & Power,llm_inferred,high,Name 'COALITION FOR RENEWABLE NATURAL GAS PAC' identifies a renewable energy trade group.,gpt-4.1
,C00679902,,RECURRENT ENERGY GROUP INC. POLITICAL ACTION COMMITTEE (AKA RECURRENT ENERGY POLITICAL ACTION COMMITTEE),Misc Energy,Energy/Nat Resource,Utilities & Power,llm_inferred,high,Name 'RECURRENT ENERGY GROUP INC.' identifies a solar energy company.,gpt-4.1
,C00691618,,THE SURETY & FIDELITY ASSOCIATION OF AMERICA POLITICAL ACTION COMMITTEE,Insurance,Finance/Insur/RealEst,Finance & Insurance,llm_inferred,high,Name 'SURETY & FIDELITY ASSOCIATION OF AMERICA' is a trade association for insurance.,gpt-4.1
,C00695734,,FLORIDA DEMOCRATIC PARTY,Party Committees,Party Cmte,,llm_inferred,high,Name is a state party committee.,gpt-4.1
,C00714725,,ACT BLUE,Misc Business,Misc Business,,llm_inferred,medium,"ACT BLUE is a fundraising platform, not an industry PAC.",gpt-4.1
,C00738864,,"BORREGO SOLAR SYSTEMS, INC. POLITICAL ACTION COMMITTEE",Misc Energy,Energy/Nat Resource,Utilities & Power,llm_inferred,high,"Name 'BORREGO SOLAR SYSTEMS, INC.' identifies a solar energy company.",gpt-4.1
,C00741512,,NICHOLAS ALSAGER FOR SENATE,Candidate Committees,Candidate,,llm_inferred,high,Name is a candidate committee for Nicholas Alsager.,gpt-4.1
,C00742957,,KLEIN FOR PRESIDENT OF UNITED STATES OF AMERICA,Candidate Committees,Candidate,,llm_inferred,high,Name is a candidate committee for Klein.,gpt-4.1
,C00743823,,"LYFT, INC. FEDERAL EMPLOYEE POLITICAL ACTION COMMITTEE",Misc Business,Misc Business,Freight & Transport,llm_inferred,high,"Name 'LYFT, INC.' identifies a transportation network company.",gpt-4.1
,C00752758,,TTM TECHNOLOGIES INC PAC,Electronics Mfg & Equip,Communic/Electronics,ICT & Cybersecurity,llm_inferred,high,Name 'TTM TECHNOLOGIES INC' identifies an electronics manufacturer.,gpt-4.1
,C00761858,,RWE RENEWABLES SERVICES LLC PAC,Misc Energy,Energy/Nat Resource,Utilities & Power,llm_inferred,high,Name 'RWE RENEWABLES SERVICES LLC' identifies a renewable energy company.,gpt-4.1
,C00765404,,DANIEL FOR CALIFORNIA'S 26TH,Candidate Committees,Candidate,,llm_inferred,high,Name is a candidate committee for Daniel.,gpt-4.1
,C00768739,,CAMBRIA COUNTY DEMOCRATIC COMMITTEE,Party Committees,Party Cmte,,llm_inferred,high,Name is a county party committee.,gpt-4.1
,C00794750,,SUNNOVA ENERGY CORPORATION PAC,Misc Energy,Energy/Nat Resource,Utilities & Power,llm_inferred,high,Name 'SUNNOVA ENERGY CORPORATION' identifies a solar energy company.,gpt-4.1
,C00796649,,GREGG MELE FOR AMERICA,Candidate Committees,Candidate,,llm_inferred,high,Name is a candidate committee for Gregg Mele.,gpt-4.1
,C00799528,,PROTECT OUR KIDS PAC,Misc Issues,Ideology/Single-Issue,,llm_inferred,low,Name 'PROTECT OUR KIDS PAC' is generic and does not identify an industry.,gpt-4.1
,C00799833,,CALKINS4CONGRESS,Candidate Committees,Candidate,,llm_inferred,high,Name is a candidate committee for Calkins.,gpt-4.1
,C00803585,,BETTER ORGANIZING TO WIN LEGALIZATION POLITICAL ACTION COMMITTEE (BOWL PAC),Marijuana,Misc Business,Hospitality & Retail,llm_inferred,medium,Name 'BOWL PAC' and 'Legalization' suggest marijuana industry advocacy.,gpt-4.1
,C00804179,,"COINBASE, INC. INNOVATION PAC (COINBASE INNOVATION PAC)",Crypto,Crypto,ICT & Cybersecurity,llm_inferred,high,"Name 'COINBASE, INC.' identifies a cryptocurrency company.",gpt-4.1
,C00812651,,STEVE WILLIAMS FOR CONGRESS,Candidate Committees,Candidate,,llm_inferred,high,Name is a candidate committee for Steve Williams.,gpt-4.1
,C00816728,,"MARQUIS MANAGEMENT, INC. PAC (MARQUIS PAC)",Business Services,Misc Business,Hospitality & Retail,llm_inferred,high,"The committee is sponsored by Marquis Management, Inc., a company whose name indicates a commercial business likely in hospitality or property management.",gpt-4.1
,C00818807,,REAGAN BOX US SENATE 2026,Candidate Committees,Candidate,,llm_inferred,high,"The committee name is for a US Senate candidate, which is always a candidate committee.",gpt-4.1
,C00820167,,"DOORDASH, INC. POLITICAL ACTION COMMITTEE (DASHPAC)",Business Services,Misc Business,Hospitality & Retail,llm_inferred,high,"The committee is sponsored by DoorDash, Inc., a well-known company in food delivery and retail services.",gpt-4.1
,C00824896,,BLOCKCHAIN ASSOCIATION POLITICAL ACTION COMMITTEE (BA PAC),Internet,Communic/Electronics,ICT & Cybersecurity,llm_inferred,high,"The committee is sponsored by the Blockchain Association, a trade group for the blockchain/crypto industry.",gpt-4.1
,C00826800,,PROFESSIONAL FIREFIGHTERS FOR ARIZONA,Industrial Unions,Labor,,llm_inferred,high,"The committee name indicates it is a labor union for professional firefighters, which is not tied to a commercial industry newsletter.",gpt-4.1
,C00827964,,MCKAY FOR SENATE INC,Candidate Committees,Candidate,,llm_inferred,high,"The committee name is for a US Senate candidate, which is always a candidate committee.",gpt-4.1
,C00828046,,TRAVIS FOR CONGRESS,Candidate Committees,Candidate,,llm_inferred,high,"The committee name is for a congressional candidate, which is always a candidate committee.",gpt-4.1
,C00828392,,WEAVER FOR U.S. SENATE,Candidate Committees,Candidate,,llm_inferred,high,"The committee name is for a US Senate candidate, which is always a candidate committee.",gpt-4.1
,C00829390,,AZ SENATE REPUBLICAN NOMINEE FUND 2024,Party Committees,Party Cmte,,llm_inferred,high,The committee name indicates it is a Republican party nominee fund for the Arizona Senate.,gpt-4.1
,C00829416,,IN SENATE REPUBLICAN NOMINEE FUND 2024,Party Committees,Party Cmte,,llm_inferred,high,The committee name indicates it is a Republican party nominee fund for the Indiana Senate.,gpt-4.1
,C00829457,,MI SENATE REPUBLICAN NOMINEE FUND 2024,Party Committees,Party Cmte,,llm_inferred,high,The committee name indicates it is a Republican party nominee fund for the Michigan Senate.,gpt-4.1
,C00829465,,MT SENATE REPUBLICAN NOMINEE FUND 2024,Party Committees,Party Cmte,,llm_inferred,high,The committee name indicates it is a Republican party nominee fund for the Montana Senate.,gpt-4.1
,C00829481,,NV SENATE REPUBLICAN NOMINEE FUND 2024,Party Committees,Party Cmte,,llm_inferred,high,The committee name indicates it is a Republican party nominee fund for the Nevada Senate.,gpt-4.1
,C00829499,,OH SENATE REPUBLICAN NOMINEE FUND 2024,Party Committees,Party Cmte,,llm_inferred,high,The committee name indicates it is a Republican party nominee fund for the Ohio Senate.,gpt-4.1
,C00829515,,PA SENATE REPUBLICAN NOMINEE FUND 2024,Party Committees,Party Cmte,,llm_inferred,high,The committee name indicates it is a Republican party nominee fund for the Pennsylvania Senate.,gpt-4.1
,C00829523,,WI SENATE REPUBLICAN NOMINEE FUND 2024,Party Committees,Party Cmte,,llm_inferred,high,The committee name indicates it is a Republican party nominee fund for the Wisconsin Senate.,gpt-4.1
,C00829614,,SHALIEK TARPLEY FOR CONGRESS,Candidate Committees,Candidate,,llm_inferred,high,"The committee name is for a congressional candidate, which is always a candidate committee.",gpt-4.1
,C00830422,,VOTE GREG WHEELER,Candidate Committees,Candidate,,llm_inferred,high,"The committee name is for a congressional candidate, which is always a candidate committee.",gpt-4.1
,C00830471,,DAVID FLIPPO FOR NEVADA,Candidate Committees,Candidate,,llm_inferred,high,"The committee name is for a congressional candidate, which is always a candidate committee.",gpt-4.1
,C00830976,,DAVENPORT FOR CONGRESS,Candidate Committees,Candidate,,llm_inferred,high,"The committee name is for a congressional candidate, which is always a candidate committee.",gpt-4.1
,C00831107,,KATIE PORTER FOR SENATE,Candidate Committees,Candidate,,llm_inferred,high,"The committee name is for a US Senate candidate, which is always a candidate committee.",gpt-4.1
,C00831289,,NICK MELVOIN FOR CONGRESS,Candidate Committees,Candidate,,llm_inferred,high,"The committee name is for a congressional candidate, which is always a candidate committee.",gpt-4.1
,C00831321,,LAURA FRIEDMAN FOR CONGRESS,Candidate Committees,Candidate,,llm_inferred,high,"The committee name is for a congressional candidate, which is always a candidate committee.",gpt-4.1
,C00831487,,AMIGOS DE PABLO JOSE,Candidate Committees,Candidate,,llm_inferred,high,"The committee name is for a congressional candidate, which is always a candidate committee.",gpt-4.1
,C00831537,,DAVE MIN FOR CONGRESS,Candidate Committees,Candidate,,llm_inferred,high,"The committee name is for a congressional candidate, which is always a candidate committee.",gpt-4.1
,C00831636,,DOLAN FOR OHIO,Candidate Committees,Candidate,,llm_inferred,high,"The committee name is 'DOLAN FOR OHIO' and committee type 'S' (Senate candidate), indicating a candidate committee.",gpt-4.1
,C00831644,,DOM JONES FOR CONGRESS,Candidate Committees,Candidate,,llm_inferred,high,"The committee name is 'DOM JONES FOR CONGRESS' and committee type 'H' (House candidate), indicating a candidate committee.",gpt-4.1
,C00831735,,WOODY 4 CONGRESS,Candidate Committees,Candidate,,llm_inferred,high,"The committee name is 'WOODY 4 CONGRESS' and committee type 'H' (House candidate), indicating a candidate committee.",gpt-4.1
,C00832154,,EVANS FOR WV,Candidate Committees,Candidate,,llm_inferred,high,"The committee name is 'EVANS FOR WV' and committee type 'S' (Senate candidate), indicating a candidate committee.",gpt-4.1
,C00832170,,KIM NGUYEN FOR CONGRESS,Candidate Committees,Candidate,,llm_inferred,high,"The committee name is 'KIM NGUYEN FOR CONGRESS' and committee type 'H' (House candidate), indicating a candidate committee.",gpt-4.1
,C00832253,,EMORD FOR SENATE INC.,Candidate Committees,Candidate,,llm_inferred,high,"The committee name is 'EMORD FOR SENATE INC.' and committee type 'S' (Senate candidate), indicating a candidate committee.",gpt-4.1
,C00832279,,ANTHONY PORTANTINO FOR CONGRESS,Candidate Committees,Candidate,,llm_inferred,high,"The committee name is 'ANTHONY PORTANTINO FOR CONGRESS' and committee type 'H' (House candidate), indicating a candidate committee.",gpt-4.1
,C00832402,,MIKE FEUER FOR CONGRESS,Candidate Committees,Candidate,,llm_inferred,high,"The committee name is 'MIKE FEUER FOR CONGRESS' and committee type 'H' (House candidate), indicating a candidate committee.",gpt-4.1
,C00832436,,PETE RICKETTS FOR SENATE,Candidate Committees,Candidate,,llm_inferred,high,"The committee name is 'PETE RICKETTS FOR SENATE' and committee type 'S' (Senate candidate), indicating a candidate committee.",gpt-4.1
,C00832493,,YOUTH SAVE DEMOCRACY PAC,Misc Issues,Ideology/Single-Issue,,llm_inferred,low,The committee name 'YOUTH SAVE DEMOCRACY PAC' is generic and does not identify a commercial industry.,gpt-4.1
,C00832576,,GREAT CHAIN PAC,Misc Business,Misc Business,,llm_inferred,low,The committee name 'GREAT CHAIN PAC' is opaque and does not identify a specific industry.,gpt-4.1
,C00832584,,JOANNA WEISS FOR CONGRESS,Candidate Committees,Candidate,,llm_inferred,high,"The committee name is 'JOANNA WEISS FOR CONGRESS' and committee type 'H' (House candidate), indicating a candidate committee.",gpt-4.1
,C00832675,,AGWAN FOR CONGRESS,Candidate Committees,Candidate,,llm_inferred,high,"The committee name is 'AGWAN FOR CONGRESS' and committee type 'H' (House candidate), indicating a candidate committee.",gpt-4.1
,C00832733,,ROBIN FICKER FOR US SENATE,Candidate Committees,Candidate,,llm_inferred,high,"The committee name is 'ROBIN FICKER FOR US SENATE' and committee type 'S' (Senate candidate), indicating a candidate committee.",gpt-4.1
,C00832782,,PADORA FOR COLORADO,Candidate Committees,Candidate,,llm_inferred,high,"The committee name is 'PADORA FOR COLORADO' and committee type 'H' (House candidate), indicating a candidate committee.",gpt-4.1
,C00832865,,MICHAEL B. MOORE FOR SOUTH CAROLINA,Candidate Committees,Candidate,,llm_inferred,high,"The committee name is 'MICHAEL B. MOORE FOR SOUTH CAROLINA' and committee type 'H' (House candidate), indicating a candidate committee.",gpt-4.1
,C00832873,,CAROLINE KANE FOR CONGRESS,Candidate Committees,Candidate,,llm_inferred,high,"The committee name is 'CAROLINE KANE FOR CONGRESS' and committee type 'H' (House candidate), indicating a candidate committee.",gpt-4.1
,C00832956,,COMMITTEE TO ELECT MICHAEL LYNCH,Candidate Committees,Candidate,,llm_inferred,high,"The committee name is 'COMMITTEE TO ELECT MICHAEL LYNCH' and committee type 'H' (House candidate), indicating a candidate committee.",gpt-4.1
,C00833152,,DOOD FOR CONGRESS,Candidate Committees,Candidate,,llm_inferred,high,"The committee name is 'DOOD FOR CONGRESS' and committee type 'H' (House candidate), indicating a candidate committee.",gpt-4.1
,C00833160,,PERRY JOHNSON FOR PRESIDENT INC.,Candidate Committees,Candidate,,llm_inferred,high,"The committee name is 'PERRY JOHNSON FOR PRESIDENT INC.' and committee type 'P' (Presidential candidate), indicating a candidate committee.",gpt-4.1
,C00833293,,ZAY FOR CONGRESS,Candidate Committees,Candidate,,llm_inferred,high,"The committee name is 'ZAY FOR CONGRESS' and committee type 'H' (House candidate), indicating a candidate committee.",gpt-4.1
,C00833392,,NIKKI HALEY FOR PRESIDENT INC.,Candidate Committees,Candidate,,llm_inferred,high,"The committee name is 'NIKKI HALEY FOR PRESIDENT INC.' and committee type 'P' (Presidential candidate), indicating a candidate committee.",gpt-4.1
,C00833608,,BARBARA LEE FOR US SENATE,Candidate Committees,Candidate,,llm_inferred,high,"The committee name is 'BARBARA LEE FOR US SENATE' and committee type 'S' (Senate candidate), indicating a candidate committee.",gpt-4.1
,C00833624,,FRIENDS OF FLEMMING LARSEN,Candidate Committees,Candidate,,llm_inferred,high,"The committee name is 'FRIENDS OF FLEMMING LARSEN' and committee type 'H' (House candidate), indicating a candidate committee.",gpt-4.1
,C00833632,,CARMEN GOERS FOR CONGRESS,Candidate Committees,Candidate,,llm_inferred,high,"The committee name is 'CARMEN GOERS FOR CONGRESS' and committee type 'H' (House candidate), indicating a candidate committee.",gpt-4.1
,C00833731,,FRIENDS OF RICK COPLEN,Candidate Committees,Candidate,,llm_inferred,high,The name is a candidate committee ('FRIENDS OF RICK COPLEN').,gpt-4.1
,C00833889,,MCCONKEY FOR CONGRESS,Candidate Committees,Candidate,,llm_inferred,high,The name is a candidate committee ('MCCONKEY FOR CONGRESS').,gpt-4.1
,C00833913,,VIVEK 2024,Candidate Committees,Candidate,,llm_inferred,high,The name is a candidate committee ('VIVEK 2024').,gpt-4.1
,C00833939,,SEPI SHYNE FOR CONGRESS,Candidate Committees,Candidate,,llm_inferred,high,The name is a candidate committee ('SEPI SHYNE FOR CONGRESS').,gpt-4.1
,C00834028,,GEORGE WHITESIDES FOR CONGRESS,Candidate Committees,Candidate,,llm_inferred,high,The name is a candidate committee ('GEORGE WHITESIDES FOR CONGRESS').,gpt-4.1
,C00834218,,ELISSA SLOTKIN FOR MICHIGAN,Candidate Committees,Candidate,,llm_inferred,high,The name is a candidate committee ('ELISSA SLOTKIN FOR MICHIGAN').,gpt-4.1
,C00834291,,LATEEFAH FOR CONGRESS,Candidate Committees,Candidate,,llm_inferred,high,The name is a candidate committee ('LATEEFAH FOR CONGRESS').,gpt-4.1
,C00834440,,FRANCINE LY FOR CONGRESS,Candidate Committees,Candidate,,llm_inferred,high,The name is a candidate committee ('FRANCINE LY FOR CONGRESS').,gpt-4.1
,C00834457,,FRIENDS OF BEN,Candidate Committees,Candidate,,llm_inferred,high,The name is a candidate committee ('FRIENDS OF BEN').,gpt-4.1
,C00834705,,CONSERVATIVES FOR CLARK,Candidate Committees,Candidate,,llm_inferred,high,The name is a candidate committee ('CONSERVATIVES FOR CLARK').,gpt-4.1
,C00834853,,DRAFT DESANTIS 2024 FUND,Misc Issues,Ideology/Single-Issue,,llm_inferred,high,The name is an ideological committee ('DRAFT DESANTIS 2024 FUND').,gpt-4.1
,C00834861,,ELIZABETH FOR NEVADA,Candidate Committees,Candidate,,llm_inferred,high,The name is a candidate committee ('ELIZABETH FOR NEVADA').,gpt-4.1
,C00834960,,LOYD FOR CONGRESS,Candidate Committees,Candidate,,llm_inferred,high,The name is a candidate committee ('LOYD FOR CONGRESS').,gpt-4.1
,C00835009,,"GO WITH CHUCK GOODRICH, INC.",Candidate Committees,Candidate,,llm_inferred,high,"The name is a candidate committee ('GO WITH CHUCK GOODRICH, INC.').",gpt-4.1
,C00835082,,EDDY FOR CONGRESS,Candidate Committees,Candidate,,llm_inferred,high,The name is a candidate committee ('EDDY FOR CONGRESS').,gpt-4.1
,C00835173,,SABINA FOR RI,Candidate Committees,Candidate,,llm_inferred,high,The name is a candidate committee ('SABINA FOR RI').,gpt-4.1
,C00835181,,VICTOR AVILA FOR CONGRESS,Candidate Committees,Candidate,,llm_inferred,high,The name is a candidate committee ('VICTOR AVILA FOR CONGRESS').,gpt-4.1
,C00835199,,DAVID A. BELLON FOR UNITED STATES SENATE,Candidate Committees,Candidate,,llm_inferred,high,The name is a candidate committee ('DAVID A. BELLON FOR UNITED STATES SENATE').,gpt-4.1
,C00835215,,DAVID KARPAS COMMITTEE TO BEAT ADAM FRISCH,Misc Issues,Ideology/Single-Issue,,llm_inferred,high,The name is an ideological committee ('DAVID KARPAS COMMITTEE TO BEAT ADAM FRISCH').,gpt-4.1
,C00835314,,WENDY DAVIS FOR CONGRESS,Candidate Committees,Candidate,,llm_inferred,high,The name is a candidate committee ('WENDY DAVIS FOR CONGRESS').,gpt-4.1
,C00835694,,WILCZYNSKI FOR CONGRESS,Candidate Committees,Candidate,,llm_inferred,high,The name is a candidate committee ('WILCZYNSKI FOR CONGRESS').,gpt-4.1
,C00836015,,RUBIN YOUNG FOR CONGRESS,Candidate Committees,Candidate,,llm_inferred,high,The name is a candidate committee ('RUBIN YOUNG FOR CONGRESS').,gpt-4.1
,C00836312,,MEL FOR LOUISIANA,Candidate Committees,Candidate,,llm_inferred,high,The name is a candidate committee ('MEL FOR LOUISIANA').,gpt-4.1
,C00836478,,DEFORD FOR CONGRESS,Candidate Committees,Candidate,,llm_inferred,high,The name is a candidate committee ('DEFORD FOR CONGRESS').,gpt-4.1
,C00836486,,SANDRA CANO FOR CONGRESS,Candidate Committees,Candidate,,llm_inferred,high,The name is a candidate committee ('SANDRA CANO FOR CONGRESS').,gpt-4.1
,C00836494,,AARON REGUNBERG FOR CONGRESS,Candidate Committees,Candidate,,llm_inferred,high,"The committee name is 'AARON REGUNBERG FOR CONGRESS', indicating a candidate committee.",gpt-4.1
,C00836502,,AMISH FOR ARIZONA,Candidate Committees,Candidate,,llm_inferred,high,"The committee name is 'AMISH FOR ARIZONA', indicating a candidate committee.",gpt-4.1
,C00836510,,CHRIS BRUNEAU FOR CONGRESS,Candidate Committees,Candidate,,llm_inferred,high,"The committee name is 'CHRIS BRUNEAU FOR CONGRESS', indicating a candidate committee.",gpt-4.1
,C00836544,,BINKLEY FOR PRESIDENT 2024,Candidate Committees,Candidate,,llm_inferred,high,"The committee name is 'BINKLEY FOR PRESIDENT 2024', indicating a candidate committee.",gpt-4.1
,C00836569,,PARKINSON FOR SENATE,Candidate Committees,Candidate,,llm_inferred,high,"The committee name is 'PARKINSON FOR SENATE', indicating a candidate committee.",gpt-4.1
,C00836577,,DIANE YOUNG FOR CONGRESS,Candidate Committees,Candidate,,llm_inferred,high,"The committee name is 'DIANE YOUNG FOR CONGRESS', indicating a candidate committee.",gpt-4.1
,C00836585,,FRIENDS OF KELLEN CURRY,Candidate Committees,Candidate,,llm_inferred,high,"The committee name is 'FRIENDS OF KELLEN CURRY', indicating a candidate committee.",gpt-4.1
,C00836627,,PRESTON FOR PENNSYLVANIA,Candidate Committees,Candidate,,llm_inferred,high,"The committee name is 'PRESTON FOR PENNSYLVANIA', indicating a candidate committee.",gpt-4.1
,C00836635,,ADITYA PAI FOR CONGRESS,Candidate Committees,Candidate,,llm_inferred,high,"The committee name is 'ADITYA PAI FOR CONGRESS', indicating a candidate committee.",gpt-4.1
,C00836676,,ROB CROSS FOR CONGRESS,Candidate Committees,Candidate,,llm_inferred,high,"The committee name is 'ROB CROSS FOR CONGRESS', indicating a candidate committee.",gpt-4.1
,C00836700,,STEPHANIE PHILLIPS FOR NEVADA,Candidate Committees,Candidate,,llm_inferred,high,"The committee name is 'STEPHANIE PHILLIPS FOR NEVADA', indicating a candidate committee.",gpt-4.1
,C00836718,,JOHN O'SHEA FOR CONGRESS,Candidate Committees,Candidate,,llm_inferred,high,"The committee name is 'JOHN O'SHEA FOR CONGRESS', indicating a candidate committee.",gpt-4.1
,C00836767,,YASSAMIN ANSARI FOR CONGRESS,Candidate Committees,Candidate,,llm_inferred,high,"The committee name is 'YASSAMIN ANSARI FOR CONGRESS', indicating a candidate committee.",gpt-4.1
,C00836809,,MICHAEL MARKEY FOR CONGRESS,Candidate Committees,Candidate,,llm_inferred,high,"The committee name is 'MICHAEL MARKEY FOR CONGRESS', indicating a candidate committee.",gpt-4.1
,C00836841,,SUZANNE FOR CONGRESS,Candidate Committees,Candidate,,llm_inferred,high,"The committee name is 'SUZANNE FOR CONGRESS', indicating a candidate committee.",gpt-4.1
,C00836890,,AQUI ESTAMOS PAC,Misc Issues,Ideology/Single-Issue,,llm_inferred,low,The committee name 'AQUI ESTAMOS PAC' is generic and does not identify a specific industry or commercial sector.,gpt-4.1
,C00836916,,TEAM KENNEDY,Candidate Committees,Candidate,,llm_inferred,high,"The committee name is 'TEAM KENNEDY', indicating a candidate committee.",gpt-4.1
,C00836940,,MELISSA MCDONOUGH FOR CONGRESS,Candidate Committees,Candidate,,llm_inferred,high,"The committee name is 'MELISSA MCDONOUGH FOR CONGRESS', indicating a candidate committee.",gpt-4.1
,C00836973,,CASEY FOR CONGRESS,Candidate Committees,Candidate,,llm_inferred,high,"The committee name is 'CASEY FOR CONGRESS', indicating a candidate committee.",gpt-4.1
,C00836999,,HORNING FOR SENATE,Candidate Committees,Candidate,,llm_inferred,high,"The committee name is 'HORNING FOR SENATE', indicating a candidate committee.",gpt-4.1
,C00837047,,BOB ARCHULETA FOR CONGRESS 2024,Candidate Committees,Candidate,,llm_inferred,high,"The committee name is 'BOB ARCHULETA FOR CONGRESS 2024', indicating a candidate committee.",gpt-4.1
,C00837054,,CALLIE BARR FOR CONGRESS,Candidate Committees,Candidate,,llm_inferred,high,"The committee name is 'CALLIE BARR FOR CONGRESS', indicating a candidate committee.",gpt-4.1
,C00837062,,ANDREI FOR ARIZONA,Candidate Committees,Candidate,,llm_inferred,high,"The committee name is 'ANDREI FOR ARIZONA', indicating a candidate committee.",gpt-4.1
,C00837088,,STEVE LANKENAU FOR CONGRESS,Candidate Committees,Candidate,,llm_inferred,high,"The committee name is 'STEVE LANKENAU FOR CONGRESS', indicating a candidate committee.",gpt-4.1
,C00837104,,"ASA FOR AMERICA, INC.",Candidate Committees,Candidate,,llm_inferred,high,"The committee name is 'ASA FOR AMERICA, INC.', indicating a candidate committee.",gpt-4.1
,C00837112,,COMMITTEE TO ELECT NASSER BEYDOUN,Candidate Committees,Candidate,,llm_inferred,high,The committee name is for a specific candidate's election committee.,gpt-4.1
,C00837401,,DELUZ FOR CONGRESS,Candidate Committees,Candidate,,llm_inferred,high,The committee name is for a specific candidate's congressional campaign.,gpt-4.1
,C00837468,,KILBOURN FOR WISCONSIN,Candidate Committees,Candidate,,llm_inferred,high,The committee name is for a specific candidate's congressional campaign.,gpt-4.1
,C00837476,,MARK LAMB FOR SENATE,Candidate Committees,Candidate,,llm_inferred,high,The committee name is for a specific candidate's senate campaign.,gpt-4.1
,C00837484,,BERNIE MORENO FOR SENATE,Candidate Committees,Candidate,,llm_inferred,high,The committee name is for a specific candidate's senate campaign.,gpt-4.1
,C00837526,,ERIC EARLY FOR U.S. SENATE 2024,Candidate Committees,Candidate,,llm_inferred,high,The committee name is for a specific candidate's senate campaign.,gpt-4.1
,C00837559,,JIM NELSON FOR CONGRESS,Candidate Committees,Candidate,,llm_inferred,high,The committee name is for a specific candidate's congressional campaign.,gpt-4.1
,C00837567,,KEITH GROSS FOR FLORIDA,Candidate Committees,Candidate,,llm_inferred,high,The committee name is for a specific candidate's congressional campaign.,gpt-4.1
,C00837617,,MAX UKROPINA FOR CONGRESS 2024,Candidate Committees,Candidate,,llm_inferred,high,The committee name is for a specific candidate's congressional campaign.,gpt-4.1
,C00837625,,CHASE OLIVER FOR PRESIDENT,Candidate Committees,Candidate,,llm_inferred,high,The committee name is for a specific candidate's presidential campaign.,gpt-4.1
,C00837658,,JR FOR OHIO,Candidate Committees,Candidate,,llm_inferred,high,The committee name is for a specific candidate's congressional campaign.,gpt-4.1
,C00837765,,SCOTT LIVINGSTON FOR CONGRESS,Candidate Committees,Candidate,,llm_inferred,high,The committee name is for a specific candidate's congressional campaign.,gpt-4.1
,C00837781,,BRAD WILSON FOR U.S. SENATE,Candidate Committees,Candidate,,llm_inferred,high,The committee name is for a specific candidate's senate campaign.,gpt-4.1
,C00837971,,EMILY BUSCH FOR CONGRESS,Candidate Committees,Candidate,,llm_inferred,high,The committee name is for a specific candidate's congressional campaign.,gpt-4.1
,C00838003,,CARLSON FOR CONGRESS,Candidate Committees,Candidate,,llm_inferred,high,The committee name is for a specific candidate's congressional campaign.,gpt-4.1
,C00838060,,GABE AMO FOR CONGRESS,Candidate Committees,Candidate,,llm_inferred,high,The committee name is for a specific candidate's congressional campaign.,gpt-4.1
,C00838110,,STUTZMAN FOR CONGRESS,Candidate Committees,Candidate,,llm_inferred,high,The committee name is for a specific candidate's congressional campaign.,gpt-4.1
,C00838144,,MELISSA CONYEARS-ERVIN FOR CONGRESS,Candidate Committees,Candidate,,llm_inferred,high,The committee name is for a specific candidate's congressional campaign.,gpt-4.1
,C00838185,,JAMES HAYES FOR CONGRESS,Candidate Committees,Candidate,,llm_inferred,high,The committee name is for a specific candidate's congressional campaign.,gpt-4.1
,C00838292,,LUCCI FOR CONGRESS,Candidate Committees,Candidate,,llm_inferred,high,The committee name is for a specific candidate's congressional campaign.,gpt-4.1
,C00838300,,COMMITTEE TO ELECT RUSS FOR CD3,Candidate Committees,Candidate,,llm_inferred,high,The committee name is for a specific candidate's congressional campaign.,gpt-4.1
,C00838318,,SHERYL ADAMS FOR CONGRESS,Candidate Committees,Candidate,,llm_inferred,high,The committee name is for a specific candidate's congressional campaign.,gpt-4.1
,C00838342,,WILLIAM ABEL COMMITTEE TO ELECT FOR US HOUSE DISTRICT. 31,Candidate Committees,Candidate,,llm_inferred,high,The committee name is for a specific candidate's congressional campaign.,gpt-4.1
,C00838417,,LESLIE FOR WASHINGTON,Candidate Committees,Candidate,,llm_inferred,high,The committee name is for a specific candidate's congressional campaign.,gpt-4.1
,C00838433,,WILL MURPHY FOR CONGRESS,Candidate Committees,Candidate,,llm_inferred,high,The committee name is for a specific candidate's congressional campaign.,gpt-4.1
,C00838599,,LIZ FOR NY,Candidate Committees,Candidate,,llm_inferred,high,"The committee name is 'LIZ FOR NY', indicating a candidate committee.",gpt-4.1
,C00838748,,ALEX BALEKIAN FOR CONGRESS,Candidate Committees,Candidate,,llm_inferred,high,"The committee name is 'ALEX BALEKIAN FOR CONGRESS', indicating a candidate committee.",gpt-4.1
,C00838854,,ANDREW GUTMANN FOR CONGRESS,Candidate Committees,Candidate,,llm_inferred,high,"The committee name is 'ANDREW GUTMANN FOR CONGRESS', indicating a candidate committee.",gpt-4.1
,C00838938,,DENNIS BAKER FOR CONGRESS,Candidate Committees,Candidate,,llm_inferred,high,"The committee name is 'DENNIS BAKER FOR CONGRESS', indicating a candidate committee.",gpt-4.1
,C00839100,,JIM JUSTICE FOR U.S. SENATE,Candidate Committees,Candidate,,llm_inferred,high,"The committee name is 'JIM JUSTICE FOR U.S. SENATE', indicating a candidate committee.",gpt-4.1
,C00839118,,RAY ESTRADA FOR CONGRESS,Candidate Committees,Candidate,,llm_inferred,high,"The committee name is 'RAY ESTRADA FOR CONGRESS', indicating a candidate committee.",gpt-4.1
,C00839183,,LESLIE LOVE FOR MICHIGAN,Candidate Committees,Candidate,,llm_inferred,high,"The committee name is 'LESLIE LOVE FOR MICHIGAN', indicating a candidate committee.",gpt-4.1
,C00839365,,ELDER FOR PRESIDENT 24,Candidate Committees,Candidate,,llm_inferred,high,"The committee name is 'ELDER FOR PRESIDENT 24', indicating a candidate committee.",gpt-4.1
,C00839449,,WILL JAWANDO FOR MARYLAND,Candidate Committees,Candidate,,llm_inferred,high,"The committee name is 'WILL JAWANDO FOR MARYLAND', indicating a candidate committee.",gpt-4.1
,C00839548,,EZEKIEL ENRIQUEZ FOR US CONGRESS 2026,Candidate Committees,Candidate,,llm_inferred,high,"The committee name is 'EZEKIEL ENRIQUEZ FOR US CONGRESS 2026', indicating a candidate committee.",gpt-4.1
,C00839563,,JIM MARCHANT FOR US SENATE,Candidate Committees,Candidate,,llm_inferred,high,"The committee name is 'JIM MARCHANT FOR US SENATE', indicating a candidate committee.",gpt-4.1
,C00839597,,COLIN ALLRED FOR SENATE,Candidate Committees,Candidate,,llm_inferred,high,"The committee name is 'COLIN ALLRED FOR SENATE', indicating a candidate committee.",gpt-4.1
,C00839613,,REAGAN FOR CONGRESS,Candidate Committees,Candidate,,llm_inferred,high,"The committee name is 'REAGAN FOR CONGRESS', indicating a candidate committee.",gpt-4.1
,C00839670,,DREW FOR NEVADA,Candidate Committees,Candidate,,llm_inferred,high,"The committee name is 'DREW FOR NEVADA', indicating a candidate committee.",gpt-4.1
,C00839696,,TIM ALEXANDER FOR CONGRESS - 2024,Candidate Committees,Candidate,,llm_inferred,high,"The committee name is 'TIM ALEXANDER FOR CONGRESS - 2024', indicating a candidate committee.",gpt-4.1
,C00839704,,VOGEL FOR CONGRESS,Candidate Committees,Candidate,,llm_inferred,high,"The committee name is 'VOGEL FOR CONGRESS', indicating a candidate committee.",gpt-4.1
,C00839720,,DAVID ROTH FOR IDAHO,Candidate Committees,Candidate,,llm_inferred,high,"The committee name is 'DAVID ROTH FOR IDAHO', indicating a candidate committee.",gpt-4.1
,C00839746,,BRANDON SAFFOLD FOR CONGRESS,Candidate Committees,Candidate,,llm_inferred,high,"The committee name is 'BRANDON SAFFOLD FOR CONGRESS', indicating a candidate committee.",gpt-4.1
,C00839787,,IAN WEEKS FOR CONGRESS,Candidate Committees,Candidate,,llm_inferred,high,"The committee name is 'IAN WEEKS FOR CONGRESS', indicating a candidate committee.",gpt-4.1
,C00839852,,FRIENDS OF NIKHIL BHATIA,Candidate Committees,Candidate,,llm_inferred,high,"The committee name is 'FRIENDS OF NIKHIL BHATIA', indicating a candidate committee.",gpt-4.1
,C00839944,,VIN KRUTTIVENTI FOR CONGRESS 2024,Candidate Committees,Candidate,,llm_inferred,high,"The committee name is 'VIN KRUTTIVENTI FOR CONGRESS 2024', indicating a candidate committee.",gpt-4.1
,C00840017,,ALSOBROOKS FOR SENATE,Candidate Committees,Candidate,,llm_inferred,high,"The committee name is 'ALSOBROOKS FOR SENATE', indicating a candidate committee.",gpt-4.1
,C00840041,,JOE KERR FOR CONGRESS,Candidate Committees,Candidate,,llm_inferred,high,"The committee name is 'JOE KERR FOR CONGRESS', indicating a candidate committee.",gpt-4.1
,C00840108,,GUNDERSON FOR CONGRESS,Candidate Committees,Candidate,,llm_inferred,high,"The committee name is 'GUNDERSON FOR CONGRESS', indicating a candidate committee.",gpt-4.1
,C00840132,,PHIL GOSS FOR CONGRESS,Candidate Committees,Candidate,,llm_inferred,high,"The committee name is 'PHIL GOSS FOR CONGRESS', indicating a candidate committee.",gpt-4.1
,C00840140,,CHIEF VITIELLO FOR SENATE,Candidate Committees,Candidate,,llm_inferred,high,The name is a candidate committee for a Senate campaign.,gpt-4.1
,C00840165,,GILLEN FOR NY,Candidate Committees,Candidate,,llm_inferred,high,The name is a candidate committee for a House campaign.,gpt-4.1
,C00840306,,ZAK FOR CONGRESS,Candidate Committees,Candidate,,llm_inferred,high,The name is a candidate committee for a House campaign.,gpt-4.1
,C00840348,,THE CAROLYN BRYANT CAMPAIGN,Candidate Committees,Candidate,,llm_inferred,high,The name is a candidate committee for a House campaign.,gpt-4.1
,C00840439,,GIAN A JONES FOR CONGRESS,Candidate Committees,Candidate,,llm_inferred,high,The name is a candidate committee for a House campaign.,gpt-4.1
,C00840470,,STEVE DUNWOODY FOR CONGRESS,Candidate Committees,Candidate,,llm_inferred,high,The name is a candidate committee for a House campaign.,gpt-4.1
,C00840520,,DR. BRIAN WILLIAMS FOR CONGRESS,Candidate Committees,Candidate,,llm_inferred,high,The name is a candidate committee for a House campaign.,gpt-4.1
,C00840587,,BOSS UP PAC,Misc Issues,Other,,llm_inferred,low,'BOSS UP PAC' is a generic name with no clear industry or sector.,gpt-4.1
,C00840751,,MARLENE FOR CONGRESS,Candidate Committees,Candidate,,llm_inferred,high,The name is a candidate committee for a House campaign.,gpt-4.1
,C00840868,,CHARLIE KIM IN US CONGRESS,Candidate Committees,Candidate,,llm_inferred,high,The name is a candidate committee for a House campaign.,gpt-4.1
,C00840934,,TRENT STAGGS FOR UTAH,Candidate Committees,Candidate,,llm_inferred,high,The name is a candidate committee for a Senate campaign.,gpt-4.1
,C00840959,,ROB LUBIN FOR CONGRESS,Candidate Committees,Candidate,,llm_inferred,high,The name is a candidate committee for a House campaign.,gpt-4.1
,C00841064,,COMMITTEE TO ELECT DAVID WINKLER,Candidate Committees,Candidate,,llm_inferred,high,The name is a candidate committee for a House campaign.,gpt-4.1
,C00841072,,ALLYSON FOR CONGRESS,Candidate Committees,Candidate,,llm_inferred,high,The name is a candidate committee for a House campaign.,gpt-4.1
,C00841130,,RESTORE OUR NATION (RON PAC),Misc Issues,Ideology/Single-Issue,,llm_inferred,low,'RESTORE OUR NATION (RON PAC)' is a generic/ideological PAC with no industry basis.,gpt-4.1
,C00841262,,JIRAIR RATEVOSIAN FOR CONGRESS,Candidate Committees,Candidate,,llm_inferred,high,The name is a candidate committee for a House campaign.,gpt-4.1
,C00841361,,NEXT GENERATION PAC,Misc Issues,Ideology/Single-Issue,,llm_inferred,low,'NEXT GENERATION PAC' is a generic/ideological PAC with no industry basis.,gpt-4.1
,C00841619,,SAM EPPLER FOR CONGRESS,Candidate Committees,Candidate,,llm_inferred,high,The name is a candidate committee for a House campaign.,gpt-4.1
,C00841643,,ALTMAN FOR CONGRESS,Candidate Committees,Candidate,,llm_inferred,high,The name is a candidate committee for a House campaign.,gpt-4.1
,C00841767,,QUACY SMITH FOR THE UNITED STATES CONGRESS,Candidate Committees,Candidate,,llm_inferred,high,The name is a candidate committee for a House campaign.,gpt-4.1
,C00841874,,CHUCK HUBBARD FOR CONGRESS,Candidate Committees,Candidate,,llm_inferred,high,The name is a candidate committee for a House campaign.,gpt-4.1
,C00842039,,MIKE PENCE FOR PRESIDENT,Candidate Committees,Candidate,,llm_inferred,high,The name is a candidate committee for a presidential campaign.,gpt-4.1
,C00842088,,BECKY EDWARDS FOR CONGRESS,Candidate Committees,Candidate,,llm_inferred,high,The name is a candidate committee for a House campaign.,gpt-4.1
,C00842187,,KAREN CRNKOVICH FOR CONGRESS,Candidate Committees,Candidate,,llm_inferred,high,The name is a candidate committee for a House campaign.,gpt-4.1
,C00842211,,FRED VON CANON FOR CONGRESS,Candidate Committees,Candidate,,llm_inferred,high,The name is a candidate committee for a House campaign.,gpt-4.1
,C00842229,,DANIEL MCDOW FOR CONGRESS,Candidate Committees,Candidate,,llm_inferred,high,"The name is a candidate committee for Daniel McDow, which is not industry-based.",gpt-4.1
,C00842237,,"CHRIS CHRISTIE FOR PRESIDENT, INC.",Candidate Committees,Candidate,,llm_inferred,high,"The name is a presidential candidate committee for Chris Christie, not industry-based.",gpt-4.1
,C00842302,,"DOUG BURGUM FOR AMERICA, INC.",Candidate Committees,Candidate,,llm_inferred,high,"The name is a presidential candidate committee for Doug Burgum, not industry-based.",gpt-4.1
,C00842310,,LEONARD FOR CONGRESS COMMITTEE,Candidate Committees,Candidate,,llm_inferred,high,"The name is a candidate committee for Leonard, not industry-based.",gpt-4.1
,C00842336,,BELLFORMISSOURI,Candidate Committees,Candidate,,llm_inferred,high,"The name is a candidate committee for Bell, not industry-based.",gpt-4.1
,C00842476,,FRIENDS OF GREG HUGHES,Candidate Committees,Candidate,,llm_inferred,high,"The name is a candidate committee for Greg Hughes, not industry-based.",gpt-4.1
,C00842500,,LYNN PETERSON FOR CONGRESS,Candidate Committees,Candidate,,llm_inferred,high,"The name is a candidate committee for Lynn Peterson, not industry-based.",gpt-4.1
,C00842617,,BUKOVINAC FOR PRESIDENT,Candidate Committees,Candidate,,llm_inferred,high,"The name is a presidential candidate committee for Bukovinac, not industry-based.",gpt-4.1
,C00842682,,CHUCK HAND FOR GEORGIA,Candidate Committees,Candidate,,llm_inferred,high,"The name is a candidate committee for Chuck Hand, not industry-based.",gpt-4.1
,C00842708,,PIANTIDOSI FOR CONGRESS,Candidate Committees,Candidate,,llm_inferred,high,"The name is a candidate committee for Piantidosi, not industry-based.",gpt-4.1
,C00842757,,THOMAS COLE FOR CONGRESS,Candidate Committees,Candidate,,llm_inferred,high,"The name is a candidate committee for Thomas Cole, not industry-based.",gpt-4.1
,C00842765,,CELESTE FOR CONGRESS,Candidate Committees,Candidate,,llm_inferred,high,"The name is a candidate committee for Celeste, not industry-based.",gpt-4.1
,C00842948,,LUTZ FOR CONGRESS,Candidate Committees,Candidate,,llm_inferred,high,"The name is a candidate committee for Lutz, not industry-based.",gpt-4.1
,C00842955,,RIEBE FOR CONGRESS,Candidate Committees,Candidate,,llm_inferred,high,"The name is a candidate committee for Riebe, not industry-based.",gpt-4.1
,C00842971,,"SUAREZ FOR PRESIDENT, INC.",Candidate Committees,Candidate,,llm_inferred,high,"The name is a presidential candidate committee for Suarez, not industry-based.",gpt-4.1
,C00842997,,COMMITTEE TO ELECT LEE BAUSINGER,Candidate Committees,Candidate,,llm_inferred,high,"The name is a candidate committee for Lee Bausinger, not industry-based.",gpt-4.1
,C00843003,,JULIE JOHNSON FOR CONGRESS,Candidate Committees,Candidate,,llm_inferred,high,"The name is a candidate committee for Julie Johnson, not industry-based.",gpt-4.1
,C00843029,,COURAGEOUS LEADERS,Misc Issues,Ideology/Single-Issue,,llm_inferred,low,The name 'Courageous Leaders' is generic and does not indicate an industry.,gpt-4.1
,C00843078,,PETER SONSKI FOR PRESIDENT,Candidate Committees,Candidate,,llm_inferred,high,"The name is a presidential candidate committee for Peter Sonski, not industry-based.",gpt-4.1
,C00843227,,AMANDA EDWARDS FOR CONGRESS,Candidate Committees,Candidate,,llm_inferred,high,"The name is a candidate committee for Amanda Edwards, not industry-based.",gpt-4.1
,C00843367,,SID FOR CONGRESSS,Candidate Committees,Candidate,,llm_inferred,high,"The name is a candidate committee for Sid, not industry-based.",gpt-4.1
,C00843383,,GULREZ GUS KHAN FOR U.S. CONGRESS,Candidate Committees,Candidate,,llm_inferred,high,"The name is a candidate committee for Gulrez Gus Khan, not industry-based.",gpt-4.1
,C00843391,,LISA BLUNT ROCHESTER FOR SENATE,Candidate Committees,Candidate,,llm_inferred,high,"The name is a Senate candidate committee for Lisa Blunt Rochester, not industry-based.",gpt-4.1
,C00843425,,JANELLE BYNUM FOR CONGRESS,Candidate Committees,Candidate,,llm_inferred,high,"The name is a candidate committee for Janelle Bynum, not industry-based.",gpt-4.1
,C00843441,,JOE SALERNO FOR CONGRESS INC.,Candidate Committees,Candidate,,llm_inferred,high,"The name is a candidate committee for Joe Salerno, not industry-based.",gpt-4.1
,C00843540,,"HURD FOR AMERICA, INC.",Candidate Committees,Candidate,,llm_inferred,high,"The committee name is a candidate committee (HURD FOR AMERICA, INC.), which is not industry-based.",gpt-4.1
,C00843722,,INAM FOR US SENATE,Candidate Committees,Candidate,,llm_inferred,high,"The committee name (INAM FOR US SENATE) is a candidate committee, not industry-based.",gpt-4.1
,C00843763,,MCBRIDE FOR DELAWARE INC.,Candidate Committees,Candidate,,llm_inferred,high,"The committee name (MCBRIDE FOR DELAWARE INC.) is a candidate committee, not industry-based.",gpt-4.1
,C00843771,,EDDIE SPEIR FOR CONGRESS,Candidate Committees,Candidate,,llm_inferred,high,"The committee name (EDDIE SPEIR FOR CONGRESS) is a candidate committee, not industry-based.",gpt-4.1
,C00844159,,TIM SHEEHY FOR MONTANA,Candidate Committees,Candidate,,llm_inferred,high,"The committee name (TIM SHEEHY FOR MONTANA) is a candidate committee, not industry-based.",gpt-4.1
,C00844183,,JOHN RUST FOR US SENATE,Candidate Committees,Candidate,,llm_inferred,high,"The committee name (JOHN RUST FOR US SENATE) is a candidate committee, not industry-based.",gpt-4.1
,C00844191,,FRIENDS OF KOURI MARSHALL,Candidate Committees,Candidate,,llm_inferred,high,"The committee name (FRIENDS OF KOURI MARSHALL) is a candidate committee, not industry-based.",gpt-4.1
,C00844225,,DAVID KIM FOR CONGRESS - CA34,Candidate Committees,Candidate,,llm_inferred,high,"The committee name (DAVID KIM FOR CONGRESS - CA34) is a candidate committee, not industry-based.",gpt-4.1
,C00844258,,"FRIENDS OF MARIA MONTERO, INC.",Candidate Committees,Candidate,,llm_inferred,high,"The committee name (FRIENDS OF MARIA MONTERO, INC.) is a candidate committee, not industry-based.",gpt-4.1
,C00844308,,CONFORTI FOR CONGRESS,Candidate Committees,Candidate,,llm_inferred,high,"The committee name (CONFORTI FOR CONGRESS) is a candidate committee, not industry-based.",gpt-4.1
,C00844324,,BRANDON HERRERA FOR CONGRESS,Candidate Committees,Candidate,,llm_inferred,high,"The committee name (BRANDON HERRERA FOR CONGRESS) is a candidate committee, not industry-based.",gpt-4.1
,C00844340,,LUNA4US,Candidate Committees,Candidate,,llm_inferred,high,"The committee name (LUNA4US) is a candidate committee, not industry-based.",gpt-4.1
,C00844365,,LATIMER FOR CONGRESS,Candidate Committees,Candidate,,llm_inferred,high,"The committee name (LATIMER FOR CONGRESS) is a candidate committee, not industry-based.",gpt-4.1
,C00844449,,BAILEY FOR CONGRESS,Candidate Committees,Candidate,,llm_inferred,high,"The committee name (BAILEY FOR CONGRESS) is a candidate committee, not industry-based.",gpt-4.1
,C00844480,,HERTEL FOR MICHIGAN,Candidate Committees,Candidate,,llm_inferred,high,"The committee name (HERTEL FOR MICHIGAN) is a candidate committee, not industry-based.",gpt-4.1
,C00844522,,QASIM FOR CONGRESS,Candidate Committees,Candidate,,llm_inferred,high,"The committee name (QASIM FOR CONGRESS) is a candidate committee, not industry-based.",gpt-4.1
,C00844589,,PEOPLE WITH DAVID SERPA FOR CONGRESS,Candidate Committees,Candidate,,llm_inferred,high,"The committee name (PEOPLE WITH DAVID SERPA FOR CONGRESS) is a candidate committee, not industry-based.",gpt-4.1
,C00844688,,GARCIA FOR WA,Candidate Committees,Candidate,,llm_inferred,high,"The committee name (GARCIA FOR WA) is a candidate committee, not industry-based.",gpt-4.1
,C00844779,,KENNETH OMORUYI FOR CONGRESS,Candidate Committees,Candidate,,llm_inferred,high,"The committee name (KENNETH OMORUYI FOR CONGRESS) is a candidate committee, not industry-based.",gpt-4.1
,C00844878,,COMMUNITY FOR KINA COLLINS,Candidate Committees,Candidate,,llm_inferred,high,"The committee name (COMMUNITY FOR KINA COLLINS) is a candidate committee, not industry-based.",gpt-4.1
,C00844977,,ROLAND GUTIERREZ FOR TEXAS,Candidate Committees,Candidate,,llm_inferred,high,"The committee name (ROLAND GUTIERREZ FOR TEXAS) is a candidate committee, not industry-based.",gpt-4.1
,C00844985,,HILL HARPER FOR MICHIGAN,Candidate Committees,Candidate,,llm_inferred,high,"The committee name (HILL HARPER FOR MICHIGAN) is a candidate committee, not industry-based.",gpt-4.1
,C00844993,,COOKE FOR CONGRESS,Candidate Committees,Candidate,,llm_inferred,high,"The committee name (COOKE FOR CONGRESS) is a candidate committee, not industry-based.",gpt-4.1
,C00845008,,MONICA TRANEL FOR MONTANA,Candidate Committees,Candidate,,llm_inferred,high,"The committee name (MONICA TRANEL FOR MONTANA) is a candidate committee, not industry-based.",gpt-4.1
,C00845016,,MICHAEL KOSLOW FOR CONGRESS,Candidate Committees,Candidate,,llm_inferred,high,"The committee name (MICHAEL KOSLOW FOR CONGRESS) is a candidate committee, not industry-based.",gpt-4.1
,C00845024,,JAMIE FOR OREGON,Candidate Committees,Candidate,,llm_inferred,high,"Name is a candidate committee (""JAMIE FOR OREGON"") with designation P.",gpt-4.1
,C00845032,,SAM BROWN FOR NEVADA,Candidate Committees,Candidate,,llm_inferred,high,"Name is a candidate committee (""SAM BROWN FOR NEVADA"") with designation P.",gpt-4.1
,C00845040,,RIEHLE FOR CONGRESS 2024,Candidate Committees,Candidate,,llm_inferred,high,"Name is a candidate committee (""RIEHLE FOR CONGRESS 2024"") with designation P.",gpt-4.1
,C00845164,,TEKESHA MARTINEZ FOR CONGRESS,Candidate Committees,Candidate,,llm_inferred,high,"Name is a candidate committee (""TEKESHA MARTINEZ FOR CONGRESS"") with designation P.",gpt-4.1
,C00845180,,SUSAN RUBIO FOR CONGRESS,Candidate Committees,Candidate,,llm_inferred,high,"Name is a candidate committee (""SUSAN RUBIO FOR CONGRESS"") with designation P.",gpt-4.1
,C00845339,,COLORADANS FOR SCOTT JAMES,Candidate Committees,Candidate,,llm_inferred,high,"Name is a candidate committee (""COLORADANS FOR SCOTT JAMES"") with designation P.",gpt-4.1
,C00845347,,REDDY FOR KANSAS,Candidate Committees,Candidate,,llm_inferred,high,"Name is a candidate committee (""REDDY FOR KANSAS"") with designation P.",gpt-4.1
,C00845354,,SHETH FOR CONGRESS,Candidate Committees,Candidate,,llm_inferred,high,"Name is a candidate committee (""SHETH FOR CONGRESS"") with designation P.",gpt-4.1
,C00845461,,MANNION FOR NEW YORK,Candidate Committees,Candidate,,llm_inferred,high,"Name is a candidate committee (""MANNION FOR NEW YORK"") with designation P.",gpt-4.1
,C00845487,,SEAN DOUGHERTY FOR CONGRESS,Candidate Committees,Candidate,,llm_inferred,high,"Name is a candidate committee (""SEAN DOUGHERTY FOR CONGRESS"") with designation P.",gpt-4.1
,C00845594,,MIKE MURPHY FOR CONGRESS 2024,Candidate Committees,Candidate,,llm_inferred,high,"Name is a candidate committee (""MIKE MURPHY FOR CONGRESS 2024"") with designation P.",gpt-4.1
,C00845735,,LAROSE FOR SENATE,Candidate Committees,Candidate,,llm_inferred,high,"Name is a candidate committee (""LAROSE FOR SENATE"") with designation P.",gpt-4.1
,C00845743,,TOM ROYALS FOR CONGRESS,Candidate Committees,Candidate,,llm_inferred,high,"Name is a candidate committee (""TOM ROYALS FOR CONGRESS"") with designation P.",gpt-4.1
,C00845750,,PHIL EHR FOR CONGRESS,Candidate Committees,Candidate,,llm_inferred,high,"Name is a candidate committee (""PHIL EHR FOR CONGRESS"") with designation P.",gpt-4.1
,C00845826,,KEVIN LINCOLN FOR CONGRESS,Candidate Committees,Candidate,,llm_inferred,high,"Name is a candidate committee (""KEVIN LINCOLN FOR CONGRESS"") with designation P.",gpt-4.1
,C00845933,,JESSICA FOR MICHIGAN,Candidate Committees,Candidate,,llm_inferred,high,"Name is a candidate committee (""JESSICA FOR MICHIGAN"") with designation P.",gpt-4.1
,C00845966,,DAVIS FOR DELAWARE,Candidate Committees,Candidate,,llm_inferred,high,"Name is a candidate committee (""DAVIS FOR DELAWARE"") with designation P.",gpt-4.1
,C00846014,,PATRICIA FOR RI,Candidate Committees,Candidate,,llm_inferred,high,"Name is a candidate committee (""PATRICIA FOR RI"") with designation P.",gpt-4.1
,C00846048,,MARQUITA BRADSHAW FOR U S SENATE,Candidate Committees,Candidate,,llm_inferred,high,"Name is a candidate committee (""MARQUITA BRADSHAW FOR U S SENATE"") with designation P.",gpt-4.1
,C00846063,,SANTOS LIMON FOR CONGRESS,Candidate Committees,Candidate,,llm_inferred,high,"Name is a candidate committee (""SANTOS LIMON FOR CONGRESS"") with designation P.",gpt-4.1
,C00846089,,DR. KUMAR FOR CONGRESS,Candidate Committees,Candidate,,llm_inferred,high,"Name is a candidate committee (""DR. KUMAR FOR CONGRESS"") with designation P.",gpt-4.1
,C00846154,,LEVINSON FOR NC,Candidate Committees,Candidate,,llm_inferred,high,"Name is a candidate committee (""LEVINSON FOR NC"") with designation P.",gpt-4.1
,C00846162,,NINETY3 PAC,Unknown,Unknown,,llm_inferred,low,"Name (""NINETY3 PAC"") is generic and does not indicate any industry or sector.",gpt-4.1
,C00846212,,FRIENDS OF EUGENE YOUNG,Candidate Committees,Candidate,,llm_inferred,high,"Name is a candidate committee (""FRIENDS OF EUGENE YOUNG"") with designation P.",gpt-4.1
,C00846279,,JOHN QUINONES FOR CONGRESS,Candidate Committees,Candidate,,llm_inferred,high,"Name is a candidate committee (""JOHN QUINONES FOR CONGRESS"") with designation P.",gpt-4.1
,C00846378,,MATT SHOEMAKER FOR CONGRESS,Candidate Committees,Candidate,,llm_inferred,high,"The committee name is 'MATT SHOEMAKER FOR CONGRESS', indicating a candidate committee.",gpt-4.1
,C00846402,,PERIDOT OPERATIONS INC- ULOMA EKPETE,Candidate Committees,Candidate,,llm_inferred,high,"The committee name is 'PERIDOT OPERATIONS INC- ULOMA EKPETE', but the format and designation indicate a candidate committee.",gpt-4.1
,C00846436,,BANWEG FOR CONGRESS,Candidate Committees,Candidate,,llm_inferred,high,"The committee name is 'BANWEG FOR CONGRESS', indicating a candidate committee.",gpt-4.1
,C00846451,,SAPRAICONE FOR SENATE,Candidate Committees,Candidate,,llm_inferred,high,"The committee name is 'SAPRAICONE FOR SENATE', indicating a candidate committee.",gpt-4.1
,C00846501,,MACKENZIE FOR CONGRESS COMMITTEE,Candidate Committees,Candidate,,llm_inferred,high,"The committee name is 'MACKENZIE FOR CONGRESS COMMITTEE', indicating a candidate committee.",gpt-4.1
,C00846550,,HACH FOR CONGRESS,Candidate Committees,Candidate,,llm_inferred,high,"The committee name is 'HACH FOR CONGRESS', indicating a candidate committee.",gpt-4.1
,C00846568,,ANNA STOUT FOR CONGRESS,Candidate Committees,Candidate,,llm_inferred,high,"The committee name is 'ANNA STOUT FOR CONGRESS', indicating a candidate committee.",gpt-4.1
,C00846584,,THE COMMITTEE TO ELECT JOSHUA SMITH,Candidate Committees,Candidate,,llm_inferred,high,"The committee name is 'THE COMMITTEE TO ELECT JOSHUA SMITH', indicating a candidate committee.",gpt-4.1
,C00846600,,BRAME FOR CONGRESS,Candidate Committees,Candidate,,llm_inferred,high,"The committee name is 'BRAME FOR CONGRESS', indicating a candidate committee.",gpt-4.1
,C00846618,,MELISSA HURTADO FOR CONGRESS,Candidate Committees,Candidate,,llm_inferred,high,"The committee name is 'MELISSA HURTADO FOR CONGRESS', indicating a candidate committee.",gpt-4.1
,C00846642,,PRESCOTT FOR CONGRESS,Candidate Committees,Candidate,,llm_inferred,high,"The committee name is 'PRESCOTT FOR CONGRESS', indicating a candidate committee.",gpt-4.1
,C00846709,,HIRSH SINGH FOR PRESIDENT,Candidate Committees,Candidate,,llm_inferred,high,"The committee name is 'HIRSH SINGH FOR PRESIDENT', indicating a candidate committee.",gpt-4.1
,C00846840,,"RAJA CHAUDHRY CAMPAIGN, INC.",Candidate Committees,Candidate,,llm_inferred,high,"The committee name is 'RAJA CHAUDHRY CAMPAIGN, INC.', indicating a candidate committee.",gpt-4.1
,C00846857,,OKLAHOMA FOR BRANDON,Candidate Committees,Candidate,,llm_inferred,high,"The committee name is 'OKLAHOMA FOR BRANDON', indicating a candidate committee.",gpt-4.1
,C00846873,,JOHN MCBRIDE FOR CONGRESS,Candidate Committees,Candidate,,llm_inferred,high,"The committee name is 'JOHN MCBRIDE FOR CONGRESS', indicating a candidate committee.",gpt-4.1
,C00846915,,KARLA MAY FOR U.S. SENATE,Candidate Committees,Candidate,,llm_inferred,high,"The committee name is 'KARLA MAY FOR U.S. SENATE', indicating a candidate committee.",gpt-4.1
,C00846931,,"NORBER FOR CONGRESS, INC.",Candidate Committees,Candidate,,llm_inferred,high,"The committee name is 'NORBER FOR CONGRESS, INC.', indicating a candidate committee.",gpt-4.1
,C00846998,,SMITH FOR CONGRESS,Candidate Committees,Candidate,,llm_inferred,high,"The committee name is 'SMITH FOR CONGRESS', indicating a candidate committee.",gpt-4.1
,C00847020,,CONOR FOR AZ,Candidate Committees,Candidate,,llm_inferred,high,"The committee name is 'CONOR FOR AZ', indicating a candidate committee.",gpt-4.1
,C00847079,,GREG MERK FOR CONGRESS,Candidate Committees,Candidate,,llm_inferred,high,"The committee name is 'GREG MERK FOR CONGRESS', indicating a candidate committee.",gpt-4.1
,C00847129,,MERI GOMEZ FOR SENATE,Candidate Committees,Candidate,,llm_inferred,high,"The committee name is 'MERI GOMEZ FOR SENATE', indicating a candidate committee.",gpt-4.1
,C00847137,,GAY VALIMONT FOR CONGRESS,Candidate Committees,Candidate,,llm_inferred,high,"The committee name is 'GAY VALIMONT FOR CONGRESS', indicating a candidate committee.",gpt-4.1
,C00847277,,ELECT JASON CALL FOR CONGRESS,Candidate Committees,Candidate,,llm_inferred,high,"The committee name is 'ELECT JASON CALL FOR CONGRESS', indicating a candidate committee.",gpt-4.1
,C00847400,,GLORIA FOR TENNESSEE,Candidate Committees,Candidate,,llm_inferred,high,"The committee name is 'GLORIA FOR TENNESSEE', indicating a candidate committee.",gpt-4.1
,C00847418,,DR JEFF GUNTER FOR SENATE,Candidate Committees,Candidate,,llm_inferred,high,"The committee name is 'DR JEFF GUNTER FOR SENATE', indicating a candidate committee.",gpt-4.1
,C00847467,,JIM GAUGHRAN FOR CONGRESS,Candidate Committees,Candidate,,llm_inferred,high,"The committee name is a candidate committee for Jim Gaughran, matching the standard candidate committee format.",gpt-4.1
,C00847483,,SHAWN FOR GEORGIA,Candidate Committees,Candidate,,llm_inferred,high,"The committee name is a candidate committee for Shawn, matching the standard candidate committee format.",gpt-4.1
,C00847517,,TAYLOR MADE FOR SENATE,Candidate Committees,Candidate,,llm_inferred,high,"The committee name is a candidate committee for Taylor, matching the standard candidate committee format.",gpt-4.1
,C00847525,,BOLES FOR OREGON,Candidate Committees,Candidate,,llm_inferred,high,"The committee name is a candidate committee for Boles, matching the standard candidate committee format.",gpt-4.1
,C00847582,,GRADY FOR NEVADA,Candidate Committees,Candidate,,llm_inferred,high,"The committee name is a candidate committee for Grady, matching the standard candidate committee format.",gpt-4.1
,C00847590,,ANNA CHENG KRAMER FOR CONGRESS,Candidate Committees,Candidate,,llm_inferred,high,"The committee name is a candidate committee for Anna Cheng Kramer, matching the standard candidate committee format.",gpt-4.1
,C00847608,,TIM KRAMER FOR CONGRESS,Candidate Committees,Candidate,,llm_inferred,high,"The committee name is a candidate committee for Tim Kramer, matching the standard candidate committee format.",gpt-4.1
,C00847616,,ROBERT A -ROCKY- ROCHFORD FOR CONGRESS,Candidate Committees,Candidate,,llm_inferred,high,"The committee name is a candidate committee for Robert A Rochford, matching the standard candidate committee format.",gpt-4.1
,C00847657,,DR. SHERRY FOR SENATE,Candidate Committees,Candidate,,llm_inferred,high,"The committee name is a candidate committee for Dr. Sherry, matching the standard candidate committee format.",gpt-4.1
,C00847665,,RUZON FOR SENATE 2024,Candidate Committees,Candidate,,llm_inferred,high,"The committee name is a candidate committee for Ruzon, matching the standard candidate committee format.",gpt-4.1
,C00847699,,DAVID PAN FOR CONGRESS 2024,Candidate Committees,Candidate,,llm_inferred,high,"The committee name is a candidate committee for David Pan, matching the standard candidate committee format.",gpt-4.1
,C00847715,,BLAZAKIS FOR CONGRESS,Candidate Committees,Candidate,,llm_inferred,high,"The committee name is a candidate committee for Blazakis, matching the standard candidate committee format.",gpt-4.1
,C00847806,,MARK HOUCK FOR CONGRESS,Candidate Committees,Candidate,,llm_inferred,high,"The committee name is a candidate committee for Mark Houck, matching the standard candidate committee format.",gpt-4.1
,C00847905,,FRIENDS OF LORENZO SANTOS,Candidate Committees,Candidate,,llm_inferred,high,"The committee name is a candidate committee for Lorenzo Santos, matching the standard candidate committee format.",gpt-4.1
,C00847939,,MORCKELFORCONGRESS USA,Candidate Committees,Candidate,,llm_inferred,high,"The committee name is a candidate committee for Morckel, matching the standard candidate committee format.",gpt-4.1
,C00848010,,GEOFFREY GRAMMER FOR U.S. CONGRESS,Candidate Committees,Candidate,,llm_inferred,high,"The committee name is a candidate committee for Geoffrey Grammer, matching the standard candidate committee format.",gpt-4.1
,C00848028,,"HAMILTON FOR CONGRESS, INC.",Candidate Committees,Candidate,,llm_inferred,high,"The committee name is a candidate committee for Hamilton, matching the standard candidate committee format.",gpt-4.1
,C00848119,,ELSIE ARNTZEN FOR CONGRESS,Candidate Committees,Candidate,,llm_inferred,high,"The committee name is a candidate committee for Elsie Arntzen, matching the standard candidate committee format.",gpt-4.1
,C00848150,,MERCURI FOR CONGRESS,Candidate Committees,Candidate,,llm_inferred,high,"The committee name is a candidate committee for Mercuri, matching the standard candidate committee format.",gpt-4.1
,C00848168,,MARGARITA WILKINSON FOR CONGRESS 2024,Candidate Committees,Candidate,,llm_inferred,high,"The committee name is a candidate committee for Margarita Wilkinson, matching the standard candidate committee format.",gpt-4.1
,C00848176,,JON MYERS FOR VIRGINIA,Candidate Committees,Candidate,,llm_inferred,high,"The committee name is a candidate committee for Jon Myers, matching the standard candidate committee format.",gpt-4.1
,C00848226,,KATE FOR CONGRESS INC.,Candidate Committees,Candidate,,llm_inferred,high,"The committee name is a candidate committee for Kate, matching the standard candidate committee format.",gpt-4.1
,C00848234,,BRIAN FRYDENBORG FOR US SENATE FOR MARYLAND,Candidate Committees,Candidate,,llm_inferred,high,"The committee name is a candidate committee for Brian Frydenborg, matching the standard candidate committee format.",gpt-4.1
,C00848242,,ANDERSON FOR CONGRESS 2024,Candidate Committees,Candidate,,llm_inferred,high,"The committee name is a candidate committee for Anderson, matching the standard candidate committee format.",gpt-4.1
,C00848309,,JERICA FOR CONGRESS,Candidate Committees,Candidate,,llm_inferred,high,"The committee name is a candidate committee for Jerica, matching the standard candidate committee format.",gpt-4.1
,C00848333,,JEFF HURD FOR CONGRESS,Candidate Committees,Candidate,,llm_inferred,high,"The committee name is 'JEFF HURD FOR CONGRESS', indicating a candidate committee.",gpt-4.1
,C00848408,,KENNY XU FOR CONGRESS,Candidate Committees,Candidate,,llm_inferred,high,"The committee name is 'KENNY XU FOR CONGRESS', indicating a candidate committee.",gpt-4.1
,C00848606,,HEIDI KASAMA FOR NEVADA,Candidate Committees,Candidate,,llm_inferred,high,"The committee name is 'HEIDI KASAMA FOR NEVADA', indicating a candidate committee.",gpt-4.1
,C00848648,,DEBBIE FOR FLORIDA,Candidate Committees,Candidate,,llm_inferred,high,"The committee name is 'DEBBIE FOR FLORIDA', indicating a candidate committee.",gpt-4.1
,C00849018,,CARRIS FOR CONGRESS,Candidate Committees,Candidate,,llm_inferred,high,"The committee name is 'CARRIS FOR CONGRESS', indicating a candidate committee.",gpt-4.1
,C00849174,,PAUL HUDSON FOR CONGRESS,Candidate Committees,Candidate,,llm_inferred,high,"The committee name is 'PAUL HUDSON FOR CONGRESS', indicating a candidate committee.",gpt-4.1
,C00849182,,RAPOPORT FOR CONGRESS COMMITTEE,Candidate Committees,Candidate,,llm_inferred,high,"The committee name is 'RAPOPORT FOR CONGRESS COMMITTEE', indicating a candidate committee.",gpt-4.1
,C00849315,,BRUCE LOU FOR CONGRESS,Candidate Committees,Candidate,,llm_inferred,high,"The committee name is 'BRUCE LOU FOR CONGRESS', indicating a candidate committee.",gpt-4.1
,C00849331,,CURTIS FOR CONGRESS,Candidate Committees,Candidate,,llm_inferred,high,"The committee name is 'CURTIS FOR CONGRESS', indicating a candidate committee.",gpt-4.1
,C00849349,,JARED YOUNG FOR MISSOURI,Candidate Committees,Candidate,,llm_inferred,high,"The committee name is 'JARED YOUNG FOR MISSOURI', indicating a candidate committee.",gpt-4.1
,C00849422,,ERIN PARE FOR CONGRESS,Candidate Committees,Candidate,,llm_inferred,high,"The committee name is 'ERIN PARE FOR CONGRESS', indicating a candidate committee.",gpt-4.1
,C00849463,,JIM TOES FOR CONGRESS,Candidate Committees,Candidate,,llm_inferred,high,"The committee name is 'JIM TOES FOR CONGRESS', indicating a candidate committee.",gpt-4.1
,C00849612,,CHRISTOPHER MITCHELL CONGRESSIONAL ELECTION COMMITTEE,Candidate Committees,Candidate,,llm_inferred,high,"The committee name is 'CHRISTOPHER MITCHELL CONGRESSIONAL ELECTION COMMITTEE', indicating a candidate committee.",gpt-4.1
,C00849745,,ISAIAH MARTIN FOR CONGRESS,Candidate Committees,Candidate,,llm_inferred,high,"The committee name is 'ISAIAH MARTIN FOR CONGRESS', indicating a candidate committee.",gpt-4.1
,C00849794,,CONROY FOR CONGRESS,Candidate Committees,Candidate,,llm_inferred,high,"The committee name is 'CONROY FOR CONGRESS', indicating a candidate committee.",gpt-4.1
,C00849802,,JEFF FOR GA,Candidate Committees,Candidate,,llm_inferred,high,"The committee name is 'JEFF FOR GA', indicating a candidate committee.",gpt-4.1
,C00849810,,ROGERS FOR SENATE,Candidate Committees,Candidate,,llm_inferred,high,"The committee name is 'ROGERS FOR SENATE', indicating a candidate committee.",gpt-4.1
,C00849828,,TARA FOR WISCONSIN,Candidate Committees,Candidate,,llm_inferred,high,"The committee name is 'TARA FOR WISCONSIN', indicating a candidate committee.",gpt-4.1
,C00849836,,MISSY FOR CONGRESS,Candidate Committees,Candidate,,llm_inferred,high,"The committee name is 'MISSY FOR CONGRESS', indicating a candidate committee.",gpt-4.1
,C00849844,,ELECTGABEEVANS.COM,Candidate Committees,Candidate,,llm_inferred,high,"The committee name is 'ELECTGABEEVANS.COM', indicating a candidate committee.",gpt-4.1
,C00849851,,MIKE O'BRIEN FOR PA,Candidate Committees,Candidate,,llm_inferred,high,"The committee name is 'MIKE O'BRIEN FOR PA', indicating a candidate committee.",gpt-4.1
,C00849901,,CRAIG FOR CONGRESS,Candidate Committees,Candidate,,llm_inferred,high,"The committee name is 'CRAIG FOR CONGRESS', indicating a candidate committee.",gpt-4.1
,C00849968,,WHITTEN FOR CONGRESS,Candidate Committees,Candidate,,llm_inferred,high,"The committee name is 'WHITTEN FOR CONGRESS', indicating a candidate committee.",gpt-4.1
,C00850057,,CARL FOR CONGRESS,Candidate Committees,Candidate,,llm_inferred,high,"The committee name is 'CARL FOR CONGRESS', indicating a candidate committee.",gpt-4.1
,C00850073,,SHARON FOR NM,Candidate Committees,Candidate,,llm_inferred,high,"The committee name is 'SHARON FOR NM', indicating a candidate committee.",gpt-4.1
,C00850164,,BRESLIN FOR CONGRESS,Candidate Committees,Candidate,,llm_inferred,high,The committee name 'BRESLIN FOR CONGRESS' and designation 'P' indicate a candidate committee.,gpt-4.1
,C00850255,,JERRY EVANS FOR CONGRESS,Candidate Committees,Candidate,,llm_inferred,high,The committee name 'JERRY EVANS FOR CONGRESS' and designation 'P' indicate a candidate committee.,gpt-4.1
,C00850305,,BAUCOM FOR CONGRESS,Candidate Committees,Candidate,,llm_inferred,high,The committee name 'BAUCOM FOR CONGRESS' and designation 'P' indicate a candidate committee.,gpt-4.1
,C00850404,,MARK HARRIS FOR CONGRESS,Candidate Committees,Candidate,,llm_inferred,high,The committee name 'MARK HARRIS FOR CONGRESS' and designation 'P' indicate a candidate committee.,gpt-4.1
,C00850420,,CISNEROS FOR CONGRESS,Candidate Committees,Candidate,,llm_inferred,high,The committee name 'CISNEROS FOR CONGRESS' and designation 'P' indicate a candidate committee.,gpt-4.1
,C00850537,,STACEY FOR WISCONSIN,Candidate Committees,Candidate,,llm_inferred,high,The committee name 'STACEY FOR WISCONSIN' and designation 'P' indicate a candidate committee for Senate.,gpt-4.1
,C00850545,,CURTIS FOR UT SENATE REPUBLICAN NOMINEE FUND 2024,Candidate Committees,Candidate,,llm_inferred,high,The committee name 'CURTIS FOR UT SENATE REPUBLICAN NOMINEE FUND 2024' and designation 'A' indicate a candidate or party-related committee.,gpt-4.1
,C00850552,,JOEL KRAUTTER FOR MONTANA,Candidate Committees,Candidate,,llm_inferred,high,The committee name 'JOEL KRAUTTER FOR MONTANA' and designation 'P' indicate a candidate committee.,gpt-4.1
,C00850560,,TIFFANY TILLEY FOR CONGRESS,Candidate Committees,Candidate,,llm_inferred,high,The committee name 'TIFFANY TILLEY FOR CONGRESS' and designation 'P' indicate a candidate committee.,gpt-4.1
,C00850636,,DALIA FOR CONGRESS,Candidate Committees,Candidate,,llm_inferred,high,The committee name 'DALIA FOR CONGRESS' and designation 'P' indicate a candidate committee.,gpt-4.1
,C00850677,,OSBORN FOR SENATE,Candidate Committees,Candidate,,llm_inferred,high,The committee name 'OSBORN FOR SENATE' and designation 'P' indicate a candidate committee.,gpt-4.1
,C00850743,,ROYCE WHITE FOR SENATE,Candidate Committees,Candidate,,llm_inferred,high,The committee name 'ROYCE WHITE FOR SENATE' and designation 'P' indicate a candidate committee.,gpt-4.1
,C00850891,,GOLD BAR PAC,Misc Issues,Other,,llm_inferred,low,The committee name 'GOLD BAR PAC' is generic and does not identify an industry or company.,gpt-4.1
,C00850909,,JOSE SANZ FOR TEXAS,Candidate Committees,Candidate,,llm_inferred,high,The committee name 'JOSE SANZ FOR TEXAS' and designation 'P' indicate a candidate committee.,gpt-4.1
,C00850966,,GION FOR TEXAS,Candidate Committees,Candidate,,llm_inferred,high,The committee name 'GION FOR TEXAS' and designation 'P' indicate a candidate committee.,gpt-4.1
,C00851139,,BROOKE TAYLOR FOR CONGRESS 2024,Candidate Committees,Candidate,,llm_inferred,high,The committee name 'BROOKE TAYLOR FOR CONGRESS 2024' and designation 'P' indicate a candidate committee.,gpt-4.1
,C00851238,,MIKE SOBOLESKI FOR CONGRESS INC,Candidate Committees,Candidate,,llm_inferred,high,The committee name 'MIKE SOBOLESKI FOR CONGRESS INC' and designation 'P' indicate a candidate committee.,gpt-4.1
,C00851246,,JUDGE JOE MCGRAW FOR CONGRESS,Candidate Committees,Candidate,,llm_inferred,high,The committee name 'JUDGE JOE MCGRAW FOR CONGRESS' and designation 'P' indicate a candidate committee.,gpt-4.1
,C00851329,,RAJU FOR CONGRESS,Candidate Committees,Candidate,,llm_inferred,high,The committee name 'RAJU FOR CONGRESS' and designation 'P' indicate a candidate committee.,gpt-4.1
,C00851501,,THE PEOPLE FOR COURTNEY NAJERA,Candidate Committees,Candidate,,llm_inferred,high,The committee name 'THE PEOPLE FOR COURTNEY NAJERA' and designation 'P' indicate a candidate committee.,gpt-4.1
,C00851626,,GONZALES FOR CONGRESS 2024,Candidate Committees,Candidate,,llm_inferred,high,The committee name 'GONZALES FOR CONGRESS 2024' and designation 'P' indicate a candidate committee.,gpt-4.1
,C00851659,,ANITA FOR CONGRESS,Candidate Committees,Candidate,,llm_inferred,high,The committee name 'ANITA FOR CONGRESS' and designation 'P' indicate a candidate committee.,gpt-4.1
,C00851667,,FRANKLIN DELANO ROTH II FOR MISSOURI,Candidate Committees,Candidate,,llm_inferred,high,The committee name 'FRANKLIN DELANO ROTH II FOR MISSOURI' and designation 'P' indicate a candidate committee.,gpt-4.1
,C00851725,,STANLEY CAMPBELL FOR US SENATE,Candidate Committees,Candidate,,llm_inferred,high,The committee name 'STANLEY CAMPBELL FOR US SENATE' and designation 'P' indicate a candidate committee.,gpt-4.1
,C00851790,,DEREK TRAN FOR CONGRESS,Candidate Committees,Candidate,,llm_inferred,high,The committee name 'DEREK TRAN FOR CONGRESS' and designation 'P' indicate a candidate committee.,gpt-4.1
,C00851956,,CITIZENS FOR J CHRISTIAN,Candidate Committees,Candidate,,llm_inferred,high,"The committee name is 'CITIZENS FOR J CHRISTIAN', indicating a candidate committee.",gpt-4.1
,C00851964,,CHIEF JAMES CRAIG FOR SENATE,Candidate Committees,Candidate,,llm_inferred,high,"The committee name is 'CHIEF JAMES CRAIG FOR SENATE', indicating a candidate committee.",gpt-4.1
,C00851972,,NIEMEYER FOR CONGRESS,Candidate Committees,Candidate,,llm_inferred,high,"The committee name is 'NIEMEYER FOR CONGRESS', indicating a candidate committee.",gpt-4.1
,C00851980,,FRIENDS OF DAVE MCCORMICK,Candidate Committees,Candidate,,llm_inferred,high,"The committee name is 'FRIENDS OF DAVE MCCORMICK', indicating a candidate committee.",gpt-4.1
,C00852004,,COLBY JENKINS FOR CONGRESS,Candidate Committees,Candidate,,llm_inferred,high,"The committee name is 'COLBY JENKINS FOR CONGRESS', indicating a candidate committee.",gpt-4.1
,C00852020,,MARK HURT FOR  U.S. CONGRESS 2024,Candidate Committees,Candidate,,llm_inferred,high,"The committee name is 'MARK HURT FOR  U.S. CONGRESS 2024', indicating a candidate committee.",gpt-4.1
,C00852038,,JOHN TEICHERT FOR SENATE,Candidate Committees,Candidate,,llm_inferred,high,"The committee name is 'JOHN TEICHERT FOR SENATE', indicating a candidate committee.",gpt-4.1
,C00852053,,BRIGHT FOR CONGRESS,Candidate Committees,Candidate,,llm_inferred,high,"The committee name is 'BRIGHT FOR CONGRESS', indicating a candidate committee.",gpt-4.1
,C00852061,,THERIAULT FOR CONGRESS,Candidate Committees,Candidate,,llm_inferred,high,"The committee name is 'THERIAULT FOR CONGRESS', indicating a candidate committee.",gpt-4.1
,C00852087,,HOLLIE FOR NEW HAMPSHIRE,Candidate Committees,Candidate,,llm_inferred,high,"The committee name is 'HOLLIE FOR NEW HAMPSHIRE', indicating a candidate committee.",gpt-4.1
,C00852111,,KATHLEEN WINN FOR CONGRESS,Candidate Committees,Candidate,,llm_inferred,high,"The committee name is 'KATHLEEN WINN FOR CONGRESS', indicating a candidate committee.",gpt-4.1
,C00852129,,LITAKER FOR CONGRESS,Candidate Committees,Candidate,,llm_inferred,high,"The committee name is 'LITAKER FOR CONGRESS', indicating a candidate committee.",gpt-4.1
,C00852137,,ROB FOR PA,Candidate Committees,Candidate,,llm_inferred,high,"The committee name is 'ROB FOR PA', indicating a candidate committee.",gpt-4.1
,C00852152,,JENNIFER ADAMS FOR CONGRESS,Candidate Committees,Candidate,,llm_inferred,high,"The committee name is 'JENNIFER ADAMS FOR CONGRESS', indicating a candidate committee.",gpt-4.1
,C00852160,,FRIENDS OF DR. JASSER,Candidate Committees,Candidate,,llm_inferred,high,"The committee name is 'FRIENDS OF DR. JASSER', indicating a candidate committee.",gpt-4.1
,C00852178,,CAITLIN DRAPER FOR ARKANSAS,Candidate Committees,Candidate,,llm_inferred,high,"The committee name is 'CAITLIN DRAPER FOR ARKANSAS', indicating a candidate committee.",gpt-4.1
,C00852186,,CHRISTINE SERRANO GLASSNER FOR U.S. SENATE,Candidate Committees,Candidate,,llm_inferred,high,"The committee name is 'CHRISTINE SERRANO GLASSNER FOR U.S. SENATE', indicating a candidate committee.",gpt-4.1
,C00852194,,JOHN LEE FOR NEVADA,Candidate Committees,Candidate,,llm_inferred,high,"The committee name is 'JOHN LEE FOR NEVADA', indicating a candidate committee.",gpt-4.1
,C00852210,,KATRINA SHANKLAND FOR CONGRESS,Candidate Committees,Candidate,,llm_inferred,high,"The committee name is 'KATRINA SHANKLAND FOR CONGRESS', indicating a candidate committee.",gpt-4.1
,C00852277,,AMY COX FOR CONGRESS,Candidate Committees,Candidate,,llm_inferred,high,"The committee name is 'AMY COX FOR CONGRESS', indicating a candidate committee.",gpt-4.1
,C00852335,,ROSE FOR CONGRESS,Candidate Committees,Candidate,,llm_inferred,high,"The committee name is 'ROSE FOR CONGRESS', indicating a candidate committee.",gpt-4.1
,C00852343,,KARI LAKE FOR SENATE,Candidate Committees,Candidate,,llm_inferred,high,"The committee name is 'KARI LAKE FOR SENATE', indicating a candidate committee.",gpt-4.1
,C00852350,,COMMITTEE TO ELECT RHONDA POWELL,Candidate Committees,Candidate,,llm_inferred,high,"The committee name is 'COMMITTEE TO ELECT RHONDA POWELL', indicating a candidate committee.",gpt-4.1
,C00852368,,FRIENDS OF JANELLE STELSON,Candidate Committees,Candidate,,llm_inferred,high,"The committee name is 'FRIENDS OF JANELLE STELSON', indicating a candidate committee.",gpt-4.1
,C00852434,,GOROFF FOR CONGRESS,Candidate Committees,Candidate,,llm_inferred,high,"The committee name is 'GOROFF FOR CONGRESS', indicating a candidate committee.",gpt-4.1
,C00852467,,FRIENDS OF KATRINA CHRISTIANSEN,Candidate Committees,Candidate,,llm_inferred,high,"The committee name is 'FRIENDS OF KATRINA CHRISTIANSEN', indicating a candidate committee.",gpt-4.1
,C00852475,,RABB EXPLORATORY COMMITTEE,Candidate Committees,Candidate,,llm_inferred,high,"The committee name is 'RABB EXPLORATORY COMMITTEE', indicating a candidate committee.",gpt-4.1
,C00852483,,EISEN FOR NY,Candidate Committees,Candidate,,llm_inferred,high,"The committee name is 'EISEN FOR NY', indicating a candidate committee.",gpt-4.1
,C00852525,,MIKE CLANCY FOR CONGRESS,Candidate Committees,Candidate,,llm_inferred,high,"The committee name is 'MIKE CLANCY FOR CONGRESS', indicating a candidate committee.",gpt-4.1
,C00852574,,WENDELIN FOR CONGRESS,Candidate Committees,Candidate,,llm_inferred,high,"The committee name is 'WENDELIN FOR CONGRESS', indicating a candidate committee.",gpt-4.1
,C00852681,,LD POWELL FOR CONGRESS,Candidate Committees,Candidate,,llm_inferred,high,"The committee name is 'LD POWELL FOR CONGRESS', indicating a candidate committee.",gpt-4.1
,C00852749,,WIRTH FOR CONGRESS 24,Candidate Committees,Candidate,,llm_inferred,high,"The committee name is 'WIRTH FOR CONGRESS 24', indicating a candidate committee.",gpt-4.1
,C00852756,,TERRIS TODD FOR CONGRESS,Candidate Committees,Candidate,,llm_inferred,high,"The committee name is 'TERRIS TODD FOR CONGRESS', indicating a candidate committee.",gpt-4.1
,C00852889,,ESPOSITO FOR CONGRESS,Candidate Committees,Candidate,,llm_inferred,high,"The committee name is 'ESPOSITO FOR CONGRESS', indicating a candidate committee.",gpt-4.1
,C00852897,,STEVE GARVEY FOR US SENATE,Candidate Committees,Candidate,,llm_inferred,high,"The committee name is 'STEVE GARVEY FOR US SENATE', indicating a candidate committee.",gpt-4.1
,C00853044,,LEISY FOR CONGRESS,Candidate Committees,Candidate,,llm_inferred,high,"The committee name is 'LEISY FOR CONGRESS', indicating a candidate committee.",gpt-4.1
,C00853051,,CAROL MURPHY FOR CONGRESS,Candidate Committees,Candidate,,llm_inferred,high,"The committee name is 'CAROL MURPHY FOR CONGRESS', indicating a candidate committee.",gpt-4.1
,C00853077,,COUGHLIN FOR CONGRESS,Candidate Committees,Candidate,,llm_inferred,high,"The committee name is 'COUGHLIN FOR CONGRESS', indicating a candidate committee.",gpt-4.1
,C00853150,,CENK FOR AMERICA,Candidate Committees,Candidate,,llm_inferred,high,"The committee name is 'CENK FOR AMERICA', indicating a candidate committee.",gpt-4.1
,C00853200,,SHIRLEY FOR NEW JERSEY,Candidate Committees,Candidate,,llm_inferred,high,"The committee name is 'SHIRLEY FOR NEW JERSEY', indicating a candidate committee.",gpt-4.1
,C00853234,,FRIENDS OF JAY WAGNER,Candidate Committees,Candidate,,llm_inferred,high,"The committee name is 'FRIENDS OF JAY WAGNER', indicating a candidate committee.",gpt-4.1
,C00853242,,SHREWSBURY FOR SENATE,Candidate Committees,Candidate,,llm_inferred,high,"The committee name is 'SHREWSBURY FOR SENATE', indicating a candidate committee.",gpt-4.1
,C00853457,,COMMITTEE TO ELECT MARK WEINKRANTZ,Candidate Committees,Candidate,,llm_inferred,high,"The committee name is 'COMMITTEE TO ELECT MARK WEINKRANTZ', indicating a candidate committee.",gpt-4.1
,C00853473,,JONATHAN NEZ FOR CONGRESS,Candidate Committees,Candidate,,llm_inferred,high,"The committee name is 'JONATHAN NEZ FOR CONGRESS', indicating a candidate committee.",gpt-4.1
,C00853499,,LAURIE BUCKHOUT FOR CONGRESS,Candidate Committees,Candidate,,llm_inferred,high,"The committee name is 'LAURIE BUCKHOUT FOR CONGRESS', indicating a candidate committee.",gpt-4.1
,C00853614,,COMMITTEE TO ELECT MARCUS JONES,Candidate Committees,Candidate,,llm_inferred,high,"The committee name is 'COMMITTEE TO ELECT MARCUS JONES', indicating a candidate committee.",gpt-4.1
,C00853671,,CORKERY FOR CONGRESS,Candidate Committees,Candidate,,llm_inferred,high,"The committee name is 'CORKERY FOR CONGRESS', indicating a candidate committee.",gpt-4.1
,C00853697,,WILSON FOR WISCONSIN,Candidate Committees,Candidate,,llm_inferred,high,"The committee name is 'WILSON FOR WISCONSIN', indicating a candidate committee.",gpt-4.1
,C00853705,,MAX FOR INDIANA,Candidate Committees,Candidate,,llm_inferred,high,"The committee name is 'MAX FOR INDIANA', indicating a candidate committee.",gpt-4.1
,C00853747,,REJANI FOR SENATE COMMITTEE,Candidate Committees,Candidate,,llm_inferred,high,"The committee name is 'REJANI FOR SENATE COMMITTEE', indicating a candidate committee.",gpt-4.1
,C00853788,,HANSEN FOR SENATE,Candidate Committees,Candidate,,llm_inferred,high,"The committee name is 'HANSEN FOR SENATE', indicating a candidate committee.",gpt-4.1
,C00853846,,THERESA 4 TEXAS,Candidate Committees,Candidate,,llm_inferred,high,"The committee name is 'THERESA 4 TEXAS', indicating a candidate committee.",gpt-4.1
,C00853887,,ENERGIZED FOR CHANGE FEDERAL PAC,Misc Issues,Ideology/Single-Issue,,llm_inferred,low,The name 'ENERGIZED FOR CHANGE FEDERAL PAC' is generic and does not identify an industry.,gpt-4.1
,C00853903,,WALKER FOR MT,Candidate Committees,Candidate,,llm_inferred,high,"The committee name is 'WALKER FOR MT', indicating a candidate committee.",gpt-4.1
,C00853929,,JOE TEIRAB FOR CONGRESS,Candidate Committees,Candidate,,llm_inferred,high,"The committee name is 'JOE TEIRAB FOR CONGRESS', indicating a candidate committee.",gpt-4.1
,C00853945,,MERIKA COLEMAN FOR CONGRESS,Candidate Committees,Candidate,,llm_inferred,high,"The committee name is 'MERIKA COLEMAN FOR CONGRESS', indicating a candidate committee.",gpt-4.1
,C00853986,,ABE FOR ARIZONA,Candidate Committees,Candidate,,llm_inferred,high,"The committee name is 'ABE FOR ARIZONA', indicating a candidate committee.",gpt-4.1
,C00853994,,LIZ JOHNSON FOR US 2024,Candidate Committees,Candidate,,llm_inferred,high,"The committee name is 'LIZ JOHNSON FOR US 2024', indicating a candidate committee.",gpt-4.1
,C00854067,,MELISSA FOR IOWA,Candidate Committees,Candidate,,llm_inferred,high,"The committee name is 'MELISSA FOR IOWA', indicating a candidate committee.",gpt-4.1
,C00854083,,MARK RICE FOR CONGRESS COMMITTEE,Candidate Committees,Candidate,,llm_inferred,high,"The committee name is 'MARK RICE FOR CONGRESS COMMITTEE', indicating a candidate committee.",gpt-4.1
,C00854117,,KARI LERNER FOR FLORIDA,Candidate Committees,Candidate,,llm_inferred,high,"The committee name is 'KARI LERNER FOR FLORIDA', indicating a candidate committee.",gpt-4.1
,C00854216,,BUSKIRK FOR CONGRESS,Candidate Committees,Candidate,,llm_inferred,high,"The committee name is 'BUSKIRK FOR CONGRESS', indicating a candidate committee.",gpt-4.1
,C00854224,,STEFAN SIMCHOWITZ FOR SENATE,Candidate Committees,Candidate,,llm_inferred,high,"The committee name is 'STEFAN SIMCHOWITZ FOR SENATE', indicating a candidate committee.",gpt-4.1
,C00854307,,WHITNEY FOX FOR CONGRESS,Candidate Committees,Candidate,,llm_inferred,high,"The committee name is 'WHITNEY FOX FOR CONGRESS', indicating a candidate committee.",gpt-4.1
,C00854315,,QUINCY BAREEBE FOR CONGRESS,Candidate Committees,Candidate,,llm_inferred,high,"The committee name is 'QUINCY BAREEBE FOR CONGRESS', indicating a candidate committee.",gpt-4.1
,C00854323,,FRIENDS OF KAY ROGERS,Candidate Committees,Candidate,,llm_inferred,high,"The committee name is 'FRIENDS OF KAY ROGERS', indicating a candidate committee.",gpt-4.1
,C00854364,,FRIENDS OF BLAKE LYNCH,Candidate Committees,Candidate,,llm_inferred,high,"The committee name is 'FRIENDS OF BLAKE LYNCH', indicating a candidate committee.",gpt-4.1
,C00854471,,APRIL MCCLAIN DELANEY FOR CONGRESS,Candidate Committees,Candidate,,llm_inferred,high,"The committee name is 'APRIL MCCLAIN DELANEY FOR CONGRESS', indicating a candidate committee.",gpt-4.1
,C00854489,,ADAMGILLARD4CONGRESS,Candidate Committees,Candidate,,llm_inferred,high,"The committee name is 'ADAMGILLARD4CONGRESS', indicating a candidate committee.",gpt-4.1
,C00854539,,FRIENDS TO ELECT LAVERN SPICER,Candidate Committees,Candidate,,llm_inferred,high,"The committee name is 'FRIENDS TO ELECT LAVERN SPICER', indicating a candidate committee.",gpt-4.1
,C00854562,,KANGAS FOR CONGRESS,Candidate Committees,Candidate,,llm_inferred,high,"The committee name is 'KANGAS FOR CONGRESS', indicating a candidate committee.",gpt-4.1
,C00854638,,CARDELL 4 CONGRESS,Candidate Committees,Candidate,,llm_inferred,high,"The committee name is 'CARDELL 4 CONGRESS', indicating a candidate committee.",gpt-4.1
,C00854737,,ALLIES OF THOMAS E DAVIS FOR CONGRESS,Candidate Committees,Candidate,,llm_inferred,high,"The committee name is 'ALLIES OF THOMAS E DAVIS FOR CONGRESS', indicating a candidate committee.",gpt-4.1
,C00854786,,BLAKE MASTERS FOR CONGRESS,Candidate Committees,Candidate,,llm_inferred,high,"The committee name is 'BLAKE MASTERS FOR CONGRESS', indicating a candidate committee.",gpt-4.1
,C00854851,,JASON ZENG FOR CONGRESS,Candidate Committees,Candidate,,llm_inferred,high,"The committee name is 'JASON ZENG FOR CONGRESS', indicating a candidate committee.",gpt-4.1
,C00854935,,DAVID FOR THE VALLEY,Candidate Committees,Candidate,,llm_inferred,high,"The committee name is a candidate committee (individual name), which CRP excludes from industry newsletters.",gpt-4.1
,C00855023,,"DAN COX FOR CONGRESS, INC.",Candidate Committees,Candidate,,llm_inferred,high,"The committee name is a candidate committee (individual name), which CRP excludes from industry newsletters.",gpt-4.1
,C00855049,,NAPOLEON BRACY FOR CONGRESS,Candidate Committees,Candidate,,llm_inferred,high,"The committee name is a candidate committee (individual name), which CRP excludes from industry newsletters.",gpt-4.1
,C00855072,,JOHN FABBRICATORE FOR COLORADO,Candidate Committees,Candidate,,llm_inferred,high,"The committee name is a candidate committee (individual name), which CRP excludes from industry newsletters.",gpt-4.1
,C00855122,,KERN FOR CONGRESS,Candidate Committees,Candidate,,llm_inferred,high,"The committee name is a candidate committee (individual name), which CRP excludes from industry newsletters.",gpt-4.1
,C00855247,,MIKE PONS FOR CONGRESS,Candidate Committees,Candidate,,llm_inferred,high,"The committee name is a candidate committee (individual name), which CRP excludes from industry newsletters.",gpt-4.1
,C00855288,,TROY DOWNING FOR CONGRESS,Candidate Committees,Candidate,,llm_inferred,high,"The committee name is a candidate committee (individual name), which CRP excludes from industry newsletters.",gpt-4.1
,C00855312,,RIVER GASSEN FOR CONGRESS,Candidate Committees,Candidate,,llm_inferred,high,"The committee name is a candidate committee (individual name), which CRP excludes from industry newsletters.",gpt-4.1
,C00855320,,SUSHEELA JAYAPAL FOR CONGRESS,Candidate Committees,Candidate,,llm_inferred,high,"The committee name is a candidate committee (individual name), which CRP excludes from industry newsletters.",gpt-4.1
,C00855338,,EDDY MORALES FOR CONGRESS,Candidate Committees,Candidate,,llm_inferred,high,"The committee name is a candidate committee (individual name), which CRP excludes from industry newsletters.",gpt-4.1
,C00855353,,ELFRETH FOR MARYLAND,Candidate Committees,Candidate,,llm_inferred,high,"The committee name is a candidate committee (individual name), which CRP excludes from industry newsletters.",gpt-4.1
,C00855361,,BRAD KNOTT FOR CONGRESS,Candidate Committees,Candidate,,llm_inferred,high,"The committee name is a candidate committee (individual name), which CRP excludes from industry newsletters.",gpt-4.1
,C00855411,,HALL FOR HOUSE,Candidate Committees,Candidate,,llm_inferred,high,"The committee name is a candidate committee (individual name), which CRP excludes from industry newsletters.",gpt-4.1
,C00855445,,DEBORAH FLORA FOR CONGRESS,Candidate Committees,Candidate,,llm_inferred,high,"The committee name is a candidate committee (individual name), which CRP excludes from industry newsletters.",gpt-4.1
,C00855486,,KATRINA FOR ARIZONA,Candidate Committees,Candidate,,llm_inferred,high,"The committee name is a candidate committee (individual name), which CRP excludes from industry newsletters.",gpt-4.1
,C00855494,,DOBSON FOR CONGRESS,Candidate Committees,Candidate,,llm_inferred,high,"The committee name is a candidate committee (individual name), which CRP excludes from industry newsletters.",gpt-4.1
,C00855502,,BEN TOMA FOR CONGRESS,Candidate Committees,Candidate,,llm_inferred,high,"The committee name is a candidate committee (individual name), which CRP excludes from industry newsletters.",gpt-4.1
,C00855528,,CRAIG GOLDMAN FOR CONGRESS,Candidate Committees,Candidate,,llm_inferred,high,"The committee name is a candidate committee (individual name), which CRP excludes from industry newsletters.",gpt-4.1
,C00855536,,ANDUJO FOR COLORADO,Candidate Committees,Candidate,,llm_inferred,high,"The committee name is a candidate committee (individual name), which CRP excludes from industry newsletters.",gpt-4.1
,C00855569,,BREWBAKER FOR CONGRESS,Candidate Committees,Candidate,,llm_inferred,high,"The committee name is a candidate committee (individual name), which CRP excludes from industry newsletters.",gpt-4.1
,C00855668,,"MEIJER FOR SENATE, INC.",Candidate Committees,Candidate,,llm_inferred,high,"The committee name is a candidate committee (individual name), which CRP excludes from industry newsletters.",gpt-4.1
,C00855676,,TERRI HILL FOR CONGRESS,Candidate Committees,Candidate,,llm_inferred,high,"The committee name is a candidate committee (individual name), which CRP excludes from industry newsletters.",gpt-4.1
,C00855684,,LORE BERGMAN FOR US CONGRESS,Candidate Committees,Candidate,,llm_inferred,high,"The committee name is a candidate committee (individual name), which CRP excludes from industry newsletters.",gpt-4.1
,C00855734,,THE COMMITTEE TO ELECT BRYAN MCKINNEY TO THE US SENATE,Candidate Committees,Candidate,,llm_inferred,high,"The committee name is a candidate committee (individual name), which CRP excludes from industry newsletters.",gpt-4.1
,C00855742,,DR. KRISTIN HOOK FOR CONGRESS,Candidate Committees,Candidate,,llm_inferred,high,"The committee name is a candidate committee (individual name), which CRP excludes from industry newsletters.",gpt-4.1
,C00855825,,MACAULAY FOR CONGRESS,Candidate Committees,Candidate,,llm_inferred,high,The committee name is a candidate committee for a congressional campaign.,gpt-4.1
,C00855833,,HAMPTON HARRIS FOR CONGRESS,Candidate Committees,Candidate,,llm_inferred,high,The committee name is a candidate committee for a congressional campaign.,gpt-4.1
,C00855858,,SEAN SMITH MISSOURI 5TH,Candidate Committees,Candidate,,llm_inferred,high,The committee name is a candidate committee for a congressional campaign.,gpt-4.1
,C00855882,,ROB STEINBERGER FOR CONGRESS,Candidate Committees,Candidate,,llm_inferred,high,The committee name is a candidate committee for a congressional campaign.,gpt-4.1
,C00855890,,HAGGARD FOR CONGRESS,Candidate Committees,Candidate,,llm_inferred,high,The committee name is a candidate committee for a congressional campaign.,gpt-4.1
,C00855916,,JANE GEORGE TN COMMITTEE TO ELECT,Candidate Committees,Candidate,,llm_inferred,high,The committee name is a candidate committee for a congressional campaign.,gpt-4.1
,C00855965,,PENZO FOR CONGRESS,Candidate Committees,Candidate,,llm_inferred,high,The committee name is a candidate committee for a congressional campaign.,gpt-4.1
,C00855981,,TREY HUNT FOR US CONGRESS,Candidate Committees,Candidate,,llm_inferred,high,The committee name is a candidate committee for a congressional campaign.,gpt-4.1
,C00856005,,FRIENDS OF TIM MOORE,Candidate Committees,Candidate,,llm_inferred,high,The committee name is a candidate committee for a congressional campaign.,gpt-4.1
,C00856021,,BACCAM FOR IOWA,Candidate Committees,Candidate,,llm_inferred,high,The committee name is a candidate committee for a congressional campaign.,gpt-4.1
,C00856047,,JENNIFER BOYSKO FOR CONGRESS,Candidate Committees,Candidate,,llm_inferred,high,The committee name is a candidate committee for a congressional campaign.,gpt-4.1
,C00856054,,VIMAL PATEL FOR CONGRESS,Candidate Committees,Candidate,,llm_inferred,high,The committee name is a candidate committee for a congressional campaign.,gpt-4.1
,C00856062,,MORRISON FOR CONGRESS,Candidate Committees,Candidate,,llm_inferred,high,The committee name is a candidate committee for a congressional campaign.,gpt-4.1
,C00856088,,VARTAN FOR CONGRESS,Candidate Committees,Candidate,,llm_inferred,high,The committee name is a candidate committee for a congressional campaign.,gpt-4.1
,C00856096,,LUCIA BAEZ-GELLER FOR CONGRESS,Candidate Committees,Candidate,,llm_inferred,high,The committee name is a candidate committee for a congressional campaign.,gpt-4.1
,C00856112,,JILL STEIN FOR PRESIDENT 2024,Candidate Committees,Candidate,,llm_inferred,high,The committee name is a presidential candidate committee.,gpt-4.1
,C00856161,,RICHARD HOLTORF FOR CONGRESS,Candidate Committees,Candidate,,llm_inferred,high,The committee name is a candidate committee for a congressional campaign.,gpt-4.1
,C00856203,,ANTHONY DANIELS FOR ALABAMA,Candidate Committees,Candidate,,llm_inferred,high,The committee name is a candidate committee for a congressional campaign.,gpt-4.1
,C00856237,,COMMITTEE TO ELECT SHOMARI FIGURES FOR CONGRESS,Candidate Committees,Candidate,,llm_inferred,high,The committee name is a candidate committee for a congressional campaign.,gpt-4.1
,C00856344,,FRIENDS OF HILARY FRANZ,Candidate Committees,Candidate,,llm_inferred,high,The committee name is a candidate committee for a congressional campaign.,gpt-4.1
,C00856401,,MONIQUE FOR CONGRESS,Candidate Committees,Candidate,,llm_inferred,high,The committee name is a candidate committee for a congressional campaign.,gpt-4.1
,C00856443,,ALBRITTON FOR ALABAMA,Candidate Committees,Candidate,,llm_inferred,high,The committee name is a candidate committee for a congressional campaign.,gpt-4.1
,C00856468,,JEANETTE CASS FOR CONGRESS,Candidate Committees,Candidate,,llm_inferred,high,The committee name is a candidate committee for a congressional campaign.,gpt-4.1
,C00856526,,KENNEDY FOR CONGRESS,Candidate Committees,Candidate,,llm_inferred,high,The committee name is a candidate committee for a congressional campaign.,gpt-4.1
,C00856534,,REID FOR CONGRESS,Candidate Committees,Candidate,,llm_inferred,high,The committee name is a candidate committee for a congressional campaign.,gpt-4.1
,C00856542,,ANTANI FOR CONGRESS,Candidate Committees,Candidate,,llm_inferred,high,The committee name 'ANTANI FOR CONGRESS' identifies it as a candidate committee.,gpt-4.1
,C00856567,,GIVAN FOR CONGRESS,Candidate Committees,Candidate,,llm_inferred,high,The committee name 'GIVAN FOR CONGRESS' identifies it as a candidate committee.,gpt-4.1
,C00856575,,COMITE WILLIAM VILLAFANE,Candidate Committees,Candidate,,llm_inferred,high,The committee name 'COMITE WILLIAM VILLAFANE' identifies it as a candidate committee.,gpt-4.1
,C00856591,,DAVID PAUTSCH FOR CONGRESS,Candidate Committees,Candidate,,llm_inferred,high,The committee name 'DAVID PAUTSCH FOR CONGRESS' identifies it as a candidate committee.,gpt-4.1
,C00856609,,JOHN ZARBANO FOR CONGRESS,Candidate Committees,Candidate,,llm_inferred,high,The committee name 'JOHN ZARBANO FOR CONGRESS' identifies it as a candidate committee.,gpt-4.1
,C00856633,,EVANS FOR CO-08 REPUBLICAN NOMINEE FUND 2024,Candidate Committees,Candidate,,llm_inferred,high,The committee name 'EVANS FOR CO-08 REPUBLICAN NOMINEE FUND 2024' identifies it as a candidate committee.,gpt-4.1
,C00856682,,SHANAHAN FOR CONGRESS,Candidate Committees,Candidate,,llm_inferred,high,The committee name 'SHANAHAN FOR CONGRESS' identifies it as a candidate committee.,gpt-4.1
,C00856716,,NANCY DAHLSTROM FOR ALASKA,Candidate Committees,Candidate,,llm_inferred,high,The committee name 'NANCY DAHLSTROM FOR ALASKA' identifies it as a candidate committee.,gpt-4.1
,C00856765,,TAMMY MURPHY FOR SENATE,Candidate Committees,Candidate,,llm_inferred,high,The committee name 'TAMMY MURPHY FOR SENATE' identifies it as a candidate committee.,gpt-4.1
,C00856773,,DAN BUTIEREZ FOR CONGRESS,Candidate Committees,Candidate,,llm_inferred,high,The committee name 'DAN BUTIEREZ FOR CONGRESS' identifies it as a candidate committee.,gpt-4.1
,C00856781,,HELMER FOR CONGRESS,Candidate Committees,Candidate,,llm_inferred,high,The committee name 'HELMER FOR CONGRESS' identifies it as a candidate committee.,gpt-4.1
,C00856823,,MILLER FOR AMERICA,Candidate Committees,Candidate,,llm_inferred,high,The committee name 'MILLER FOR AMERICA' identifies it as a candidate committee.,gpt-4.1
,C00856831,,MCGUIRE FOR VIRGINIA,Candidate Committees,Candidate,,llm_inferred,high,The committee name 'MCGUIRE FOR VIRGINIA' identifies it as a candidate committee.,gpt-4.1
,C00856872,,MARQUETTE GREENE-SCOTT FOR CONGRESS,Candidate Committees,Candidate,,llm_inferred,high,The committee name 'MARQUETTE GREENE-SCOTT FOR CONGRESS' identifies it as a candidate committee.,gpt-4.1
,C00856948,,ALI FOR CONGRESS,Candidate Committees,Candidate,,llm_inferred,high,The committee name 'ALI FOR CONGRESS' identifies it as a candidate committee.,gpt-4.1
,C00856955,,VINDMAN FOR CONGRESS,Candidate Committees,Candidate,,llm_inferred,high,The committee name 'VINDMAN FOR CONGRESS' identifies it as a candidate committee.,gpt-4.1
,C00856963,,SUHAS FOR VIRGINIA,Candidate Committees,Candidate,,llm_inferred,high,The committee name 'SUHAS FOR VIRGINIA' identifies it as a candidate committee.,gpt-4.1
,C00856971,,JACK FOR CONGRESS,Candidate Committees,Candidate,,llm_inferred,high,The committee name 'JACK FOR CONGRESS' identifies it as a candidate committee.,gpt-4.1
,C00856989,,LUISA FOR TEXAS,Candidate Committees,Candidate,,llm_inferred,high,The committee name 'LUISA FOR TEXAS' identifies it as a candidate committee.,gpt-4.1
,C00857003,,MARGARET FOR CONGRESS,Candidate Committees,Candidate,,llm_inferred,high,The committee name 'MARGARET FOR CONGRESS' identifies it as a candidate committee.,gpt-4.1
,C00857060,,ADAM MORGAN FOR CONGRESS,Candidate Committees,Candidate,,llm_inferred,high,The committee name 'ADAM MORGAN FOR CONGRESS' identifies it as a candidate committee.,gpt-4.1
,C00857094,,EMILY RANDALL FOR CONGRESS,Candidate Committees,Candidate,,llm_inferred,high,The committee name 'EMILY RANDALL FOR CONGRESS' identifies it as a candidate committee.,gpt-4.1
,C00857102,,JOHN PETERS FOR CONGRESS,Candidate Committees,Candidate,,llm_inferred,high,The committee name 'JOHN PETERS FOR CONGRESS' identifies it as a candidate committee.,gpt-4.1
,C00857110,,DON BROWN FOR CONGRESS,Candidate Committees,Candidate,,llm_inferred,high,The committee name 'DON BROWN FOR CONGRESS' identifies it as a candidate committee.,gpt-4.1
,C00857151,,FRIENDS OF TASSELL,Candidate Committees,Candidate,,llm_inferred,high,The committee name 'FRIENDS OF TASSELL' identifies it as a candidate committee.,gpt-4.1
,C00857219,,GLORIA WITT FOR CONGRESS,Candidate Committees,Candidate,,llm_inferred,high,"The committee name is a candidate committee for Gloria Witt, which is not industry-based.",gpt-4.1
,C00857235,,DOUG BUGIE FOR CONGRESS,Candidate Committees,Candidate,,llm_inferred,high,"The committee name is a candidate committee for Doug Bugie, which is not industry-based.",gpt-4.1
,C00857243,,MIKE ROGERS FOR CONGRESS,Candidate Committees,Candidate,,llm_inferred,high,"The committee name is a candidate committee for Mike Rogers, which is not industry-based.",gpt-4.1
,C00857300,,"WALLACE GILBERRY FOR ALABAMA, INC.",Candidate Committees,Candidate,,llm_inferred,high,"The committee name is a candidate committee for Wallace Gilberry, which is not industry-based.",gpt-4.1
,C00857326,,BURGESS FOR CONGRESS,Candidate Committees,Candidate,,llm_inferred,high,"The committee name is a candidate committee for Burgess, which is not industry-based.",gpt-4.1
,C00857342,,ELIZABETH ANDERSON FOR CONGRESS,Candidate Committees,Candidate,,llm_inferred,high,"The committee name is a candidate committee for Elizabeth Anderson, which is not industry-based.",gpt-4.1
,C00857359,,BRANDON GILL FOR TEXAS,Candidate Committees,Candidate,,llm_inferred,high,"The committee name is a candidate committee for Brandon Gill, which is not industry-based.",gpt-4.1
,C00857391,,BRIANA SEWELL FOR CONGRESS,Candidate Committees,Candidate,,llm_inferred,high,"The committee name is a candidate committee for Briana Sewell, which is not industry-based.",gpt-4.1
,C00857417,,LUZ RIVAS FOR CONGRESS,Candidate Committees,Candidate,,llm_inferred,high,"The committee name is a candidate committee for Luz Rivas, which is not industry-based.",gpt-4.1
,C00857433,,COMMANDER JAY FURMAN FOR CONGRESS,Candidate Committees,Candidate,,llm_inferred,high,"The committee name is a candidate committee for Jay Furman, which is not industry-based.",gpt-4.1
,C00857508,,REV BUTLER FOR GEORGIA,Candidate Committees,Candidate,,llm_inferred,high,"The committee name is a candidate committee for Rev Butler, which is not industry-based.",gpt-4.1
,C00857656,,ELSHERBINI CAMPAIGN FOR US CONGRESS D DISTRICT 10,Candidate Committees,Candidate,,llm_inferred,high,"The committee name is a candidate committee for Elsherbini, which is not industry-based.",gpt-4.1
,C00857714,,TIM PECK FOR CONGRESS,Candidate Committees,Candidate,,llm_inferred,high,"The committee name is a candidate committee for Tim Peck, which is not industry-based.",gpt-4.1
,C00857763,,SCOTT ARMEY FOR CONGRESS,Candidate Committees,Candidate,,llm_inferred,high,"The committee name is a candidate committee for Scott Armey, which is not industry-based.",gpt-4.1
,C00857797,,BENITO BERNAL FOR CONGRESS 2024,Candidate Committees,Candidate,,llm_inferred,high,"The committee name is a candidate committee for Benito Bernal, which is not industry-based.",gpt-4.1
,C00857805,,GABE EVANS-GTM NF CO08,Candidate Committees,Candidate,,llm_inferred,high,"The committee name is a candidate committee for Gabe Evans, which is not industry-based.",gpt-4.1
,C00857821,,LINEBERGER FOR US CONGRESS,Candidate Committees,Candidate,,llm_inferred,high,"The committee name is a candidate committee for Lineberger, which is not industry-based.",gpt-4.1
,C00857854,,JD MENDOZA FOR CONGRESS,Candidate Committees,Candidate,,llm_inferred,high,"The committee name is a candidate committee for JD Mendoza, which is not industry-based.",gpt-4.1
,C00857896,,MYERS FOR CONGRESS,Candidate Committees,Candidate,,llm_inferred,high,"The committee name is a candidate committee for Myers, which is not industry-based.",gpt-4.1
,C00858035,,BRIAN ROBERTS FOR CONGRESS,Candidate Committees,Candidate,,llm_inferred,high,"The committee name is a candidate committee for Brian Roberts, which is not industry-based.",gpt-4.1
,C00858043,,RUDOW FOR CONGRESS,Candidate Committees,Candidate,,llm_inferred,high,"The committee name is a candidate committee for Rudow, which is not industry-based.",gpt-4.1
,C00858142,,FRIENDS FOR DREW MACEWEN,Candidate Committees,Candidate,,llm_inferred,high,"The committee name is a candidate committee for Drew Macewen, which is not industry-based.",gpt-4.1
,C00858175,,DREW JOHNSON FOR CONGRESS-GTM NF NV03,Candidate Committees,Candidate,,llm_inferred,high,"The committee name is a candidate committee for Drew Johnson, which is not industry-based.",gpt-4.1
,C00858209,,MICHAEL GOLDSTEIN FOR CONGRESS 2024,Candidate Committees,Candidate,,llm_inferred,high,"The committee name is a candidate committee for Michael Goldstein, which is not industry-based.",gpt-4.1
,C00858225,,STEVENWRIGHT2024FORCONGRESS,Candidate Committees,Candidate,,llm_inferred,high,"The committee name is a candidate committee for Steven Wright, which is not industry-based.",gpt-4.1
,C00858266,,NEMBHARD FOR CONGRESS,Candidate Committees,Candidate,,llm_inferred,high,"The committee name is 'NEMBHARD FOR CONGRESS', indicating a candidate committee.",gpt-4.1
,C00858274,,LOVE 4 SENATE,Candidate Committees,Candidate,,llm_inferred,high,"The committee name is 'LOVE 4 SENATE', indicating a candidate committee.",gpt-4.1
,C00858324,,MICHELLE MALDONADO FOR US CONGRESS,Candidate Committees,Candidate,,llm_inferred,high,"The committee name is 'MICHELLE MALDONADO FOR US CONGRESS', indicating a candidate committee.",gpt-4.1
,C00858332,,JESUS G. NAVARRO FOR CONGRESS,Candidate Committees,Candidate,,llm_inferred,high,"The committee name is 'JESUS G. NAVARRO FOR CONGRESS', indicating a candidate committee.",gpt-4.1
,C00858340,,COUGHLIN FOR CONGRESS-GTM NF OH13,Candidate Committees,Candidate,,llm_inferred,high,"The committee name is 'COUGHLIN FOR CONGRESS-GTM NF OH13', indicating a candidate committee.",gpt-4.1
,C00858415,,RULLI FOR OHIO,Candidate Committees,Candidate,,llm_inferred,high,"The committee name is 'RULLI FOR OHIO', indicating a candidate committee.",gpt-4.1
,C00858472,,MARY JO FOR CONGRESS,Candidate Committees,Candidate,,llm_inferred,high,"The committee name is 'MARY JO FOR CONGRESS', indicating a candidate committee.",gpt-4.1
,C00858506,,ESAU FREEMAN FOR KANSAS,Candidate Committees,Candidate,,llm_inferred,high,"The committee name is 'ESAU FREEMAN FOR KANSAS', indicating a candidate committee.",gpt-4.1
,C00858548,,CLINT DORRIS FOR CONGRESS,Candidate Committees,Candidate,,llm_inferred,high,"The committee name is 'CLINT DORRIS FOR CONGRESS', indicating a candidate committee.",gpt-4.1
,C00858589,,CLARENCE LAM FOR CONGRESS,Candidate Committees,Candidate,,llm_inferred,high,"The committee name is 'CLARENCE LAM FOR CONGRESS', indicating a candidate committee.",gpt-4.1
,C00858621,,TODOS CON ELMER / ELMER FOR CONGRESS,Candidate Committees,Candidate,,llm_inferred,high,"The committee name is 'TODOS CON ELMER / ELMER FOR CONGRESS', indicating a candidate committee.",gpt-4.1
,C00858647,,GUZMAN FOR CONGRESS,Candidate Committees,Candidate,,llm_inferred,high,"The committee name is 'GUZMAN FOR CONGRESS', indicating a candidate committee.",gpt-4.1
,C00858654,,JOHN HUFFMAN FOR CONGRESS,Candidate Committees,Candidate,,llm_inferred,high,"The committee name is 'JOHN HUFFMAN FOR CONGRESS', indicating a candidate committee.",gpt-4.1
,C00858662,,CHANDLER TANNER FOR SENATE,Candidate Committees,Candidate,,llm_inferred,high,"The committee name is 'CHANDLER TANNER FOR SENATE', indicating a candidate committee.",gpt-4.1
,C00858688,,LICCARDO FOR CONGRESS,Candidate Committees,Candidate,,llm_inferred,high,"The committee name is 'LICCARDO FOR CONGRESS', indicating a candidate committee.",gpt-4.1
,C00858753,,ELECT PAM GENANT,Candidate Committees,Candidate,,llm_inferred,high,"The committee name is 'ELECT PAM GENANT', indicating a candidate committee.",gpt-4.1
,C00858811,,PHIL HEIMLICH FOR CONGRESS,Candidate Committees,Candidate,,llm_inferred,high,"The committee name is 'PHIL HEIMLICH FOR CONGRESS', indicating a candidate committee.",gpt-4.1
,C00858845,,VERLATO FOR CONGRESS,Candidate Committees,Candidate,,llm_inferred,high,"The committee name is 'VERLATO FOR CONGRESS', indicating a candidate committee.",gpt-4.1
,C00858969,,EVAN LOW FOR CONGRESS,Candidate Committees,Candidate,,llm_inferred,high,"The committee name is 'EVAN LOW FOR CONGRESS', indicating a candidate committee.",gpt-4.1
,C00858993,,RYAN ZINK FOR CONGRESS,Candidate Committees,Candidate,,llm_inferred,high,"The committee name is 'RYAN ZINK FOR CONGRESS', indicating a candidate committee.",gpt-4.1
,C00859033,,JOHN PRABHUDOSS FOR CONGRESS,Candidate Committees,Candidate,,llm_inferred,high,"The committee name is 'JOHN PRABHUDOSS FOR CONGRESS', indicating a candidate committee.",gpt-4.1
,C00859041,,GEORGE LATIMER FOR CONGRESS,Candidate Committees,Candidate,,llm_inferred,high,"The committee name is 'GEORGE LATIMER FOR CONGRESS', indicating a candidate committee.",gpt-4.1
,C00859108,,MAXINE FOR CONGRESS,Candidate Committees,Candidate,,llm_inferred,high,"The committee name is 'MAXINE FOR CONGRESS', indicating a candidate committee.",gpt-4.1
,C00859132,,DEAN FOR WA,Candidate Committees,Candidate,,llm_inferred,high,"The committee name is 'DEAN FOR WA', indicating a candidate committee.",gpt-4.1
,C00859140,,COMMITTEE TO ELECT MISSI HESKETH FOR CONGRESS,Candidate Committees,Candidate,,llm_inferred,high,"The committee name is 'COMMITTEE TO ELECT MISSI HESKETH FOR CONGRESS', indicating a candidate committee.",gpt-4.1
,C00859199,,KYLE HILL FOR CONGRESS,Candidate Committees,Candidate,,llm_inferred,high,"The committee name is a candidate committee for Kyle Hill, indicated by 'FOR CONGRESS'.",gpt-4.1
,C00859215,,KIDD FOR CONGRESS,Candidate Committees,Candidate,,llm_inferred,high,"The committee name is a candidate committee for Kidd, indicated by 'FOR CONGRESS'.",gpt-4.1
,C00859264,,O'HARA FOR OHIO,Candidate Committees,Candidate,,llm_inferred,high,"The committee name is a candidate committee for O'Hara, indicated by 'FOR OHIO'.",gpt-4.1
,C00859298,,MEGAN BARRY FOR CONGRESS,Candidate Committees,Candidate,,llm_inferred,high,"The committee name is a candidate committee for Megan Barry, indicated by 'FOR CONGRESS'.",gpt-4.1
,C00859322,,BUSBY FOR CONGRESS,Candidate Committees,Candidate,,llm_inferred,high,"The committee name is a candidate committee for Busby, indicated by 'FOR CONGRESS'.",gpt-4.1
,C00859421,,FRIENDS OF JULIE,Candidate Committees,Candidate,,llm_inferred,high,"The committee name is a candidate committee for Julie, indicated by 'FRIENDS OF JULIE'.",gpt-4.1
,C00859439,,DIXON FOR CONGRESS,Candidate Committees,Candidate,,llm_inferred,high,"The committee name is a candidate committee for Dixon, indicated by 'FOR CONGRESS'.",gpt-4.1
,C00859462,,SONNENBERG FOR CONGRESS,Candidate Committees,Candidate,,llm_inferred,high,"The committee name is a candidate committee for Sonnenberg, indicated by 'FOR CONGRESS'.",gpt-4.1
,C00859496,,HERB CONAWAY FOR CONGRESS,Candidate Committees,Candidate,,llm_inferred,high,"The committee name is a candidate committee for Herb Conaway, indicated by 'FOR CONGRESS'.",gpt-4.1
,C00859587,,RYAN MAYBERRY FOR CONGRESS,Candidate Committees,Candidate,,llm_inferred,high,"The committee name is a candidate committee for Ryan Mayberry, indicated by 'FOR CONGRESS'.",gpt-4.1
,C00859603,,TANYA LLOYD FOR CONGRESS,Candidate Committees,Candidate,,llm_inferred,high,"The committee name is a candidate committee for Tanya Lloyd, indicated by 'FOR CONGRESS'.",gpt-4.1
,C00859710,,AHMED FOR CONGRESS,Candidate Committees,Candidate,,llm_inferred,high,"The committee name is a candidate committee for Ahmed, indicated by 'FOR CONGRESS'.",gpt-4.1
,C00859785,,LAM4ALOHA,Candidate Committees,Candidate,,llm_inferred,high,"The committee name is a candidate committee for Lam, indicated by 'LAM4ALOHA' and committee type 'S'.",gpt-4.1
,C00859868,,WES HOLDEN FOR CONGRESS,Candidate Committees,Candidate,,llm_inferred,high,"The committee name is a candidate committee for Wes Holden, indicated by 'FOR CONGRESS'.",gpt-4.1
,C00859884,,BRADFORD FOR CONGRESS,Candidate Committees,Candidate,,llm_inferred,high,"The committee name is a candidate committee for Bradford, indicated by 'FOR CONGRESS'.",gpt-4.1
,C00859892,,VINCE FONG FOR CONGRESS,Candidate Committees,Candidate,,llm_inferred,high,"The committee name is a candidate committee for Vince Fong, indicated by 'FOR CONGRESS'.",gpt-4.1
,C00859942,,TED HARVEY FOR COLORADO,Candidate Committees,Candidate,,llm_inferred,high,"The committee name is a candidate committee for Ted Harvey, indicated by 'FOR COLORADO'.",gpt-4.1
,C00860007,,CITIZENS FOR JIM HEMENWAY,Candidate Committees,Candidate,,llm_inferred,high,"The committee name is a candidate committee for Jim Hemenway, indicated by 'CITIZENS FOR JIM HEMENWAY'.",gpt-4.1
,C00860049,,BHALLA FOR CONGRESS,Candidate Committees,Candidate,,llm_inferred,high,"The committee name is a candidate committee for Bhalla, indicated by 'FOR CONGRESS'.",gpt-4.1
,C00860064,,MCDOWELL FOR CONGRESS,Candidate Committees,Candidate,,llm_inferred,high,"The committee name is a candidate committee for McDowell, indicated by 'FOR CONGRESS'.",gpt-4.1
,C00860098,,BETH FARNHAM FOR CONGRESS,Candidate Committees,Candidate,,llm_inferred,high,"The committee name is a candidate committee for Beth Farnham, indicated by 'FOR CONGRESS'.",gpt-4.1
,C00860171,,BOUDREAUX FOR CONGRESS,Candidate Committees,Candidate,,llm_inferred,high,"The committee name is a candidate committee for Boudreaux, indicated by 'FOR CONGRESS'.",gpt-4.1
,C00860213,,DAVE TAYLOR FOR CONGRESS,Candidate Committees,Candidate,,llm_inferred,high,"The committee name is a candidate committee for Dave Taylor, indicated by 'FOR CONGRESS'.",gpt-4.1
,C00860361,,COLORADANS FOR MARIEL BAILEY,Candidate Committees,Candidate,,llm_inferred,high,"The committee name is a candidate committee for Mariel Bailey, indicated by 'COLORADANS FOR MARIEL BAILEY'.",gpt-4.1
,C00860379,,RUSSELL FOR CONGRESS,Candidate Committees,Candidate,,llm_inferred,high,"The committee name is a candidate committee for Russell, indicated by 'FOR CONGRESS'.",gpt-4.1
,C00860395,,WILKIN FOR CONGRESS,Candidate Committees,Candidate,,llm_inferred,high,The committee name is a candidate's campaign committee for Congress.,gpt-4.1
,C00860429,,MAZI FOR CONGRESS,Candidate Committees,Candidate,,llm_inferred,high,The committee name is a candidate's campaign committee for Congress.,gpt-4.1
,C00860445,,CHRIS WRIGHT FOR CONGRESS,Candidate Committees,Candidate,,llm_inferred,high,The committee name is a candidate's campaign committee for Congress.,gpt-4.1
,C00860478,,REGGIE FOR CONGRESS,Candidate Committees,Candidate,,llm_inferred,high,The committee name is a candidate's campaign committee for Congress.,gpt-4.1
,C00861153,,STEVE JONES NM1,Candidate Committees,Candidate,,llm_inferred,high,The committee name is a candidate's campaign committee for Congress.,gpt-4.1
,C00862169,,GREY MILLS FOR CONGRESS,Candidate Committees,Candidate,,llm_inferred,high,The committee name is a candidate's campaign committee for Congress.,gpt-4.1
,C00862888,,ETCHISON FOR CONGRESS,Candidate Committees,Candidate,,llm_inferred,high,The committee name is a candidate's campaign committee for Congress.,gpt-4.1
,C00862896,,HART FOR CONGRESS,Candidate Committees,Candidate,,llm_inferred,high,The committee name is a candidate's campaign committee for Congress.,gpt-4.1
,C00863019,,NIGEL BRISTOW FOR CONGRESS,Candidate Committees,Candidate,,llm_inferred,high,The committee name is a candidate's campaign committee for Congress.,gpt-4.1
,C00863068,,LESLIE MEHTA FOR CONGRESS,Candidate Committees,Candidate,,llm_inferred,high,The committee name is a candidate's campaign committee for Congress.,gpt-4.1
,C00863092,,KING 2024 CAMPAIGN COMMITTEE,Candidate Committees,Candidate,,llm_inferred,high,The committee name is a candidate's campaign committee for Congress.,gpt-4.1
,C00863126,,BROOKE MCGOWAN FOR NORTH CAROLINA,Candidate Committees,Candidate,,llm_inferred,high,The committee name is a candidate's campaign committee for Congress.,gpt-4.1
,C00863167,,COMITE RIVERA LASSEN COMISIONADA,Candidate Committees,Candidate,,llm_inferred,high,The committee name is a candidate's campaign committee for Congress.,gpt-4.1
,C00863399,,DAVID MANDEL FOR CONGRESS 2024,Candidate Committees,Candidate,,llm_inferred,high,The committee name is a candidate's campaign committee for Congress.,gpt-4.1
,C00863506,,BARBIE FOR CONGRESS,Candidate Committees,Candidate,,llm_inferred,high,The committee name is a candidate's campaign committee for Congress.,gpt-4.1
,C00863589,,KATRINA FALLICK-WANG FOR CONGRESS,Candidate Committees,Candidate,,llm_inferred,high,The committee name is a candidate's campaign committee for Congress.,gpt-4.1
,C00863621,,WHITLOW FOR CONGRESS,Candidate Committees,Candidate,,llm_inferred,high,The committee name is a candidate's campaign committee for Congress.,gpt-4.1
,C00863738,,DR LORENZEN FOR CONGRESS,Candidate Committees,Candidate,,llm_inferred,high,The committee name is a candidate's campaign committee for Congress.,gpt-4.1
,C00863829,,MERRIN FOR CONGRESS,Candidate Committees,Candidate,,llm_inferred,high,The committee name is a candidate's campaign committee for Congress.,gpt-4.1
,C00863951,,JOHN BEATTY FOR US CONGRESS,Candidate Committees,Candidate,,llm_inferred,high,The committee name is a candidate's campaign committee for Congress.,gpt-4.1
,C00863993,,ERIN FOR KY,Candidate Committees,Candidate,,llm_inferred,high,The committee name is a candidate's campaign committee for Congress.,gpt-4.1
,C00864009,,ROBERT S. WEINROTH FOR CONGRESS,Candidate Committees,Candidate,,llm_inferred,high,The committee name is a candidate's campaign committee for Congress.,gpt-4.1
,C00864090,,TRISHA 4 COLORADO,Candidate Committees,Candidate,,llm_inferred,high,The committee name is a candidate's campaign committee for Congress.,gpt-4.1
,C00864124,,TRYGVE HAMMER FOR CONGRESS,Candidate Committees,Candidate,,llm_inferred,high,The committee name is a candidate's campaign committee for Congress.,gpt-4.1
,C00864140,,MIKE LYNCH FOR CONGRESS,Candidate Committees,Candidate,,llm_inferred,high,The committee name is a candidate's campaign committee for Congress.,gpt-4.1
,C00864157,,PATRICIA CAMPOS-MEDINA FOR U.S. SENATE,Candidate Committees,Candidate,,llm_inferred,high,The committee name is for a specific candidate for U.S. Senate.,gpt-4.1
,C00864165,,MIKE DUGAN FOR CONGRESS,Candidate Committees,Candidate,,llm_inferred,high,The committee name is for a specific candidate for Congress.,gpt-4.1
,C00864207,,KRISTEN FOR MICHIGAN,Candidate Committees,Candidate,,llm_inferred,high,The committee name is for a specific candidate for Michigan.,gpt-4.1
,C00864280,,PEAY FOR CONGRESS,Candidate Committees,Candidate,,llm_inferred,high,The committee name is for a specific candidate for Congress.,gpt-4.1
,C00864306,,COMMITTEE TO ELECT JOE REAGAN,Candidate Committees,Candidate,,llm_inferred,high,The committee name is for a specific candidate for Congress.,gpt-4.1
,C00864314,,CHRIS PHELEN FOR CONGRESS,Candidate Committees,Candidate,,llm_inferred,high,The committee name is for a specific candidate for Congress.,gpt-4.1
,C00864322,,DOTY FOR CONGRESS,Candidate Committees,Candidate,,llm_inferred,high,The committee name is for a specific candidate for Congress.,gpt-4.1
,C00864389,,FRIENDS OF SINGLETON FOR CONGRESS,Candidate Committees,Candidate,,llm_inferred,high,The committee name is for a specific candidate for Congress.,gpt-4.1
,C00864439,,JOSHUA JAMES FOR TENNESSEE,Candidate Committees,Candidate,,llm_inferred,high,The committee name is for a specific candidate for Tennessee.,gpt-4.1
,C00864488,,MIKE KENNEDY FOR UTAH,Candidate Committees,Candidate,,llm_inferred,high,The committee name is for a specific candidate for Utah.,gpt-4.1
,C00864512,,DUNN'S DEMOCRACY DEFENDERS,Misc Issues,Ideology/Single-Issue,,llm_inferred,low,The committee name is generic and does not indicate an industry or company.,gpt-4.1
,C00864579,,"DIEMER FOR CONGRESS, LLC",Candidate Committees,Candidate,,llm_inferred,high,The committee name is for a specific candidate for Congress.,gpt-4.1
,C00864611,,MORSE 4 MARYLAND,Candidate Committees,Candidate,,llm_inferred,high,The committee name is for a specific candidate for Maryland.,gpt-4.1
,C00864629,,"COMMITTEE TO ELECT BRENT HATCH, INC.",Candidate Committees,Candidate,,llm_inferred,high,The committee name is for a specific candidate for Senate.,gpt-4.1
,C00864637,,KELLY DAUGHTRY FOR CONGRESS,Candidate Committees,Candidate,,llm_inferred,high,The committee name is for a specific candidate for Congress.,gpt-4.1
,C00864702,,COLEMAN FOR MISSOURI,Candidate Committees,Candidate,,llm_inferred,high,The committee name is for a specific candidate for Missouri.,gpt-4.1
,C00864793,,FRIENDS TO ELECT FRUGAL DOUGALL,Candidate Committees,Candidate,,llm_inferred,high,The committee name is for a specific candidate.,gpt-4.1
,C00864819,,ELLIOTT FOR WEST VIRGINIA,Candidate Committees,Candidate,,llm_inferred,high,The committee name is for a specific candidate for West Virginia.,gpt-4.1
,C00864835,,VALDAMAR ARCHULETA FOR CONGRESS,Candidate Committees,Candidate,,llm_inferred,high,The committee name is for a specific candidate for Congress.,gpt-4.1
,C00864900,,WALDMAN4PA24,Candidate Committees,Candidate,,llm_inferred,high,The committee name is for a specific candidate for Pennsylvania.,gpt-4.1
,C00864975,,HANKS FOR COLORADO,Candidate Committees,Candidate,,llm_inferred,high,The committee name is for a specific candidate for Colorado.,gpt-4.1
,C00865048,,KEN BOGNER FOR CONGRESS,Candidate Committees,Candidate,,llm_inferred,high,The committee name is for a specific candidate for Congress.,gpt-4.1
,C00865071,,SARAH FOR NJ,Candidate Committees,Candidate,,llm_inferred,high,The committee name is for a specific candidate for New Jersey.,gpt-4.1
,C00865089,,CHRIS MOOKIE WALKER FOR WV-02,Candidate Committees,Candidate,,llm_inferred,high,The committee name is for a specific candidate for West Virginia.,gpt-4.1
,C00865113,,FRIENDS OF FRANK PIERCE,Candidate Committees,Candidate,,llm_inferred,high,The committee name is for a specific candidate.,gpt-4.1
,C00865253,,COMMITTEE TO ELECT CAROLINE GLEICH,Candidate Committees,Candidate,,llm_inferred,high,The name is a candidate committee for Caroline Gleich.,gpt-4.1
,C00865279,,RICK VON PFEIL FOR CONGRESS,Candidate Committees,Candidate,,llm_inferred,high,The name is a candidate committee for Rick Von Pfeil.,gpt-4.1
,C00865329,,COMMITTEE TO ELECT JESSE JAMES VODVARKA 24,Candidate Committees,Candidate,,llm_inferred,high,The name is a candidate committee for Jesse James Vodvarka.,gpt-4.1
,C00865428,,HARRY FOR MARYLAND,Candidate Committees,Candidate,,llm_inferred,high,The name is a candidate committee for Harry in Maryland.,gpt-4.1
,C00865493,,MANNY GONZALES FOR SENATE,Candidate Committees,Candidate,,llm_inferred,high,The name is a candidate committee for Manny Gonzales.,gpt-4.1
,C00865501,,STEPHEN VARELA FOR COLORADO,Candidate Committees,Candidate,,llm_inferred,high,The name is a candidate committee for Stephen Varela.,gpt-4.1
,C00865519,,BRIAN WALBRIDGE FOR CONGRESS,Candidate Committees,Candidate,,llm_inferred,high,The name is a candidate committee for Brian Walbridge.,gpt-4.1
,C00865592,,JEFF CRANK FOR CONGRESS,Candidate Committees,Candidate,,llm_inferred,high,The name is a candidate committee for Jeff Crank.,gpt-4.1
,C00865600,,DZIADOS FOR CONGRESS,Candidate Committees,Candidate,,llm_inferred,high,The name is a candidate committee for Dziados.,gpt-4.1
,C00865626,,FRIENDS OF DR. BERNADINE BANK,Candidate Committees,Candidate,,llm_inferred,high,The name is a candidate committee for Dr. Bernadine Bank.,gpt-4.1
,C00865675,,KEITH MUNDY FOR CONGRESS,Candidate Committees,Candidate,,llm_inferred,high,The name is a candidate committee for Keith Mundy.,gpt-4.1
,C00865790,,RON HOOD,Candidate Committees,Candidate,,llm_inferred,high,The name is a candidate committee for Ron Hood.,gpt-4.1
,C00865808,,THE COMMITTEE TO ELECT JUSTIN MURPHY 2024,Candidate Committees,Candidate,,llm_inferred,high,The name is a candidate committee for Justin Murphy.,gpt-4.1
,C00865899,,DANIELDARTFORCONGRESS,Candidate Committees,Candidate,,llm_inferred,high,The name is a candidate committee for Daniel Dart.,gpt-4.1
,C00865956,,NELLA FOR SENATE,Candidate Committees,Candidate,,llm_inferred,high,The name is a candidate committee for Nella.,gpt-4.1
,C00866053,,FRIENDS OF JASON WALTON FOR SENATE,Candidate Committees,Candidate,,llm_inferred,high,The name is a candidate committee for Jason Walton.,gpt-4.1
,C00866095,,JOE COHN FOR CONGRESS,Candidate Committees,Candidate,,llm_inferred,high,The name is a candidate committee for Joe Cohn.,gpt-4.1
,C00866103,,ANDREW JONES FOR CONGRESS,Candidate Committees,Candidate,,llm_inferred,high,The name is a candidate committee for Andrew Jones.,gpt-4.1
,C00866152,,"CURTIS BASHAW FOR US SENATE, INC.",Candidate Committees,Candidate,,llm_inferred,high,The name is a candidate committee for Curtis Bashaw.,gpt-4.1
,C00866194,,MIKE SPEEDY FOR CONGRESS,Candidate Committees,Candidate,,llm_inferred,high,The name is a candidate committee for Mike Speedy.,gpt-4.1
,C00866228,,BOB GARDNER FOR CONGRESS,Candidate Committees,Candidate,,llm_inferred,high,The name is a candidate committee for Bob Gardner.,gpt-4.1
,C00866236,,MOSS FOR CONGRESS,Candidate Committees,Candidate,,llm_inferred,high,The name is a candidate committee for Moss.,gpt-4.1
,C00866293,,RE-ELECT DENNIS KUCINICH,Candidate Committees,Candidate,,llm_inferred,high,The name is a candidate committee for Dennis Kucinich.,gpt-4.1
,C00866426,,SHERI BIGGS FOR CONGRESS,Candidate Committees,Candidate,,llm_inferred,high,The name is a candidate committee for Sheri Biggs.,gpt-4.1
,C00866475,,HELP ELECT MAURA KELLER,Candidate Committees,Candidate,,llm_inferred,high,The name is a candidate committee for Maura Keller.,gpt-4.1
,C00866582,,FRIENDS OF ERIK HURT,Candidate Committees,Candidate,,llm_inferred,high,"The committee name is 'FRIENDS OF ERIK HURT', indicating a candidate committee.",gpt-4.1
,C00866624,,JEANNE HENDRICKS FOR CONGRESS,Candidate Committees,Candidate,,llm_inferred,high,"The committee name is 'JEANNE HENDRICKS FOR CONGRESS', indicating a candidate committee.",gpt-4.1
,C00866699,,FRIENDS OF RICK BECKER,Candidate Committees,Candidate,,llm_inferred,high,"The committee name is 'FRIENDS OF RICK BECKER', indicating a candidate committee.",gpt-4.1
,C00866749,,DAN FREI FOR CONGRESS,Candidate Committees,Candidate,,llm_inferred,high,"The committee name is 'DAN FREI FOR CONGRESS', indicating a candidate committee.",gpt-4.1
,C00866848,,CAROL BLOOD FOR CONGRESS,Candidate Committees,Candidate,,llm_inferred,high,"The committee name is 'CAROL BLOOD FOR CONGRESS', indicating a candidate committee.",gpt-4.1
,C00866855,,CAMPAIGN FUND FOR A JOHN PETERS,Candidate Committees,Candidate,,llm_inferred,high,"The committee name is 'CAMPAIGN FUND FOR A JOHN PETERS', indicating a candidate committee.",gpt-4.1
,C00866889,,FEGLER 2024,Candidate Committees,Candidate,,llm_inferred,high,"The committee name is 'FEGLER 2024', indicating a candidate committee.",gpt-4.1
,C00866939,,TOM HOLMES FOR CONGRESS AL-1,Candidate Committees,Candidate,,llm_inferred,high,"The committee name is 'TOM HOLMES FOR CONGRESS AL-1', indicating a candidate committee.",gpt-4.1
,C00866988,,JOHN ROBERTS FOR US SENATE,Candidate Committees,Candidate,,llm_inferred,high,"The committee name is 'JOHN ROBERTS FOR US SENATE', indicating a candidate committee.",gpt-4.1
,C00867002,,DEMI KOUZOUNAS FOR SENATE,Candidate Committees,Candidate,,llm_inferred,high,"The committee name is 'DEMI KOUZOUNAS FOR SENATE', indicating a candidate committee.",gpt-4.1
,C00867150,,COMMITTEE TO ELECT MICHAEL KRIPCHAK,Candidate Committees,Candidate,,llm_inferred,high,"The committee name is 'COMMITTEE TO ELECT MICHAEL KRIPCHAK', indicating a candidate committee.",gpt-4.1
,C00867176,,RISIE HOWARD FOR CONGRESS,Candidate Committees,Candidate,,llm_inferred,high,"The committee name is 'RISIE HOWARD FOR CONGRESS', indicating a candidate committee.",gpt-4.1
,C00867218,,MESSMER FOR CONGRESS,Candidate Committees,Candidate,,llm_inferred,high,"The committee name is 'MESSMER FOR CONGRESS', indicating a candidate committee.",gpt-4.1
,C00867275,,DONALD J. TRUMP REPUBLICAN NOMINEE FUND 2024,Party Committees,Party Cmte,,llm_inferred,high,"The committee name is 'DONALD J. TRUMP REPUBLICAN NOMINEE FUND 2024', indicating a party committee.",gpt-4.1
,C00867317,,KENMITCHELLFORVA,Candidate Committees,Candidate,,llm_inferred,high,"The committee name is 'KENMITCHELLFORVA', indicating a candidate committee.",gpt-4.1
,C00867366,,DERRICK HOLDER FOR CONGRESS,Candidate Committees,Candidate,,llm_inferred,high,"The committee name is 'DERRICK HOLDER FOR CONGRESS', indicating a candidate committee.",gpt-4.1
,C00867481,,SABRINA BOUSBAR FOR CONGRESS,Candidate Committees,Candidate,,llm_inferred,high,"The committee name is 'SABRINA BOUSBAR FOR CONGRESS', indicating a candidate committee.",gpt-4.1
,C00867648,,JONES FOR CONGRESS,Candidate Committees,Candidate,,llm_inferred,high,"The committee name is 'JONES FOR CONGRESS', indicating a candidate committee.",gpt-4.1
,C00867663,,COBURN FOR MARYLAND,Candidate Committees,Candidate,,llm_inferred,high,"The committee name is 'COBURN FOR MARYLAND', indicating a candidate committee.",gpt-4.1
,C00867705,,FRIENDS OF JOE FRASER,Candidate Committees,Candidate,,llm_inferred,high,"The committee name is 'FRIENDS OF JOE FRASER', indicating a candidate committee.",gpt-4.1
,C00867747,,JOHNNY O FOR CONGRESS,Candidate Committees,Candidate,,llm_inferred,high,"The committee name is 'JOHNNY O FOR CONGRESS', indicating a candidate committee.",gpt-4.1
,C00867804,,COLUMBUS FOR CONGRESS,Candidate Committees,Candidate,,llm_inferred,high,"The committee name is 'COLUMBUS FOR CONGRESS', indicating a candidate committee.",gpt-4.1
,C00867812,,TERRY 2024 INC,Candidate Committees,Candidate,,llm_inferred,high,"The committee name is 'TERRY 2024 INC', indicating a candidate committee.",gpt-4.1
,C00867853,,CATHERINE TEMPLETON FOR CONGRESS,Candidate Committees,Candidate,,llm_inferred,high,"The committee name is 'CATHERINE TEMPLETON FOR CONGRESS', indicating a candidate committee.",gpt-4.1
,C00867879,,JANAK JOSHI FOR CONGRESS,Candidate Committees,Candidate,,llm_inferred,high,"The committee name is 'JANAK JOSHI FOR CONGRESS', indicating a candidate committee.",gpt-4.1
,C00867952,,MANDISHA A. THOMAS US CONGRESS,Candidate Committees,Candidate,,llm_inferred,high,The committee name is a candidate's campaign committee for Congress.,gpt-4.1
,C00867960,,MARY WATERS FOR CONGRESS,Candidate Committees,Candidate,,llm_inferred,high,The committee name is a candidate's campaign committee for Congress.,gpt-4.1
,C00868000,,BAILEY FOR CONGRESS,Candidate Committees,Candidate,,llm_inferred,high,The committee name is a candidate's campaign committee for Congress.,gpt-4.1
,C00868125,,ZACH WOMER FOR PENNSYLVANIA,Candidate Committees,Candidate,,llm_inferred,high,The committee name is a candidate's campaign committee for Congress.,gpt-4.1
,C00868141,,COMMITTEE TO ELECT RODNEY GOVENS,Candidate Committees,Candidate,,llm_inferred,high,The committee name is a candidate's campaign committee for Congress.,gpt-4.1
,C00868299,,CARRIER FOR CONGRESS INC.,Candidate Committees,Candidate,,llm_inferred,high,The committee name is a candidate's campaign committee for Congress.,gpt-4.1
,C00868331,,KAVANAUGH FOR CONGRESS,Candidate Committees,Candidate,,llm_inferred,high,The committee name is a candidate's campaign committee for Congress.,gpt-4.1
,C00868349,,BELNOME FOR CONGRESS,Candidate Committees,Candidate,,llm_inferred,high,The committee name is a candidate's campaign committee for Congress.,gpt-4.1
,C00868356,,GERRY SMITH FOR SENATE,Candidate Committees,Candidate,,llm_inferred,high,The committee name is a candidate's campaign committee for Senate.,gpt-4.1
,C00868430,,ELECT LIBBI URBAN,Candidate Committees,Candidate,,llm_inferred,high,The committee name is a candidate's campaign committee for Congress.,gpt-4.1
,C00868513,,CLEO FIELDS FOR CONGRESS,Candidate Committees,Candidate,,llm_inferred,high,The committee name is a candidate's campaign committee for Congress.,gpt-4.1
,C00868976,,HOLD THE LINE PAC,Misc Issues,Ideology/Single-Issue,,llm_inferred,low,The name 'HOLD THE LINE PAC' is generic and does not indicate an industry.,gpt-4.1
,C00868992,,ALFEIA GOODWIN FOR CONGRESS,Candidate Committees,Candidate,,llm_inferred,high,The committee name is a candidate's campaign committee for Congress.,gpt-4.1
,C00869016,,HOGAN FOR MARYLAND INC.,Candidate Committees,Candidate,,llm_inferred,high,The committee name is a candidate's campaign committee for Senate.,gpt-4.1
,C00869123,,PAULA COLLINS FOR CONGRESS,Candidate Committees,Candidate,,llm_inferred,high,The committee name is a candidate's campaign committee for Congress.,gpt-4.1
,C00869149,,WITKOP FOR CONGRESS,Candidate Committees,Candidate,,llm_inferred,high,The committee name is a candidate's campaign committee for Congress.,gpt-4.1
,C00869206,,BUCCO FOR CONGRESS,Candidate Committees,Candidate,,llm_inferred,high,The committee name is a candidate's campaign committee for Congress.,gpt-4.1
,C00869263,,RAFAEL FOR CONGRESS 2024,Candidate Committees,Candidate,,llm_inferred,high,The committee name is a candidate's campaign committee for Congress.,gpt-4.1
,C00869370,,FEDORCHAK FOR ND,Candidate Committees,Candidate,,llm_inferred,high,The committee name is a candidate's campaign committee for Congress.,gpt-4.1
,C00869727,,CHALIFOUX FOR CONGRESS,Candidate Committees,Candidate,,llm_inferred,high,The committee name is a candidate's campaign committee for Congress.,gpt-4.1
,C00869933,,JOHN HOSTETTLER FOR CONGRESS,Candidate Committees,Candidate,,llm_inferred,high,The committee name is a candidate's campaign committee for Congress.,gpt-4.1
,C00869974,,TAD JUDE FOR US CONGRESS,Candidate Committees,Candidate,,llm_inferred,high,The committee name is a candidate's campaign committee for Congress.,gpt-4.1
,C00869990,,LEW WEBB FOR CONGRESS,Candidate Committees,Candidate,,llm_inferred,high,The committee name is a candidate's campaign committee for Congress.,gpt-4.1
,C00870006,,SHELTON FOR CONGRESS,Candidate Committees,Candidate,,llm_inferred,high,The committee name is a candidate's campaign committee for Congress.,gpt-4.1
,C00870055,,LORI CAMP FOR CONGRESS,Candidate Committees,Candidate,,llm_inferred,high,The committee name is a candidate's campaign committee for Congress.,gpt-4.1
,C00870071,,KAREN BAKER FOR THE 9TH DISTRICT VA,Candidate Committees,Candidate,,llm_inferred,high,"The committee name is a candidate committee for Karen Baker, indicated by 'FOR THE 9TH DISTRICT VA'.",gpt-4.1
,C00870121,,CARA FOR SENATE,Candidate Committees,Candidate,,llm_inferred,high,"The committee name is a candidate committee for Cara, indicated by 'FOR SENATE'.",gpt-4.1
,C00870139,,HOVDE FOR WISCONSIN,Candidate Committees,Candidate,,llm_inferred,high,"The committee name is a candidate committee for Hovde, indicated by 'FOR WISCONSIN'.",gpt-4.1
,C00870154,,SERGEI FOR CONGRESS,Candidate Committees,Candidate,,llm_inferred,high,"The committee name is a candidate committee for Sergei, indicated by 'FOR CONGRESS'.",gpt-4.1
,C00870238,,ONDER FOR CONGRESS,Candidate Committees,Candidate,,llm_inferred,high,"The committee name is a candidate committee for Onder, indicated by 'FOR CONGRESS'.",gpt-4.1
,C00870287,,HICKS FOR MISSOURI,Candidate Committees,Candidate,,llm_inferred,high,"The committee name is a candidate committee for Hicks, indicated by 'FOR MISSOURI'.",gpt-4.1
,C00870303,,CHAUDHRY-AHMAD FOR CONGRESS,Candidate Committees,Candidate,,llm_inferred,high,"The committee name is a candidate committee for Chaudhry-Ahmad, indicated by 'FOR CONGRESS'.",gpt-4.1
,C00870337,,JOHN DEATON FOR SENATE INC.,Candidate Committees,Candidate,,llm_inferred,high,"The committee name is a candidate committee for John Deaton, indicated by 'FOR SENATE INC.'.",gpt-4.1
,C00870352,,AUSTIN FOR CONGRESS,Candidate Committees,Candidate,,llm_inferred,high,"The committee name is a candidate committee for Austin, indicated by 'FOR CONGRESS'.",gpt-4.1
,C00870360,,MAY LOR XIONG FOR CONGRESS,Candidate Committees,Candidate,,llm_inferred,high,"The committee name is a candidate committee for May Lor Xiong, indicated by 'FOR CONGRESS'.",gpt-4.1
,C00870386,,KIM GEORGE FOR ARIZONA,Candidate Committees,Candidate,,llm_inferred,high,"The committee name is a candidate committee for Kim George, indicated by 'FOR ARIZONA'.",gpt-4.1
,C00870436,,MAYCUMBER FOR CONGRESS,Candidate Committees,Candidate,,llm_inferred,high,"The committee name is a candidate committee for Maycumber, indicated by 'FOR CONGRESS'.",gpt-4.1
,C00870451,,JOANNA HARBOUR FOR CONGRESS,Candidate Committees,Candidate,,llm_inferred,high,"The committee name is a candidate committee for Joanna Harbour, indicated by 'FOR CONGRESS'.",gpt-4.1
,C00870568,,JOHN AVLON FOR CONGRESS,Candidate Committees,Candidate,,llm_inferred,high,"The committee name is a candidate committee for John Avlon, indicated by 'FOR CONGRESS'.",gpt-4.1
,C00870600,,DANSEL FOR CONGRESS,Candidate Committees,Candidate,,llm_inferred,high,"The committee name is a candidate committee for Dansel, indicated by 'FOR CONGRESS'.",gpt-4.1
,C00870618,,MONTANANS FOR REHBERG 2024,Candidate Committees,Candidate,,llm_inferred,high,"The committee name is a candidate committee for Rehberg, indicated by 'MONTANANS FOR REHBERG 2024'.",gpt-4.1
,C00870634,,ROTH FOR WISCONSIN,Candidate Committees,Candidate,,llm_inferred,high,"The committee name is a candidate committee for Roth, indicated by 'FOR WISCONSIN'.",gpt-4.1
,C00870667,,MIKE DAVEY FOR CONGRESS,Candidate Committees,Candidate,,llm_inferred,high,"The committee name is a candidate committee for Mike Davey, indicated by 'FOR CONGRESS'.",gpt-4.1
,C00870725,,GARY DICKSON FOR CONGRESS,Candidate Committees,Candidate,,llm_inferred,high,"The committee name is a candidate committee for Gary Dickson, indicated by 'FOR CONGRESS'.",gpt-4.1
,C00870733,,BRANDON OGLES FOR CONGRESS,Candidate Committees,Candidate,,llm_inferred,high,"The committee name is a candidate committee for Brandon Ogles, indicated by 'FOR CONGRESS'.",gpt-4.1
,C00870758,,VOTE BAUMGARTNER FOR CONGRESS,Candidate Committees,Candidate,,llm_inferred,high,"The committee name is a candidate committee for Baumgartner, indicated by 'FOR CONGRESS'.",gpt-4.1
,C00870832,,JOARDER FOR CONGRESS,Candidate Committees,Candidate,,llm_inferred,high,"The committee name is a candidate committee for Joarder, indicated by 'FOR CONGRESS'.",gpt-4.1
,C00870899,,FRANKY FRANCO FOR CONGRESS,Candidate Committees,Candidate,,llm_inferred,high,"The committee name is a candidate committee for Franky Franco, indicated by 'FOR CONGRESS'.",gpt-4.1
,C00870949,,SHREVE FOR CONGRESS,Candidate Committees,Candidate,,llm_inferred,high,"The committee name is a candidate committee for Shreve, indicated by 'FOR CONGRESS'.",gpt-4.1
,C00871020,,MORSE FOR CONGRESS,Candidate Committees,Candidate,,llm_inferred,high,"The committee name is a candidate committee for Morse, indicated by 'FOR CONGRESS'.",gpt-4.1
,C00871046,,RACHEL BOHMAN FOR CONGRESS,Candidate Committees,Candidate,,llm_inferred,high,"The committee name is 'RACHEL BOHMAN FOR CONGRESS', indicating a candidate committee.",gpt-4.1
,C00871111,,TONY POMBO FOR CONGRESS,Candidate Committees,Candidate,,llm_inferred,high,"The committee name is 'TONY POMBO FOR CONGRESS', indicating a candidate committee.",gpt-4.1
,C00871160,,SANDY KENNEDY FOR CONGRESS,Candidate Committees,Candidate,,llm_inferred,high,"The committee name is 'SANDY KENNEDY FOR CONGRESS', indicating a candidate committee.",gpt-4.1
,C00871186,,DARLENE CEREZO SWAFFAR FOR CONGRESS,Candidate Committees,Candidate,,llm_inferred,high,"The committee name is 'DARLENE CEREZO SWAFFAR FOR CONGRESS', indicating a candidate committee.",gpt-4.1
,C00871293,,SARAH WILLIAMS FOR SENATE,Candidate Committees,Candidate,,llm_inferred,high,"The committee name is 'SARAH WILLIAMS FOR SENATE', indicating a candidate committee.",gpt-4.1
,C00871335,,CURRAN FOR SENATE,Candidate Committees,Candidate,,llm_inferred,high,"The committee name is 'CURRAN FOR SENATE', indicating a candidate committee.",gpt-4.1
,C00871343,,ELECT CROSS,Candidate Committees,Candidate,,llm_inferred,high,"The committee name is 'ELECT CROSS', indicating a candidate committee.",gpt-4.1
,C00871426,,GINGER CRUZ FOR CONGRESS,Candidate Committees,Candidate,,llm_inferred,high,"The committee name is 'GINGER CRUZ FOR CONGRESS', indicating a candidate committee.",gpt-4.1
,C00871459,,COOPER FOR CONGRESS,Candidate Committees,Candidate,,llm_inferred,high,"The committee name is 'COOPER FOR CONGRESS', indicating a candidate committee.",gpt-4.1
,C00871509,,SCHAEFER FOR CONGRESS,Candidate Committees,Candidate,,llm_inferred,high,"The committee name is 'SCHAEFER FOR CONGRESS', indicating a candidate committee.",gpt-4.1
,C00871533,,JEN PERELMAN FOR CONGRESS,Candidate Committees,Candidate,,llm_inferred,high,"The committee name is 'JEN PERELMAN FOR CONGRESS', indicating a candidate committee.",gpt-4.1
,C00871624,,ANDERSON FOR LOUISIANA,Candidate Committees,Candidate,,llm_inferred,high,"The committee name is 'ANDERSON FOR LOUISIANA', indicating a candidate committee.",gpt-4.1
,C00871970,,JIM CASE FOR CONGRESS INC.,Candidate Committees,Candidate,,llm_inferred,high,"The committee name is 'JIM CASE FOR CONGRESS INC.', indicating a candidate committee.",gpt-4.1
,C00871996,,KEVIN BISHOP FOR CONGRESS,Candidate Committees,Candidate,,llm_inferred,high,"The committee name is 'KEVIN BISHOP FOR CONGRESS', indicating a candidate committee.",gpt-4.1
,C00872010,,JACQUE FOR WISCONSIN,Candidate Committees,Candidate,,llm_inferred,high,"The committee name is 'JACQUE FOR WISCONSIN', indicating a candidate committee.",gpt-4.1
,C00872044,,MARTY FOR CONGRESS,Candidate Committees,Candidate,,llm_inferred,high,"The committee name is 'MARTY FOR CONGRESS', indicating a candidate committee.",gpt-4.1
,C00872143,,BASHIR FOR CONGRESS,Candidate Committees,Candidate,,llm_inferred,high,"The committee name is 'BASHIR FOR CONGRESS', indicating a candidate committee.",gpt-4.1
,C00872382,,GEORGE SONG FOR CONGRESS,Candidate Committees,Candidate,,llm_inferred,high,"The committee name is 'GEORGE SONG FOR CONGRESS', indicating a candidate committee.",gpt-4.1
,C00872416,,DAVID ROBINSON II FOR CONGRESS,Candidate Committees,Candidate,,llm_inferred,high,"The committee name is 'DAVID ROBINSON II FOR CONGRESS', indicating a candidate committee.",gpt-4.1
,C00872424,,SHERYL JOHNSON FOR CONGRESS,Candidate Committees,Candidate,,llm_inferred,high,"The committee name is 'SHERYL JOHNSON FOR CONGRESS', indicating a candidate committee.",gpt-4.1
,C00872473,,BRIAN JACK FOR CONGRESS,Candidate Committees,Candidate,,llm_inferred,high,"The committee name is 'BRIAN JACK FOR CONGRESS', indicating a candidate committee.",gpt-4.1
,C00872598,,KHAIRULLAH FOR CONGRESS,Candidate Committees,Candidate,,llm_inferred,high,"The committee name is 'KHAIRULLAH FOR CONGRESS', indicating a candidate committee.",gpt-4.1
,C00872630,,FRIENDS OF MICHAEL MASSEY,Candidate Committees,Candidate,,llm_inferred,high,"The committee name is 'FRIENDS OF MICHAEL MASSEY', indicating a candidate committee.",gpt-4.1
,C00872671,,NEHME FOR CONGRESS,Candidate Committees,Candidate,,llm_inferred,high,"The committee name is 'NEHME FOR CONGRESS', indicating a candidate committee.",gpt-4.1
,C00872713,,PAUL MILLER FOR UTAH,Candidate Committees,Candidate,,llm_inferred,high,"The committee name is 'PAUL MILLER FOR UTAH', indicating a candidate committee.",gpt-4.1
,C00872739,,FRIENDS OF DAN RUBY,Candidate Committees,Candidate,,llm_inferred,high,The committee name 'FRIENDS OF DAN RUBY' and type indicate it is a candidate committee.,gpt-4.1
,C00872754,,CHERYL RILEY FOR CONGRESS,Candidate Committees,Candidate,,llm_inferred,high,The name 'CHERYL RILEY FOR CONGRESS' and committee type indicate a candidate committee.,gpt-4.1
,C00873125,,COLLIER FOR MICHIGAN,Candidate Committees,Candidate,,llm_inferred,high,The name 'COLLIER FOR MICHIGAN' and committee type indicate a candidate committee.,gpt-4.1
,C00873166,,MICHAEL HUMMERT US SENATE CANDIDATE,Candidate Committees,Candidate,,llm_inferred,high,The name 'MICHAEL HUMMERT US SENATE CANDIDATE' and committee type indicate a candidate committee.,gpt-4.1
,C00873216,,RAY HARTMANN FOR CONGRESS,Candidate Committees,Candidate,,llm_inferred,high,The name 'RAY HARTMANN FOR CONGRESS' and committee type indicate a candidate committee.,gpt-4.1
,C00873315,,EVAN HUTCHISON FOR CONGRESS,Candidate Committees,Candidate,,llm_inferred,high,The name 'EVAN HUTCHISON FOR CONGRESS' and committee type indicate a candidate committee.,gpt-4.1
,C00873323,,MARLANDO PRIDGEN FOR US CONGRESS,Candidate Committees,Candidate,,llm_inferred,high,The name 'MARLANDO PRIDGEN FOR US CONGRESS' and committee type indicate a candidate committee.,gpt-4.1
,C00873364,,KUAEA FOR CONGRESS,Candidate Committees,Candidate,,llm_inferred,high,The name 'KUAEA FOR CONGRESS' and committee type indicate a candidate committee.,gpt-4.1
,C00873554,,KING-HINDS FOR CONGRESS,Candidate Committees,Candidate,,llm_inferred,high,The name 'KING-HINDS FOR CONGRESS' and committee type indicate a candidate committee.,gpt-4.1
,C00873620,,GREG KIDD FOR NEVADA,Candidate Committees,Candidate,,llm_inferred,high,The name 'GREG KIDD FOR NEVADA' and committee type indicate a candidate committee.,gpt-4.1
,C00873653,,MIKE NORTON FOR ARIZONA,Candidate Committees,Candidate,,llm_inferred,high,The name 'MIKE NORTON FOR ARIZONA' and committee type indicate a candidate committee.,gpt-4.1
,C00873661,,KATHRYN FOR CONGRESS,Candidate Committees,Candidate,,llm_inferred,high,The name 'KATHRYN FOR CONGRESS' and committee type indicate a candidate committee.,gpt-4.1
,C00873752,,COMMITTEE TO ELECT CLINTON ST MOSLEY,Candidate Committees,Candidate,,llm_inferred,high,The name 'COMMITTEE TO ELECT CLINTON ST MOSLEY' and committee type indicate a candidate committee.,gpt-4.1
,C00873927,,ALEX FOR NORTH DAKOTA,Candidate Committees,Candidate,,llm_inferred,high,The name 'ALEX FOR NORTH DAKOTA' and committee type indicate a candidate committee.,gpt-4.1
,C00873976,,FRIENDS OF LIZ DAHAN,Candidate Committees,Candidate,,llm_inferred,high,The name 'FRIENDS OF LIZ DAHAN' and committee type indicate a candidate committee.,gpt-4.1
,C00874008,,JACK SMITH FOR CONGRESS,Candidate Committees,Candidate,,llm_inferred,high,The name 'JACK SMITH FOR CONGRESS' and committee type indicate a candidate committee.,gpt-4.1
,C00874024,,CORVI FOR CONGRESS,Candidate Committees,Candidate,,llm_inferred,high,The name 'CORVI FOR CONGRESS' and committee type indicate a candidate committee.,gpt-4.1
,C00874198,,KEVIN JENKINS FOR US HOUSE,Candidate Committees,Candidate,,llm_inferred,high,The name 'KEVIN JENKINS FOR US HOUSE' and committee type indicate a candidate committee.,gpt-4.1
,C00874230,,BILL COTTER FOR CONGRESS,Candidate Committees,Candidate,,llm_inferred,high,The name 'BILL COTTER FOR CONGRESS' and committee type indicate a candidate committee.,gpt-4.1
,C00874438,,FRIENDS OF BRIAN SCHKEEPER,Candidate Committees,Candidate,,llm_inferred,high,The name 'FRIENDS OF BRIAN SCHKEEPER' and committee type indicate a candidate committee.,gpt-4.1
,C00874602,,MARYAM FOR CONGRESS,Candidate Committees,Candidate,,llm_inferred,high,The name 'MARYAM FOR CONGRESS' and committee type indicate a candidate committee.,gpt-4.1
,C00874636,,COLIN VAN OSTERN FOR CONGRESS,Candidate Committees,Candidate,,llm_inferred,high,The name 'COLIN VAN OSTERN FOR CONGRESS' and committee type indicate a candidate committee.,gpt-4.1
,C00874677,,PAM MAY FOR CONGRESS,Candidate Committees,Candidate,,llm_inferred,high,The name 'PAM MAY FOR CONGRESS' and committee type indicate a candidate committee.,gpt-4.1
,C00874693,,PATRICIA KEMP FOR CONGRESS COMMITTEE,Candidate Committees,Candidate,,llm_inferred,high,The name 'PATRICIA KEMP FOR CONGRESS COMMITTEE' and committee type indicate a candidate committee.,gpt-4.1
,C00874701,,JAMES DAVID STOCKTON FOR CONGRESS,Candidate Committees,Candidate,,llm_inferred,high,The name 'JAMES DAVID STOCKTON FOR CONGRESS' and committee type indicate a candidate committee.,gpt-4.1
,C00874743,,IAN CAIN FOR US,Candidate Committees,Candidate,,llm_inferred,high,"The committee name is a candidate committee for Ian Cain, which is not industry-based.",gpt-4.1
,C00874891,,MARY DRAVES FOR CONGRESS,Candidate Committees,Candidate,,llm_inferred,high,"The committee name is a candidate committee for Mary Draves, which is not industry-based.",gpt-4.1
,C00874925,,SADWICK FOR CONGRESS,Candidate Committees,Candidate,,llm_inferred,high,"The committee name is a candidate committee for Sadwick, which is not industry-based.",gpt-4.1
,C00875153,,KRISTIN LYERLY FOR CONGRESS,Candidate Committees,Candidate,,llm_inferred,high,"The committee name is a candidate committee for Kristin Lyerly, which is not industry-based.",gpt-4.1
,C00875161,,COMMITTEE TO ELECT LEONARD PERKINS SR TO CONGRESS,Candidate Committees,Candidate,,llm_inferred,high,"The committee name is a candidate committee for Leonard Perkins Sr, which is not industry-based.",gpt-4.1
,C00875252,,GREG LOPEZ FOR CONGRESS,Candidate Committees,Candidate,,llm_inferred,high,"The committee name is a candidate committee for Greg Lopez, which is not industry-based.",gpt-4.1
,C00875294,,COURTNEY FOR CONGRESS,Candidate Committees,Candidate,,llm_inferred,high,"The committee name is a candidate committee for Courtney, which is not industry-based.",gpt-4.1
,C00875336,,BILL HAMLEN FOR CONGRESS,Candidate Committees,Candidate,,llm_inferred,high,"The committee name is a candidate committee for Bill Hamlen, which is not industry-based.",gpt-4.1
,C00875518,,TONY WIED FOR CONGRESS,Candidate Committees,Candidate,,llm_inferred,high,"The committee name is a candidate committee for Tony Wied, which is not industry-based.",gpt-4.1
,C00875617,,COMMITTEE TO ELECT JOHN BOORAS,Candidate Committees,Candidate,,llm_inferred,high,"The committee name is a candidate committee for John Booras, which is not industry-based.",gpt-4.1
,C00875880,,AMERICA'S AWAKENING PAC,Misc Issues,Ideology/Single-Issue,,llm_inferred,low,The committee name 'America's Awakening PAC' is generic and does not identify an industry.,gpt-4.1
,C00875906,,BOWMAN FOR US HOUSE,Candidate Committees,Candidate,,llm_inferred,high,"The committee name is a candidate committee for Bowman, which is not industry-based.",gpt-4.1
,C00876011,,COMMITTEE TO ELECT MATT LYNCH FOR CONGRESS,Candidate Committees,Candidate,,llm_inferred,high,"The committee name is a candidate committee for Matt Lynch, which is not industry-based.",gpt-4.1
,C00876243,,NICK FOR CONGRESS,Candidate Committees,Candidate,,llm_inferred,high,"The committee name is a candidate committee for Nick, which is not industry-based.",gpt-4.1
,C00876292,,SARAHFREEMAN4CONGRESS,Candidate Committees,Candidate,,llm_inferred,high,"The committee name is a candidate committee for Sarah Freeman, which is not industry-based.",gpt-4.1
,C00876433,,VICTORIA BRODERICK - VICTORIA4TENNESSEE,Candidate Committees,Candidate,,llm_inferred,high,"The committee name is a candidate committee for Victoria Broderick, which is not industry-based.",gpt-4.1
,C00876490,,CITIZENS FOR PETER BARCA,Candidate Committees,Candidate,,llm_inferred,high,"The committee name is a candidate committee for Peter Barca, which is not industry-based.",gpt-4.1
,C00876680,,COMMITTEE TO ELECT EDWIN K. PROPST,Candidate Committees,Candidate,,llm_inferred,high,"The committee name is a candidate committee for Edwin K. Propst, which is not industry-based.",gpt-4.1
,C00876862,,LUTHER LUKE CAMPBELL FOR CONGRESS,Candidate Committees,Candidate,,llm_inferred,high,"The committee name is a candidate committee for Luther Luke Campbell, which is not industry-based.",gpt-4.1
,C00877225,,AARON DIMMOCK FOR CONGRESS,Candidate Committees,Candidate,,llm_inferred,high,"The committee name is a candidate committee for Aaron Dimmock, which is not industry-based.",gpt-4.1
,C00877282,,MEGHANN HOVEY FOR CONGRESS,Candidate Committees,Candidate,,llm_inferred,high,"The committee name is a candidate committee for Meghann Hovey, which is not industry-based.",gpt-4.1
,C00877324,,MIKE HARIDOPOLOS FOR CONGRESS,Candidate Committees,Candidate,,llm_inferred,high,"The committee name is a candidate committee for Mike Haridopolos, which is not industry-based.",gpt-4.1
,C00877357,,SHAWN TIFFANY FOR CONGRESS,Candidate Committees,Candidate,,llm_inferred,high,"The committee name is a candidate committee for Shawn Tiffany, which is not industry-based.",gpt-4.1
,C00877373,,DEREK SCHMIDT FOR CONGRESS,Candidate Committees,Candidate,,llm_inferred,high,"The committee name is a candidate committee for Derek Schmidt, which is not industry-based.",gpt-4.1
,C00877530,,JEFF KAHRS FOR CONGRESS,Candidate Committees,Candidate,,llm_inferred,high,"The committee name is a candidate committee for Jeff Kahrs, which is not industry-based.",gpt-4.1
,C00877878,,ANTHONY VALDES FOR CONGRESS,Candidate Committees,Candidate,,llm_inferred,high,"The committee name is 'ANTHONY VALDES FOR CONGRESS', indicating a candidate committee.",gpt-4.1
,C00877894,,IMRAAN FOR CONGRESS,Candidate Committees,Candidate,,llm_inferred,high,"The committee name is 'IMRAAN FOR CONGRESS', indicating a candidate committee.",gpt-4.1
,C00877951,,JOHN SITKA FOR CONGRESS,Candidate Committees,Candidate,,llm_inferred,high,"The committee name is 'JOHN SITKA FOR CONGRESS', indicating a candidate committee.",gpt-4.1
,C00878108,,SMILEY FOR CONGRESS,Candidate Committees,Candidate,,llm_inferred,high,"The committee name is 'SMILEY FOR CONGRESS', indicating a candidate committee.",gpt-4.1
,C00878397,,PRISCILLA GONZALEZ FOR US CONGRESS,Candidate Committees,Candidate,,llm_inferred,high,"The committee name is 'PRISCILLA GONZALEZ FOR US CONGRESS', indicating a candidate committee.",gpt-4.1
,C00878413,,ERIK EISENHEIM FOR CONGRESS,Candidate Committees,Candidate,,llm_inferred,high,"The committee name is 'ERIK EISENHEIM FOR CONGRESS', indicating a candidate committee.",gpt-4.1
,C00878454,,MAGGIE FOR CONGRESS,Candidate Committees,Candidate,,llm_inferred,high,"The committee name is 'MAGGIE FOR CONGRESS', indicating a candidate committee.",gpt-4.1
,C00878561,,COREY FOR SENATE,Candidate Committees,Candidate,,llm_inferred,high,"The committee name is 'COREY FOR SENATE', indicating a candidate committee.",gpt-4.1
,C00878603,,LAMONICA MCIVER FOR CONGRESS,Candidate Committees,Candidate,,llm_inferred,high,"The committee name is 'LAMONICA MCIVER FOR CONGRESS', indicating a candidate committee.",gpt-4.1
,C00879502,,ARMSTEAD FOR CONGRESS,Candidate Committees,Candidate,,llm_inferred,high,"The committee name is 'ARMSTEAD FOR CONGRESS', indicating a candidate committee.",gpt-4.1
,C00879684,,COMMITTEE TO ELECT RONALD PICKARD,Candidate Committees,Candidate,,llm_inferred,high,"The committee name is 'COMMITTEE TO ELECT RONALD PICKARD', indicating a candidate committee.",gpt-4.1
,C00879718,,COMMITTEE TO ELECT HEATHER SMILEY,Candidate Committees,Candidate,,llm_inferred,high,"The committee name is 'COMMITTEE TO ELECT HEATHER SMILEY', indicating a candidate committee.",gpt-4.1
,C00881177,,BOYDA FOR CONGRESS,Candidate Committees,Candidate,,llm_inferred,high,"The committee name is 'BOYDA FOR CONGRESS', indicating a candidate committee.",gpt-4.1
,C00881300,,MORROW FOR US SENATE,Candidate Committees,Candidate,,llm_inferred,high,"The committee name is 'MORROW FOR US SENATE', indicating a candidate committee.",gpt-4.1
,C00881458,,FRIENDS OF JUSTIN MCNEAL FOR US CONGRESS,Candidate Committees,Candidate,,llm_inferred,high,"The committee name is 'FRIENDS OF JUSTIN MCNEAL FOR US CONGRESS', indicating a candidate committee.",gpt-4.1
,C00881581,,JOYCE LACEY FOR US SENATE,Candidate Committees,Candidate,,llm_inferred,high,"The committee name is 'JOYCE LACEY FOR US SENATE', indicating a candidate committee.",gpt-4.1
,C00881615,,DOUGLAS WYNN,Candidate Committees,Candidate,,llm_inferred,high,"The committee name is 'DOUGLAS WYNN', indicating a candidate committee.",gpt-4.1
,C00882308,,MCFARLANE FOR CONGRESS,Candidate Committees,Candidate,,llm_inferred,high,"The committee name is 'MCFARLANE FOR CONGRESS', indicating a candidate committee.",gpt-4.1
,C00882662,,COMMITTEE TO ELECT ELBERT GUILLORY,Candidate Committees,Candidate,,llm_inferred,high,"The committee name is 'COMMITTEE TO ELECT ELBERT GUILLORY', indicating a candidate committee.",gpt-4.1
,C00882886,,YEN BAILEY FOR CONGRESS,Candidate Committees,Candidate,,llm_inferred,high,"The committee name is 'YEN BAILEY FOR CONGRESS', indicating a candidate committee.",gpt-4.1
,C00883272,,JENNY GARCIA SHARON FOR TEXAS,Candidate Committees,Candidate,,llm_inferred,high,"The committee name is 'JENNY GARCIA SHARON FOR TEXAS', indicating a candidate committee.",gpt-4.1
,C00883736,,RODNEY LABRUCE FOR CONGRESS COMMITTEE,Candidate Committees,Candidate,,llm_inferred,high,"The committee name is 'RODNEY LABRUCE FOR CONGRESS COMMITTEE', indicating a candidate committee.",gpt-4.1
,C00883959,,JOHN WHALEN FOR US CONGRESS,Candidate Committees,Candidate,,llm_inferred,high,"The committee name is 'JOHN WHALEN FOR US CONGRESS', indicating a candidate committee.",gpt-4.1
,C00883967,,JUSTICE FOR PALESTINE ELECT AHMAD DARWISH,Candidate Committees,Candidate,,llm_inferred,high,"The committee name is 'JUSTICE FOR PALESTINE ELECT AHMAD DARWISH', indicating a candidate committee.",gpt-4.1
,C00884122,,COMMITTEE TO ELECT NATHANIEL WOODWARD FOR CONGRESS,Candidate Committees,Candidate,,llm_inferred,high,"The committee name is 'COMMITTEE TO ELECT NATHANIEL WOODWARD FOR CONGRESS', indicating a candidate committee.",gpt-4.1
,C00884528,,COMMITTEE TO ELECT CHRISTOPHER CLARK,Candidate Committees,Candidate,,llm_inferred,high,"The committee name is 'COMMITTEE TO ELECT CHRISTOPHER CLARK', indicating a candidate committee.",gpt-4.1
,C00884742,,THE COMMITTEE TO ELECT JOSEPH SOLIS-MULLEN,Candidate Committees,Candidate,,llm_inferred,high,The name 'THE COMMITTEE TO ELECT JOSEPH SOLIS-MULLEN' identifies it as a candidate committee.,gpt-4.1
,C00885301,,SYLVESTER TURNER CAMPAIGN,Candidate Committees,Candidate,,llm_inferred,high,The name 'SYLVESTER TURNER CAMPAIGN' indicates a candidate committee.,gpt-4.1
,C00885319,,COLORADO WESTERN POLITICAL ACTION COMMITTEE,Misc Issues,Other,,llm_inferred,low,The name 'COLORADO WESTERN POLITICAL ACTION COMMITTEE' is generic and does not identify an industry.,gpt-4.1
,C00885376,,MS RAND FOR PRESIDENT LLC,Candidate Committees,Candidate,,llm_inferred,high,The name 'MS RAND FOR PRESIDENT LLC' indicates a candidate committee.,gpt-4.1
,C00885459,,ALEX FOR WEST VIRGINIA,Candidate Committees,Candidate,,llm_inferred,high,The name 'ALEX FOR WEST VIRGINIA' identifies it as a candidate committee.,gpt-4.1
,C00885517,,CHRISTY LYNCH FOR LA CONGRESSIONAL DIST 2,Candidate Committees,Candidate,,llm_inferred,high,The name 'CHRISTY LYNCH FOR LA CONGRESSIONAL DIST 2' indicates a candidate committee.,gpt-4.1
,C00885764,,HELM FOR CONGRESS,Candidate Committees,Candidate,,llm_inferred,high,The name 'HELM FOR CONGRESS' identifies it as a candidate committee.,gpt-4.1
,C00885996,,ANALISA ROCHE FOR SENATE,Candidate Committees,Candidate,,llm_inferred,high,The name 'ANALISA ROCHE FOR SENATE' indicates a candidate committee.,gpt-4.1
,C00886291,,"KEITH ALLEN 4 SENATE, LLC.",Candidate Committees,Candidate,,llm_inferred,high,"The name 'KEITH ALLEN 4 SENATE, LLC.' identifies it as a candidate committee.",gpt-4.1
,C00886382,,FORCE FOR GOOD,Misc Issues,Ideology/Single-Issue,,llm_inferred,low,The name 'FORCE FOR GOOD' is generic and does not identify an industry.,gpt-4.1
,C00886473,,ERICA LEE CARTER FOR TEXAS,Candidate Committees,Candidate,,llm_inferred,high,The name 'ERICA LEE CARTER FOR TEXAS' indicates a candidate committee.,gpt-4.1
,C00887216,,MARIA DUNN FOR CONGRESS,Candidate Committees,Candidate,,llm_inferred,high,The name 'MARIA DUNN FOR CONGRESS' identifies it as a candidate committee.,gpt-4.1
,C00887455,,JUSTICE WITH DUES,Candidate Committees,Candidate,,llm_inferred,high,The name 'JUSTICE WITH DUES' is ambiguous but committee type and designation indicate a candidate committee.,gpt-4.1
,C00887547,,NELLIE POU FOR CONGRESS,Candidate Committees,Candidate,,llm_inferred,high,The name 'NELLIE POU FOR CONGRESS' identifies it as a candidate committee.,gpt-4.1
,C00888479,,KYLE FREEMAN FOR SENATE,Candidate Committees,Candidate,,llm_inferred,high,The name 'KYLE FREEMAN FOR SENATE' indicates a candidate committee.,gpt-4.1
,C00889956,,VENTOURAS 4 US,Candidate Committees,Candidate,,llm_inferred,high,The name 'VENTOURAS 4 US' identifies it as a candidate committee.,gpt-4.1
,C00890921,,REID RASNER FOR WY,Candidate Committees,Candidate,,llm_inferred,high,The name 'REID RASNER FOR WY' indicates a candidate committee.,gpt-4.1
,C00892380,,PETER WILLIAMS FOR CONGRESS,Candidate Committees,Candidate,,llm_inferred,high,The name 'PETER WILLIAMS FOR CONGRESS' identifies it as a candidate committee.,gpt-4.1
,C00892505,,REILLY FOR MONTANA,Candidate Committees,Candidate,,llm_inferred,high,The name 'REILLY FOR MONTANA' indicates a candidate committee.,gpt-4.1
,C00892737,,CONSTANTINO FOR CONGRESS,Candidate Committees,Candidate,,llm_inferred,high,The name 'CONSTANTINO FOR CONGRESS' identifies it as a candidate committee.,gpt-4.1
,C00892794,,SHOLDON DANIELS FOR THE PEOPLE,Candidate Committees,Candidate,,llm_inferred,high,The name 'SHOLDON DANIELS FOR THE PEOPLE' indicates a candidate committee.,gpt-4.1
,C00893073,,KURT SCHWAB FOR CONGRESS TXCD 33 2026,Candidate Committees,Candidate,,llm_inferred,high,The name 'KURT SCHWAB FOR CONGRESS TXCD 33 2026' identifies it as a candidate committee.,gpt-4.1
,C00893099,,KIM FARINGTON FOR SENATE,Candidate Committees,Candidate,,llm_inferred,high,The name 'KIM FARINGTON FOR SENATE' indicates a candidate committee.,gpt-4.1
,C00893271,,RANDY FINE FOR CONGRESS,Candidate Committees,Candidate,,llm_inferred,high,The name 'RANDY FINE FOR CONGRESS' identifies it as a candidate committee.,gpt-4.1
,C00893321,,JOSH WEIL FOR CONGRESS,Candidate Committees,Candidate,,llm_inferred,high,"The committee name is 'JOSH WEIL FOR CONGRESS', indicating it is a candidate committee.",gpt-4.1
,C00893446,,VANCIL FOR CONGRESS,Candidate Committees,Candidate,,llm_inferred,high,"The committee name is 'VANCIL FOR CONGRESS', indicating it is a candidate committee.",gpt-4.1
,C00893495,,LARRY JACKSON FOR US CONGRESS,Candidate Committees,Candidate,,llm_inferred,high,"The committee name is 'LARRY JACKSON FOR US CONGRESS', indicating it is a candidate committee.",gpt-4.1
,C00893545,,JEFF PEACOCK FOR CONGRESS,Candidate Committees,Candidate,,llm_inferred,high,"The committee name is 'JEFF PEACOCK FOR CONGRESS', indicating it is a candidate committee.",gpt-4.1
,C00893594,,"FRIENDS OF JIMMY PATRONIS, INC.",Candidate Committees,Candidate,,llm_inferred,high,"The committee name is 'FRIENDS OF JIMMY PATRONIS, INC.', indicating it is a candidate committee.",gpt-4.1
,C00893776,,BLAKE FOR THE NORTH COUNTRY,Candidate Committees,Candidate,,llm_inferred,high,"The committee name is 'BLAKE FOR THE NORTH COUNTRY', indicating it is a candidate committee.",gpt-4.1
,C00893842,,DANNY MINTON FOR TEXAS,Candidate Committees,Candidate,,llm_inferred,high,"The committee name is 'DANNY MINTON FOR TEXAS', indicating it is a candidate committee.",gpt-4.1
,C00894121,,BERNADETTE FOR AZ,Candidate Committees,Candidate,,llm_inferred,high,"The committee name is 'BERNADETTE FOR AZ', indicating it is a candidate committee.",gpt-4.1
,C00894188,,TERRY FOR CONGRESS,Candidate Committees,Candidate,,llm_inferred,high,"The committee name is 'TERRY FOR CONGRESS', indicating it is a candidate committee.",gpt-4.1
,C00894337,,BRODEN FOR HOUSE,Candidate Committees,Candidate,,llm_inferred,high,"The committee name is 'BRODEN FOR HOUSE', indicating it is a candidate committee.",gpt-4.1
,C00894915,,ESTHER KIM VARET FOR CONGRESS,Candidate Committees,Candidate,,llm_inferred,high,"The committee name is 'ESTHER KIM VARET FOR CONGRESS', indicating it is a candidate committee.",gpt-4.1
,C00894956,,REINMANN FOR CONGRESS,Candidate Committees,Candidate,,llm_inferred,high,"The committee name is 'REINMANN FOR CONGRESS', indicating it is a candidate committee.",gpt-4.1
,C00895615,,ANDY NILSSON COMMITTEE,Candidate Committees,Candidate,,llm_inferred,high,"The committee name is 'ANDY NILSSON COMMITTEE', indicating it is a candidate committee.",gpt-4.1
,C00895722,,DESMOND FOR CONGRESS,Candidate Committees,Candidate,,llm_inferred,high,"The committee name is 'DESMOND FOR CONGRESS', indicating it is a candidate committee.",gpt-4.1
,C00895763,,MOODY FOR FLORIDA,Candidate Committees,Candidate,,llm_inferred,high,"The committee name is 'MOODY FOR FLORIDA', indicating it is a candidate committee.",gpt-4.1
,C00895888,,EMANUEL JONES FOR CONGRESS,Candidate Committees,Candidate,,llm_inferred,high,"The committee name is 'EMANUEL JONES FOR CONGRESS', indicating it is a candidate committee.",gpt-4.1
,C00895896,,ELIJAH MANLEY FOR CONGRESS,Candidate Committees,Candidate,,llm_inferred,high,"The committee name is 'ELIJAH MANLEY FOR CONGRESS', indicating it is a candidate committee.",gpt-4.1
,C00896019,,HUSTED FOR SENATE,Candidate Committees,Candidate,,llm_inferred,high,"The committee name is 'HUSTED FOR SENATE', indicating it is a candidate committee.",gpt-4.1
,C00896100,,ABEL CHAVEZ FOR CONGRESS,Candidate Committees,Candidate,,llm_inferred,high,"The committee name is 'ABEL CHAVEZ FOR CONGRESS', indicating it is a candidate committee.",gpt-4.1
,C00896134,,JOE KERR FOR CALIFORNIA,Candidate Committees,Candidate,,llm_inferred,high,"The committee name is 'JOE KERR FOR CALIFORNIA', indicating it is a candidate committee.",gpt-4.1
,C00896233,,CHUCKSUMMERS4CONGRESS,Candidate Committees,Candidate,,llm_inferred,high,"The committee name is 'CHUCKSUMMERS4CONGRESS', indicating it is a candidate committee.",gpt-4.1
,C00896357,,OJEDA FOR NC,Candidate Committees,Candidate,,llm_inferred,high,"The committee name is 'OJEDA FOR NC', indicating it is a candidate committee.",gpt-4.1
,C00896423,,SAM COUVILLON FOR CONGRESS,Candidate Committees,Candidate,,llm_inferred,high,"The committee name is 'SAM COUVILLON FOR CONGRESS', indicating it is a candidate committee.",gpt-4.1
,C00896464,,DEL FOR ARIZONA,Candidate Committees,Candidate,,llm_inferred,high,"The committee name is 'DEL FOR ARIZONA', indicating it is a candidate committee.",gpt-4.1
,C00896670,,MANNY RUTINEL FOR CONGRESS,Candidate Committees,Candidate,,llm_inferred,high,"The committee name is 'MANNY RUTINEL FOR CONGRESS', indicating it is a candidate committee.",gpt-4.1
,C00896704,,FRIENDS OF ALEX HAWKINS,Candidate Committees,Candidate,,llm_inferred,high,"The committee name is 'FRIENDS OF ALEX HAWKINS', indicating a candidate committee.",gpt-4.1
,C00896886,,DIANA LAWRENCE FOR CONGRESS,Candidate Committees,Candidate,,llm_inferred,high,"The committee name is 'DIANA LAWRENCE FOR CONGRESS', indicating a candidate committee.",gpt-4.1
,C00896944,,FERGUSON PORTER FOR CONGRESS,Candidate Committees,Candidate,,llm_inferred,high,"The committee name is 'FERGUSON PORTER FOR CONGRESS', indicating a candidate committee.",gpt-4.1
,C00897058,,PAMELA STEVENSON FOR KENTUCKY,Candidate Committees,Candidate,,llm_inferred,high,"The committee name is 'PAMELA STEVENSON FOR KENTUCKY', indicating a candidate committee.",gpt-4.1
,C00897074,,MASIKA AKILAH RAY,Candidate Committees,Candidate,,llm_inferred,high,"The committee name is 'MASIKA AKILAH RAY', indicating a candidate committee.",gpt-4.1
,C00897090,,MENDOZA FOR CONGRESS,Candidate Committees,Candidate,,llm_inferred,high,"The committee name is 'MENDOZA FOR CONGRESS', indicating a candidate committee.",gpt-4.1
,C00897132,,MAXSENTI FOR CONGRESS 2026,Candidate Committees,Candidate,,llm_inferred,high,"The committee name is 'MAXSENTI FOR CONGRESS 2026', indicating a candidate committee.",gpt-4.1
,C00897140,,LYNCH FOR SENATE,Candidate Committees,Candidate,,llm_inferred,high,"The committee name is 'LYNCH FOR SENATE', indicating a candidate committee.",gpt-4.1
,C00897165,,REBECCA BENNETT FOR CONGRESS,Candidate Committees,Candidate,,llm_inferred,high,"The committee name is 'REBECCA BENNETT FOR CONGRESS', indicating a candidate committee.",gpt-4.1
,C00897314,,SAIKAT FOR CONGRESS,Candidate Committees,Candidate,,llm_inferred,high,"The committee name is 'SAIKAT FOR CONGRESS', indicating a candidate committee.",gpt-4.1
,C00897348,,CHRIS SCHULTE FOR CONGRESS,Candidate Committees,Candidate,,llm_inferred,high,"The committee name is 'CHRIS SCHULTE FOR CONGRESS', indicating a candidate committee.",gpt-4.1
,C00897447,,ROBERT PEOPLE FOR CONGRESS,Candidate Committees,Candidate,,llm_inferred,high,"The committee name is 'ROBERT PEOPLE FOR CONGRESS', indicating a candidate committee.",gpt-4.1
,C00897520,,MONICA DEAN FOR CONGRESS,Candidate Committees,Candidate,,llm_inferred,high,"The committee name is 'MONICA DEAN FOR CONGRESS', indicating a candidate committee.",gpt-4.1
,C00897579,,"MAXWELL 4 AMERICA, INC.",Candidate Committees,Candidate,,llm_inferred,high,"The committee name is 'MAXWELL 4 AMERICA, INC.', indicating a candidate committee.",gpt-4.1
,C00897603,,ALEX FOR ARIZONA,Candidate Committees,Candidate,,llm_inferred,high,"The committee name is 'ALEX FOR ARIZONA', indicating a candidate committee.",gpt-4.1
,C00897652,,GOODMAN FOR ILLINOIS,Candidate Committees,Candidate,,llm_inferred,high,"The committee name is 'GOODMAN FOR ILLINOIS', indicating a candidate committee.",gpt-4.1
,C00897751,,PEGGY FLANAGAN FOR MINNESOTA,Candidate Committees,Candidate,,llm_inferred,high,"The committee name is 'PEGGY FLANAGAN FOR MINNESOTA', indicating a candidate committee.",gpt-4.1
,C00897801,,CONNECT FORWARD,Unknown,Unknown,,llm_inferred,low,The committee name 'CONNECT FORWARD' is generic and does not indicate an industry or candidate.,gpt-4.1
,C00897819,,BARRETT MCNABB FOR TEXAS,Candidate Committees,Candidate,,llm_inferred,high,"The committee name is 'BARRETT MCNABB FOR TEXAS', indicating a candidate committee.",gpt-4.1
,C00897843,,CHRISTINA GAGNIER FOR CONGRESS,Candidate Committees,Candidate,,llm_inferred,high,"The committee name is 'CHRISTINA GAGNIER FOR CONGRESS', indicating a candidate committee.",gpt-4.1
,C00897892,,BETH DAVIDSON FOR CONGRESS,Candidate Committees,Candidate,,llm_inferred,high,"The committee name is 'BETH DAVIDSON FOR CONGRESS', indicating a candidate committee.",gpt-4.1
,C00897959,,WAYNE FOR CONGRESS,Candidate Committees,Candidate,,llm_inferred,high,"The committee name is 'WAYNE FOR CONGRESS', indicating a candidate committee.",gpt-4.1
,C00898148,,JIM CARLIN FOR US SENATE,Candidate Committees,Candidate,,llm_inferred,high,"The committee name is 'JIM CARLIN FOR US SENATE', indicating a candidate committee.",gpt-4.1
,C00898189,,CAMERON FOR SENATE INC.,Candidate Committees,Candidate,,llm_inferred,high,"The committee name is 'CAMERON FOR SENATE INC.', indicating a candidate committee.",gpt-4.1
,C00898288,,WILSON FOR CONGRESS,Candidate Committees,Candidate,,llm_inferred,high,"The committee name is 'WILSON FOR CONGRESS', indicating a candidate committee.",gpt-4.1
,C00898353,,RAYMOND FOR CONGRESS,Candidate Committees,Candidate,,llm_inferred,high,The committee name is a candidate committee for a congressional candidate.,gpt-4.1
,C00898429,,DANIEL KEENAN FOR CONGRESS,Candidate Committees,Candidate,,llm_inferred,high,The committee name is a candidate committee for a congressional candidate.,gpt-4.1
,C00898452,,KANDISS TAYLOR FOR GEORGIA,Candidate Committees,Candidate,,llm_inferred,high,The committee name is a candidate committee for a congressional candidate.,gpt-4.1
,C00898544,,MCCLURE FOR PA,Candidate Committees,Candidate,,llm_inferred,high,The committee name is a candidate committee for a congressional candidate.,gpt-4.1
,C00898593,,DIAMANT HYSENAJ FOR CONGRESS,Candidate Committees,Candidate,,llm_inferred,high,The committee name is a candidate committee for a congressional candidate.,gpt-4.1
,C00898742,,GEORGE MORAITIS FOR CONGRESS COMMITTEE,Candidate Committees,Candidate,,llm_inferred,high,The committee name is a candidate committee for a congressional candidate.,gpt-4.1
,C00898775,,MARLENE FOR CONGRESS 2026,Candidate Committees,Candidate,,llm_inferred,high,The committee name is a candidate committee for a congressional candidate.,gpt-4.1
,C00898817,,SCHWARZE FOR SENATE,Candidate Committees,Candidate,,llm_inferred,high,The committee name is a candidate committee for a Senate candidate.,gpt-4.1
,C00898882,,BOB SMITH FOR CONGRESS,Candidate Committees,Candidate,,llm_inferred,high,The committee name is a candidate committee for a congressional candidate.,gpt-4.1
,C00898973,,OBERWEIS FOR CONGRESS,Candidate Committees,Candidate,,llm_inferred,high,The committee name is a candidate committee for a congressional candidate.,gpt-4.1
,C00899013,,BRANDLIN FOR CONGRESS,Candidate Committees,Candidate,,llm_inferred,high,The committee name is a candidate committee for a congressional candidate.,gpt-4.1
,C00899138,,TESSA LYNN HODGE FOR CONGRESS,Candidate Committees,Candidate,,llm_inferred,high,The committee name is a candidate committee for a congressional candidate.,gpt-4.1
,C00899161,,HERRERA FOR OFFICE,Candidate Committees,Candidate,,llm_inferred,high,The committee name is a candidate committee for a congressional candidate.,gpt-4.1
,C00899294,,GULREZ GUS KHAN FOR U.S. SENATE,Candidate Committees,Candidate,,llm_inferred,high,The committee name is a candidate committee for a Senate candidate.,gpt-4.1
,C00899310,,MELISA FOR MINNESOTA,Candidate Committees,Candidate,,llm_inferred,high,The committee name is a candidate committee for a Senate candidate.,gpt-4.1
,C00899336,,MARK LEONARD FOR CALIFORNIA,Candidate Committees,Candidate,,llm_inferred,high,The committee name is a candidate committee for a congressional candidate.,gpt-4.1
,C00899344,,ERIK OSBERG FOR CONGRESS,Candidate Committees,Candidate,,llm_inferred,high,The committee name is a candidate committee for a congressional candidate.,gpt-4.1
,C00899450,,JIM TORINO FOR US CONGRESS,Candidate Committees,Candidate,,llm_inferred,high,The committee name is a candidate committee for a congressional candidate.,gpt-4.1
,C00899492,,JOHN VINCENT FOR CONGRESS,Candidate Committees,Candidate,,llm_inferred,high,The committee name is a candidate committee for a congressional candidate.,gpt-4.1
,C00899666,,COMMITTEE TO ELECT JOE ALBRIGHT FOR US REPRESENTATIVE,Candidate Committees,Candidate,,llm_inferred,high,The committee name is a candidate committee for a congressional candidate.,gpt-4.1
,C00899831,,CHRISTIAN D MENEFEE FOR CONGRESS,Candidate Committees,Candidate,,llm_inferred,high,The committee name is a candidate committee for a congressional candidate.,gpt-4.1
,C00900027,,JERONE DAVISON FOR ARIZONA,Candidate Committees,Candidate,,llm_inferred,high,The committee name is a candidate committee for a congressional candidate.,gpt-4.1
,C00900225,,BERNARD TAYLOR FOR CONGRESS,Candidate Committees,Candidate,,llm_inferred,high,The committee name is a candidate committee for a congressional candidate.,gpt-4.1
,C00900233,,COMMITTEE TO ELECT JOSH SMEAD,Candidate Committees,Candidate,,llm_inferred,high,The committee name is a candidate committee for a congressional candidate.,gpt-4.1
,C00900282,,CITIZENS FOR GEORGE GLUCK,Candidate Committees,Candidate,,llm_inferred,high,The committee name is a candidate committee for a congressional candidate.,gpt-4.1
,C00900399,,NOLLEY FOR CONGRESS,Candidate Committees,Candidate,,llm_inferred,high,"The committee name is a candidate committee ('NOLLEY FOR CONGRESS'), which is excluded from industry newsletters.",gpt-4.1
,C00900431,,CAIT FOR NEW YORK,Candidate Committees,Candidate,,llm_inferred,high,"The committee name is a candidate committee ('CAIT FOR NEW YORK'), which is excluded from industry newsletters.",gpt-4.1
,C00900449,,KAT FOR ILLINOIS,Candidate Committees,Candidate,,llm_inferred,high,"The committee name is a candidate committee ('KAT FOR ILLINOIS'), which is excluded from industry newsletters.",gpt-4.1
,C00900456,,DANIEL FOR ARIZONA,Candidate Committees,Candidate,,llm_inferred,high,"The committee name is a candidate committee ('DANIEL FOR ARIZONA'), which is excluded from industry newsletters.",gpt-4.1
,C00900480,,FRIENDS OF JON THORP,Candidate Committees,Candidate,,llm_inferred,high,"The committee name is a candidate committee ('FRIENDS OF JON THORP'), which is excluded from industry newsletters.",gpt-4.1
,C00900514,,RABLE FOR WEST TEXAS,Candidate Committees,Candidate,,llm_inferred,high,"The committee name is a candidate committee ('RABLE FOR WEST TEXAS'), which is excluded from industry newsletters.",gpt-4.1
,C00900522,,LYLES FOR SENATE,Candidate Committees,Candidate,,llm_inferred,high,"The committee name is a candidate committee ('LYLES FOR SENATE'), which is excluded from industry newsletters.",gpt-4.1
,C00900589,,ANNA MEDVEDEVA FOR CONGRESS,Candidate Committees,Candidate,,llm_inferred,high,"The committee name is a candidate committee ('ANNA MEDVEDEVA FOR CONGRESS'), which is excluded from industry newsletters.",gpt-4.1
,C00900613,,GALLUCCI FOR CONGRESS 2026,Candidate Committees,Candidate,,llm_inferred,high,"The committee name is a candidate committee ('GALLUCCI FOR CONGRESS 2026'), which is excluded from industry newsletters.",gpt-4.1
,C00900779,,SWIFT FOR CONGRESS 2026,Candidate Committees,Candidate,,llm_inferred,high,"The committee name is a candidate committee ('SWIFT FOR CONGRESS 2026'), which is excluded from industry newsletters.",gpt-4.1
,C00900910,,MARTY FOR CONGRESS,Candidate Committees,Candidate,,llm_inferred,high,"The committee name is a candidate committee ('MARTY FOR CONGRESS'), which is excluded from industry newsletters.",gpt-4.1
,C00900944,,SARAH ADLAKHA FOR SENATE,Candidate Committees,Candidate,,llm_inferred,high,"The committee name is a candidate committee ('SARAH ADLAKHA FOR SENATE'), which is excluded from industry newsletters.",gpt-4.1
,C00901017,,ELECT DAKARAI LARRIETT,Candidate Committees,Candidate,,llm_inferred,high,"The committee name is a candidate committee ('ELECT DAKARAI LARRIETT'), which is excluded from industry newsletters.",gpt-4.1
,C00901041,,SAMMY WYATT FOR LOUISIANA,Candidate Committees,Candidate,,llm_inferred,high,"The committee name is a candidate committee ('SAMMY WYATT FOR LOUISIANA'), which is excluded from industry newsletters.",gpt-4.1
,C00901116,,LA GENTE FOR GRIJALVA,Candidate Committees,Candidate,,llm_inferred,high,"The committee name is a candidate committee ('LA GENTE FOR GRIJALVA'), which is excluded from industry newsletters.",gpt-4.1
,C00901124,,ALEX HARPER FOR CONGRESS,Candidate Committees,Candidate,,llm_inferred,high,"The committee name is a candidate committee ('ALEX HARPER FOR CONGRESS'), which is excluded from industry newsletters.",gpt-4.1
,C00901157,,EVERTON BLAIR FOR CONGRESS,Candidate Committees,Candidate,,llm_inferred,high,"The committee name is a candidate committee ('EVERTON BLAIR FOR CONGRESS'), which is excluded from industry newsletters.",gpt-4.1
,C00901165,,JAKE RAKOV FOR CONGRESS,Candidate Committees,Candidate,,llm_inferred,high,"The committee name is a candidate committee ('JAKE RAKOV FOR CONGRESS'), which is excluded from industry newsletters.",gpt-4.1
,C00901173,,MCMORROW FOR MICHIGAN,Candidate Committees,Candidate,,llm_inferred,high,"The committee name is a candidate committee ('MCMORROW FOR MICHIGAN'), which is excluded from industry newsletters.",gpt-4.1
,C00901199,,FOXX FOR ARIZONA,Candidate Committees,Candidate,,llm_inferred,high,"The committee name is a candidate committee ('FOXX FOR ARIZONA'), which is excluded from industry newsletters.",gpt-4.1
,C00901207,,RIKER FOR CONGRESS,Candidate Committees,Candidate,,llm_inferred,high,"The committee name is a candidate committee ('RIKER FOR CONGRESS'), which is excluded from industry newsletters.",gpt-4.1
,C00901215,,TREBLE FOR ARIZONA,Candidate Committees,Candidate,,llm_inferred,high,"The committee name is a candidate committee ('TREBLE FOR ARIZONA'), which is excluded from industry newsletters.",gpt-4.1
,C00901256,,FRIENDS OF CANDICE DUVIEILH,Candidate Committees,Candidate,,llm_inferred,high,"The committee name is a candidate committee ('FRIENDS OF CANDICE DUVIEILH'), which is excluded from industry newsletters.",gpt-4.1
,C00901264,,JIM GRAHAM FOR CONGRESS,Candidate Committees,Candidate,,llm_inferred,high,"The committee name is a candidate committee ('JIM GRAHAM FOR CONGRESS'), which is excluded from industry newsletters.",gpt-4.1
,C00901280,,RICKY PATRIC KNOLES FOR CONGRESS,Candidate Committees,Candidate,,llm_inferred,high,"The committee name is a candidate committee ('RICKY PATRIC KNOLES FOR CONGRESS'), which is excluded from industry newsletters.",gpt-4.1
,C00901348,,BOB HARVIE FOR CONGRESS,Candidate Committees,Candidate,,llm_inferred,high,The committee name is a candidate committee for Bob Harvie.,gpt-4.1
,C00901355,,OSBORN FOR SENATE,Candidate Committees,Candidate,,llm_inferred,high,The committee name is a candidate committee for Osborn.,gpt-4.1
,C00901421,,TREVOR D FOR ME,Candidate Committees,Candidate,,llm_inferred,high,The committee name is a candidate committee for Trevor D.,gpt-4.1
,C00901439,,LOPEZ FOR THE VALLEY,Candidate Committees,Candidate,,llm_inferred,high,The committee name is a candidate committee for Lopez.,gpt-4.1
,C00901538,,MAYFIELD FOR CONGRESS,Candidate Committees,Candidate,,llm_inferred,high,The committee name is a candidate committee for Mayfield.,gpt-4.1
,C00901629,,DAVE OXMAN FOR CONGRESS,Candidate Committees,Candidate,,llm_inferred,high,The committee name is a candidate committee for Dave Oxman.,gpt-4.1
,C00901652,,ANGELA FOR CA34,Candidate Committees,Candidate,,llm_inferred,high,The committee name is a candidate committee for Angela.,gpt-4.1
,C00901678,,CHRISTINA FOR CONGRESS,Candidate Committees,Candidate,,llm_inferred,high,The committee name is a candidate committee for Christina.,gpt-4.1
,C00901694,,JULIAN FOR U.S. SENATE,Candidate Committees,Candidate,,llm_inferred,high,The committee name is a candidate committee for Julian.,gpt-4.1
,C00901702,,CHRIS ARMSTRONG FOR CONGRESS,Candidate Committees,Candidate,,llm_inferred,high,The committee name is a candidate committee for Chris Armstrong.,gpt-4.1
,C00901710,,DAVID FLIPPO FOR NEVADA,Candidate Committees,Candidate,,llm_inferred,high,The committee name is a candidate committee for David Flippo.,gpt-4.1
,C00901736,,NICK TRAN FOR TEXAS,Candidate Committees,Candidate,,llm_inferred,high,The committee name is a candidate committee for Nick Tran.,gpt-4.1
,C00901777,,KYLE FOR ALABAMA,Candidate Committees,Candidate,,llm_inferred,high,The committee name is a candidate committee for Kyle.,gpt-4.1
,C00901785,,MALES FOR CONGRESS,Candidate Committees,Candidate,,llm_inferred,high,The committee name is a candidate committee for Males.,gpt-4.1
,C00901793,,CARBONARA FOR CONGRESS,Candidate Committees,Candidate,,llm_inferred,high,The committee name is a candidate committee for Carbonara.,gpt-4.1
,C00901827,,CODY K 4 CONGRESS,Candidate Committees,Candidate,,llm_inferred,high,The committee name is a candidate committee for Cody K.,gpt-4.1
,C00901876,,GLENN PEARSON FOR CONGRESS,Candidate Committees,Candidate,,llm_inferred,high,The committee name is a candidate committee for Glenn Pearson.,gpt-4.1
,C00901884,,FRIENDS OF CHRIS BENNETT,Candidate Committees,Candidate,,llm_inferred,high,The committee name is a candidate committee for Chris Bennett.,gpt-4.1
,C00901918,,KEN PAXTON FOR SENATE,Candidate Committees,Candidate,,llm_inferred,high,The committee name is a candidate committee for Ken Paxton.,gpt-4.1
,C00901934,,ASHLEY BELL FOR CONGRESS,Candidate Committees,Candidate,,llm_inferred,high,The committee name is a candidate committee for Ashley Bell.,gpt-4.1
,C00901967,,JIM SCHWARTZEL FOR CONGRESS,Candidate Committees,Candidate,,llm_inferred,high,The committee name is a candidate committee for Jim Schwartzel.,gpt-4.1
,C00901975,,GEORGE HORNEDO FOR CONGRESS,Candidate Committees,Candidate,,llm_inferred,high,The committee name is a candidate committee for George Hornedo.,gpt-4.1
,C00902023,,WOJCIECHOWSKI FOR WISCONSIN,Candidate Committees,Candidate,,llm_inferred,high,The committee name is a candidate committee for Wojciechowski.,gpt-4.1
,C00902072,,CHAKALIAN FOR CONGRESS,Candidate Committees,Candidate,,llm_inferred,high,The committee name is a candidate committee for Chakalian.,gpt-4.1
,C00902080,,TIM GREIMEL FOR CONGRESS,Candidate Committees,Candidate,,llm_inferred,high,The committee name is a candidate committee for Tim Greimel.,gpt-4.1
,C00902197,,JOHN SALKA FOR CONGRESS,Candidate Committees,Candidate,,llm_inferred,high,The committee name is a candidate's campaign committee for Congress.,gpt-4.1
,C00902205,,VARELA FOR CONGRESS,Candidate Committees,Candidate,,llm_inferred,high,The committee name is a candidate's campaign committee for Congress.,gpt-4.1
,C00902221,,SHOEMAKER 4 CONGRESS,Candidate Committees,Candidate,,llm_inferred,high,The committee name is a candidate's campaign committee for Congress.,gpt-4.1
,C00902247,,CITIZENS FOR AMANDA PUSCZEK,Candidate Committees,Candidate,,llm_inferred,high,The committee name is a candidate's campaign committee for Congress.,gpt-4.1
,C00902262,,BERGE FOR CONGRESS,Candidate Committees,Candidate,,llm_inferred,high,The committee name is a candidate's campaign committee for Congress.,gpt-4.1
,C00902304,,CARMEN FOR CONGRESS 2026,Candidate Committees,Candidate,,llm_inferred,high,The committee name is a candidate's campaign committee for Congress.,gpt-4.1
,C00902379,,VILLEGAS FOR CONGRESS,Candidate Committees,Candidate,,llm_inferred,high,The committee name is a candidate's campaign committee for Congress.,gpt-4.1
,C00902395,,CLEVELAND FOR CONGRESS,Candidate Committees,Candidate,,llm_inferred,high,The committee name is a candidate's campaign committee for Congress.,gpt-4.1
,C00902411,,RICK MCCARTNEY FOR CONGRESS 2026,Candidate Committees,Candidate,,llm_inferred,high,The committee name is a candidate's campaign committee for Congress.,gpt-4.1
,C00902437,,ELECT EVAN HUNT,Candidate Committees,Candidate,,llm_inferred,high,The committee name is a candidate's campaign committee for Congress.,gpt-4.1
,C00902460,,NINA LINH FOR CONGRESS,Candidate Committees,Candidate,,llm_inferred,high,The committee name is a candidate's campaign committee for Congress.,gpt-4.1
,C00902478,,AARON 4 FL,Candidate Committees,Candidate,,llm_inferred,high,The committee name is a candidate's campaign committee for Congress.,gpt-4.1
,C00902494,,SAGE FOR SENATE,Candidate Committees,Candidate,,llm_inferred,high,The committee name is a candidate's campaign committee for Senate.,gpt-4.1
,C00902551,,FRIENDS OF MICHAEL SWANSON,Candidate Committees,Candidate,,llm_inferred,high,The committee name is a candidate's campaign committee for Senate.,gpt-4.1
,C00902619,,MCDOWELL FOR ARKANSAS,Candidate Committees,Candidate,,llm_inferred,high,The committee name is a candidate's campaign committee for Congress.,gpt-4.1
,C00902643,,MICHAEL ROTH FOR CONGRESS,Candidate Committees,Candidate,,llm_inferred,high,The committee name is a candidate's campaign committee for Congress.,gpt-4.1
,C00902668,,ABDUL FOR U.S. SENATE,Candidate Committees,Candidate,,llm_inferred,high,The committee name is a candidate's campaign committee for Senate.,gpt-4.1
,C00902676,,KEVIN TECHAU FOR CONGRESS,Candidate Committees,Candidate,,llm_inferred,high,The committee name is a candidate's campaign committee for Congress.,gpt-4.1
,C00902684,,JAKE JOHNSON FOR CONGRESS,Candidate Committees,Candidate,,llm_inferred,high,The committee name is a candidate's campaign committee for Congress.,gpt-4.1
,C00902692,,FRIEDMAN FOR CONGRESS,Candidate Committees,Candidate,,llm_inferred,high,The committee name is a candidate's campaign committee for Congress.,gpt-4.1
,C00902700,,HEIDI HALL FOR CONGRESS,Candidate Committees,Candidate,,llm_inferred,high,The committee name is a candidate's campaign committee for Congress.,gpt-4.1
,C00902734,,DIOP HARRIS FOR CONGRESS,Candidate Committees,Candidate,,llm_inferred,high,The committee name is a candidate's campaign committee for Congress.,gpt-4.1
,C00902742,,JAMEY SMITH FOR CONGRESS,Candidate Committees,Candidate,,llm_inferred,high,The committee name is a candidate's campaign committee for Congress.,gpt-4.1
,C00902809,,ANDREW SNEED FOR CONGRESS,Candidate Committees,Candidate,,llm_inferred,high,The committee name is a candidate's campaign committee for Congress.,gpt-4.1
,C00902833,,TODD LOMBARDO FOR CONGRESS,Candidate Committees,Candidate,,llm_inferred,high,The committee name is a candidate's campaign committee for Congress.,gpt-4.1
,C00902841,,VERBICA FOR CONGRESS,Candidate Committees,Candidate,,llm_inferred,high,"The committee name is 'VERBICA FOR CONGRESS', indicating a candidate committee.",gpt-4.1
,C00902858,,MO GOLDMAN FOR CONGRESS,Candidate Committees,Candidate,,llm_inferred,high,"The committee name is 'MO GOLDMAN FOR CONGRESS', indicating a candidate committee.",gpt-4.1
,C00902940,,MARK JOHNSTON FOR CONGRESS,Candidate Committees,Candidate,,llm_inferred,high,"The committee name is 'MARK JOHNSTON FOR CONGRESS', indicating a candidate committee.",gpt-4.1
,C00902957,,DAN SCHWARTZ FOR CONGRESS,Candidate Committees,Candidate,,llm_inferred,high,"The committee name is 'DAN SCHWARTZ FOR CONGRESS', indicating a candidate committee.",gpt-4.1
,C00902965,,ELIZABETH PANDICH FOR CONGRESS,Candidate Committees,Candidate,,llm_inferred,high,"The committee name is 'ELIZABETH PANDICH FOR CONGRESS', indicating a candidate committee.",gpt-4.1
,C00902981,,LEE JOHNSON FOR SC,Candidate Committees,Candidate,,llm_inferred,high,"The committee name is 'LEE JOHNSON FOR SC', indicating a candidate committee for Senate.",gpt-4.1
,C00902999,,DYLAN FOR ILLINOIS,Candidate Committees,Candidate,,llm_inferred,high,"The committee name is 'DYLAN FOR ILLINOIS', indicating a candidate committee.",gpt-4.1
,C00903005,,SAN FRANCISCO BAY AREA HOME,Candidate Committees,Candidate,,llm_inferred,high,"The committee name is 'SAN FRANCISCO BAY AREA HOME', but committee type and designation indicate a candidate committee.",gpt-4.1
,C00903013,,HARP FOR CONGRESS,Candidate Committees,Candidate,,llm_inferred,high,"The committee name is 'HARP FOR CONGRESS', indicating a candidate committee.",gpt-4.1
,C00903039,,HALEY STEVENS FOR SENATE,Candidate Committees,Candidate,,llm_inferred,high,"The committee name is 'HALEY STEVENS FOR SENATE', indicating a candidate committee for Senate.",gpt-4.1
,C00903054,,ZOE FOR CONGRESS,Candidate Committees,Candidate,,llm_inferred,high,"The committee name is 'ZOE FOR CONGRESS', indicating a candidate committee.",gpt-4.1
,C00903062,,JOHN SULLIVAN FOR NEW YORK,Candidate Committees,Candidate,,llm_inferred,high,"The committee name is 'JOHN SULLIVAN FOR NEW YORK', indicating a candidate committee.",gpt-4.1
,C00903088,,FEELY FOR CONGRESS,Candidate Committees,Candidate,,llm_inferred,high,"The committee name is 'FEELY FOR CONGRESS', indicating a candidate committee.",gpt-4.1
,C00903120,,STEVEWRIGHTFORTX35,Candidate Committees,Candidate,,llm_inferred,high,"The committee name is 'STEVEWRIGHTFORTX35', indicating a candidate committee.",gpt-4.1
,C00903179,,JORDAN FOR MAINE,Candidate Committees,Candidate,,llm_inferred,high,"The committee name is 'JORDAN FOR MAINE', indicating a candidate committee for Senate.",gpt-4.1
,C00903195,,ZATESLO FOR CONGRESS,Candidate Committees,Candidate,,llm_inferred,high,"The committee name is 'ZATESLO FOR CONGRESS', indicating a candidate committee.",gpt-4.1
,C00903211,,RYAN DOTSON FOR US CONGRESS,Candidate Committees,Candidate,,llm_inferred,high,"The committee name is 'RYAN DOTSON FOR US CONGRESS', indicating a candidate committee.",gpt-4.1
,C00903237,,ROMAN FOR CONGRESS,Candidate Committees,Candidate,,llm_inferred,high,"The committee name is 'ROMAN FOR CONGRESS', indicating a candidate committee.",gpt-4.1
,C00903252,,JULIANA FOR ILLINOIS,Candidate Committees,Candidate,,llm_inferred,high,"The committee name is 'JULIANA FOR ILLINOIS', indicating a candidate committee for Senate.",gpt-4.1
,C00903294,,FRIENDS OF TERA ANDERSON,Candidate Committees,Candidate,,llm_inferred,high,"The committee name is 'FRIENDS OF TERA ANDERSON', indicating a candidate committee.",gpt-4.1
,C00903310,,ALEA FOR CONGRESS,Candidate Committees,Candidate,,llm_inferred,high,"The committee name is 'ALEA FOR CONGRESS', indicating a candidate committee.",gpt-4.1
,C00903369,,SKOVGARD FOR SENATE,Candidate Committees,Candidate,,llm_inferred,high,"The committee name is 'SKOVGARD FOR SENATE', indicating a candidate committee for Senate.",gpt-4.1
,C00903401,,BECKY STILLE FOR U.S. CONGRESS,Candidate Committees,Candidate,,llm_inferred,high,"The committee name is 'BECKY STILLE FOR U.S. CONGRESS', indicating a candidate committee.",gpt-4.1
,C00903419,,JENN BROTHERS FOR CONGRESS,Candidate Committees,Candidate,,llm_inferred,high,"The committee name is 'JENN BROTHERS FOR CONGRESS', indicating a candidate committee.",gpt-4.1
,C00903427,,SCOTT FOR US SENATE,Candidate Committees,Candidate,,llm_inferred,high,"The committee name is 'SCOTT FOR US SENATE', indicating a candidate committee for Senate.",gpt-4.1
,C00903443,,MARKERT FOR SENATE,Candidate Committees,Candidate,,llm_inferred,high,Name is a candidate committee for Markert running for Senate.,gpt-4.1
,C00903567,,LUCERO FOR CONGRESS INC,Candidate Committees,Candidate,,llm_inferred,high,Name is a candidate committee for Lucero running for Congress.,gpt-4.1
,C00903583,,AMYX FOR CONGRESS,Candidate Committees,Candidate,,llm_inferred,high,Name is a candidate committee for Amyx running for Congress.,gpt-4.1
,C00903591,,DONAVAN MCKINNEY FOR CONGRESS,Candidate Committees,Candidate,,llm_inferred,high,Name is a candidate committee for Donavan McKinney running for Congress.,gpt-4.1
,C00903609,,MAURA KELLER FOR CONGRESS,Candidate Committees,Candidate,,llm_inferred,high,Name is a candidate committee for Maura Keller running for Congress.,gpt-4.1
,C00903633,,MARIALANA KINTER FOR CONGRESS,Candidate Committees,Candidate,,llm_inferred,high,Name is a candidate committee for Marialana Kinter running for Congress.,gpt-4.1
,C00903641,,BENGS FOR SOUTH DAKOTA,Candidate Committees,Candidate,,llm_inferred,high,Name is a candidate committee for Bengs running for Senate in South Dakota.,gpt-4.1
,C00903674,,CHRIS HARJES FOR CONGRESS,Candidate Committees,Candidate,,llm_inferred,high,Name is a candidate committee for Chris Harjes running for Congress.,gpt-4.1
,C00903690,,ANGIE CRAIG FOR MINNESOTA,Candidate Committees,Candidate,,llm_inferred,high,Name is a candidate committee for Angie Craig running for Senate in Minnesota.,gpt-4.1
,C00903740,,JUSTIN FORD FOR CONGRESS,Candidate Committees,Candidate,,llm_inferred,high,Name is a candidate committee for Justin Ford running for Congress.,gpt-4.1
,C00903773,,ARTHUR DIXON FOR CONGRESS,Candidate Committees,Candidate,,llm_inferred,high,Name is a candidate committee for Arthur Dixon running for Congress.,gpt-4.1
,C00903781,,RIKLEEN COMMITTEE,Candidate Committees,Candidate,,llm_inferred,high,Name is a candidate committee for Rikleen running for Senate.,gpt-4.1
,C00903799,,ALEX KELLOFF FOR COLORADO,Candidate Committees,Candidate,,llm_inferred,high,Name is a candidate committee for Alex Kelloff running for Congress in Colorado.,gpt-4.1
,C00903807,,MATT LITTLE FOR CONGRESS,Candidate Committees,Candidate,,llm_inferred,high,Name is a candidate committee for Matt Little running for Congress.,gpt-4.1
,C00903815,,ERIC CHUNG FOR MICHIGAN,Candidate Committees,Candidate,,llm_inferred,high,Name is a candidate committee for Eric Chung running for Congress in Michigan.,gpt-4.1
,C00903823,,CASEY CHLEBEK FOR US SENATE,Candidate Committees,Candidate,,llm_inferred,high,Name is a candidate committee for Casey Chlebek running for US Senate.,gpt-4.1
,C00903864,,EDWIN ALONZO FOR CONGRESS CA23,Candidate Committees,Candidate,,llm_inferred,high,Name is a candidate committee for Edwin Alonzo running for Congress in CA23.,gpt-4.1
,C00903922,,NEIL FOR CONGRESS,Candidate Committees,Candidate,,llm_inferred,high,Name is a candidate committee for Neil running for Congress.,gpt-4.1
,C00903930,,MIKE FARIS FOR U.S. SENATE,Candidate Committees,Candidate,,llm_inferred,high,Name is a candidate committee for Mike Faris running for US Senate.,gpt-4.1
,C00903948,,DENISE POWELL FOR CONGRESS,Candidate Committees,Candidate,,llm_inferred,high,Name is a candidate committee for Denise Powell running for Congress.,gpt-4.1
,C00903963,,CAROL FOR PA,Candidate Committees,Candidate,,llm_inferred,high,Name is a candidate committee for Carol running for Congress in PA.,gpt-4.1
,C00903989,,FRIENDS OF BRAD MEYER,Candidate Committees,Candidate,,llm_inferred,high,Name is a candidate committee for Brad Meyer running for Congress.,gpt-4.1
,C00904086,,SARAH FOR IOWA,Candidate Committees,Candidate,,llm_inferred,high,Name is a candidate committee for Sarah running for Congress in Iowa.,gpt-4.1
,C00904094,,PAUL LEPAGE FOR CONGRESS,Candidate Committees,Candidate,,llm_inferred,high,Name is a candidate committee for Paul LePage running for Congress.,gpt-4.1
,C00904128,,EHR FORCE INC.,Candidate Committees,Candidate,,llm_inferred,high,"Name is a candidate committee for EHR Force Inc., but no evidence of industry sponsorship.",gpt-4.1
,C00904144,,COMMITTEE TO ELECT JESSE BREWER,Candidate Committees,Candidate,,llm_inferred,high,"The committee name is 'COMMITTEE TO ELECT JESSE BREWER', indicating a candidate committee.",gpt-4.1
,C00904151,,JON BONCK FOR CONGRESS,Candidate Committees,Candidate,,llm_inferred,high,"The committee name is 'JON BONCK FOR CONGRESS', indicating a candidate committee.",gpt-4.1
,C00904219,,NAGY FOR CONGRESS,Candidate Committees,Candidate,,llm_inferred,high,"The committee name is 'NAGY FOR CONGRESS', indicating a candidate committee.",gpt-4.1
,C00904227,,CHRISTIAN MAXWELL FOR CONGRESS,Candidate Committees,Candidate,,llm_inferred,high,"The committee name is 'CHRISTIAN MAXWELL FOR CONGRESS', indicating a candidate committee.",gpt-4.1
,C00904243,,WILLIAMS FOR KENTUCKY CAMPAIGN,Candidate Committees,Candidate,,llm_inferred,high,"The committee name is 'WILLIAMS FOR KENTUCKY CAMPAIGN', indicating a candidate committee.",gpt-4.1
,C00904284,,EILEEN FOR COLORADO,Candidate Committees,Candidate,,llm_inferred,high,"The committee name is 'EILEEN FOR COLORADO', indicating a candidate committee.",gpt-4.1
,C00904292,,MATT KLEIN FOR CONGRESS,Candidate Committees,Candidate,,llm_inferred,high,"The committee name is 'MATT KLEIN FOR CONGRESS', indicating a candidate committee.",gpt-4.1
,C00904300,,ROBIN KELLY FOR SENATE,Candidate Committees,Candidate,,llm_inferred,high,"The committee name is 'ROBIN KELLY FOR SENATE', indicating a candidate committee.",gpt-4.1
,C00904318,,NOAH WIDMANN FOR CONGRESS,Candidate Committees,Candidate,,llm_inferred,high,"The committee name is 'NOAH WIDMANN FOR CONGRESS', indicating a candidate committee.",gpt-4.1
,C00904326,,LAURA FINE FOR CONGRESS,Candidate Committees,Candidate,,llm_inferred,high,"The committee name is 'LAURA FINE FOR CONGRESS', indicating a candidate committee.",gpt-4.1
,C00904367,,WALKINSHAW FOR CONGRESS,Candidate Committees,Candidate,,llm_inferred,high,"The committee name is 'WALKINSHAW FOR CONGRESS', indicating a candidate committee.",gpt-4.1
,C00904375,,MONTY FOR CONGRESS CAMPAIGN,Candidate Committees,Candidate,,llm_inferred,high,"The committee name is 'MONTY FOR CONGRESS CAMPAIGN', indicating a candidate committee.",gpt-4.1
,C00904383,,CALVIN COLEMAN FOR CONGRESS,Candidate Committees,Candidate,,llm_inferred,high,"The committee name is 'CALVIN COLEMAN FOR CONGRESS', indicating a candidate committee.",gpt-4.1
,C00904409,,STELLA FOR CONGRESS,Candidate Committees,Candidate,,llm_inferred,high,"The committee name is 'STELLA FOR CONGRESS', indicating a candidate committee.",gpt-4.1
,C00904458,,FRIENDS OF PATRICK ROATH,Candidate Committees,Candidate,,llm_inferred,high,"The committee name is 'FRIENDS OF PATRICK ROATH', indicating a candidate committee.",gpt-4.1
,C00904466,,RAJA FOR ILLINOIS,Candidate Committees,Candidate,,llm_inferred,high,"The committee name is 'RAJA FOR ILLINOIS', indicating a candidate committee.",gpt-4.1
,C00904490,,MIKE PEDERSEN FOR CONGRESS,Candidate Committees,Candidate,,llm_inferred,high,"The committee name is 'MIKE PEDERSEN FOR CONGRESS', indicating a candidate committee.",gpt-4.1
,C00904516,,LONG FOR SENATE 2026,Candidate Committees,Candidate,,llm_inferred,high,"The committee name is 'LONG FOR SENATE 2026', indicating a candidate committee.",gpt-4.1
,C00904565,,NATO,Unknown,Other,,llm_inferred,low,"The committee name is 'NATO', which is ambiguous and does not indicate a commercial industry or candidate.",gpt-4.1
,C00904573,,JENNIFER KONFRST FOR CONGRESS,Candidate Committees,Candidate,,llm_inferred,high,"The committee name is 'JENNIFER KONFRST FOR CONGRESS', indicating a candidate committee.",gpt-4.1
,C00904581,,JEREMY MOSS FOR CONGRESS,Candidate Committees,Candidate,,llm_inferred,high,"The committee name is 'JEREMY MOSS FOR CONGRESS', indicating a candidate committee.",gpt-4.1
,C00904714,,JONATHAN LARSEN FOR CONGRESS,Candidate Committees,Candidate,,llm_inferred,high,"The committee name is 'JONATHAN LARSEN FOR CONGRESS', indicating a candidate committee.",gpt-4.1
,C00904722,,RICHARD FOR CONGRESS,Candidate Committees,Candidate,,llm_inferred,high,"The committee name is 'RICHARD FOR CONGRESS', indicating a candidate committee.",gpt-4.1
,C00904862,,TATE FOR MICHIGAN,Candidate Committees,Candidate,,llm_inferred,high,"The committee name is 'TATE FOR MICHIGAN', indicating a candidate committee.",gpt-4.1
,C00904870,,JOHN KING FOR SENATE,Candidate Committees,Candidate,,llm_inferred,high,"The committee name is 'JOHN KING FOR SENATE', indicating a candidate committee.",gpt-4.1
,C00005629,,NEW HAMPSHIRE REPUBLICAN STATE COMMITTEE,Party Committees,Party Cmte,,llm_inferred,high,The name identifies it as a state Republican party committee.,gpt-4.1
,C00008326,,"HILTON, JUDY",Candidate Committees,Candidate,,llm_inferred,high,"The name is an individual's name, indicating a candidate committee.",gpt-4.1
,C00008987,,DEMOCRATIC STATE CENTRAL COMMITTEE/FEDERAL-COLORADO,Party Committees,Party Cmte,,llm_inferred,high,The name identifies it as a state Democratic party committee.,gpt-4.1
,C00010447,,NJ DEMOCRATIC STATE COMMITTEE (FEDERAL),Party Committees,Party Cmte,,llm_inferred,high,The name identifies it as a state Democratic party committee.,gpt-4.1
,C00012203,,DEMOCRATIC PARTY OF OREGON,Party Committees,Party Cmte,,llm_inferred,high,The name identifies it as a state Democratic party committee.,gpt-4.1
,C00029447,,INTERNATIONAL ASSOCIATION OF FIREFIGHTERS INTERESTED IN REGISTRATION AND EDUCATION PAC,Public Sector Unions,Labor,,llm_inferred,high,"The name identifies the International Association of Firefighters, a public sector union.",gpt-4.1
,C00048900,,WAKEPAC,Unknown,Unknown,,llm_inferred,low,The name 'WAKEPAC' is opaque and does not identify an industry or organization.,gpt-4.1
,C00060046,,"CRANNEY, MICHEAL",Candidate Committees,Candidate,,llm_inferred,high,"The name is an individual's name, indicating a candidate committee.",gpt-4.1
,C00072348,,NATIONAL OCEAN INDUSTRIES ASSOCIATION-POLITICAL ACTION COMMITTEE (NOIA-PAC),Oil & Gas,Energy/Nat Resource,Oil & Gas,llm_inferred,high,"The name identifies the National Ocean Industries Association, a trade group for offshore oil and gas.",gpt-4.1
,C00075747,,"PARISOT, CRAIG",Candidate Committees,Candidate,,llm_inferred,high,"The name is an individual's name, indicating a candidate committee.",gpt-4.1
,C00103820,,KOCH INDUSTRIES INC. PAC,Misc Manufacturing & Distributing,Misc Business,Manufacturing,llm_inferred,high,"The name identifies Koch Industries, a major manufacturing and industrial conglomerate.",gpt-4.1
,C00110965,,ACLI PAC,Insurance,Finance/Insur/RealEst,Finance & Insurance,llm_inferred,high,"ACLI PAC is the American Council of Life Insurers, a trade association for the life insurance industry.",gpt-4.1
,C00120501,,WINE & SPIRITS WHOLESALERS AMERICA PAC,"Beer, Wine & Liquor",Misc Business,Agri-Food,llm_inferred,high,"The name identifies Wine & Spirits Wholesalers, a trade group for alcohol wholesalers.",gpt-4.1
,C00130443,,NMHC PAC,Real Estate,Finance/Insur/RealEst,Construction & Housing,llm_inferred,high,"NMHC PAC is the National Multifamily Housing Council, a real estate trade association.",gpt-4.1
,C00133447,,PASSAIC COUNTY DEMOCRATIC COMMITTEE,Party Committees,Party Cmte,,llm_inferred,high,The name identifies it as a county Democratic party committee.,gpt-4.1
,C00139014,,MIAMI FIREPAC-IAFF LOCAL 587,Public Sector Unions,Labor,,llm_inferred,high,"The name identifies IAFF Local 587, a public sector firefighters union.",gpt-4.1
,C00140962,,CENTRE COUNTY REPUBLICAN COMMITTEE,Party Committees,Party Cmte,,llm_inferred,high,The name identifies it as a county Republican party committee.,gpt-4.1
,C00144931,,BACK PAC,Unknown,Unknown,,llm_inferred,low,The name 'BACK PAC' is opaque and does not identify an industry or organization.,gpt-4.1
,C00145821,,MACKENZIE FOR CONGRESS COMMITTEE,Candidate Committees,Candidate,,llm_inferred,high,"The name references a candidate for Congress, indicating a candidate committee.",gpt-4.1
,C00146290,,REITPAC,Real Estate,Finance/Insur/RealEst,Construction & Housing,llm_inferred,high,"REITPAC is the PAC for Real Estate Investment Trusts, a real estate industry group.",gpt-4.1
,C00150276,,KEN CALVERT FOR CONGRESS,Candidate Committees,Candidate,,llm_inferred,high,"The name references a candidate for Congress, indicating a candidate committee.",gpt-4.1
,C00155051,,MCCONNELL SENATE COMMITTEE,Candidate Committees,Candidate,,llm_inferred,high,"The name references a Senate candidate, indicating a candidate committee.",gpt-4.1
,C00168765,,AG PAC,Misc Agriculture,Agribusiness,Agri-Food,llm_inferred,medium,"The name 'AG PAC' suggests agriculture, but lacks specific industry detail.",gpt-4.1
,C00173914,,MARC-PAC,Unknown,Unknown,,llm_inferred,low,The name 'MARC-PAC' is opaque and does not identify an industry or organization.,gpt-4.1
,C00175059,,THE MARKEY COMMITTEE,Candidate Committees,Candidate,,llm_inferred,high,"The name references a candidate, indicating a candidate committee.",gpt-4.1
,C00196055,,SUFFOLK COUNTY BENEVOLENT ASSOCIATION FEDERAL PAC,Industrial Unions,Labor,,llm_inferred,high,"The name identifies a police benevolent association, which is an industrial labor union.",gpt-4.1
,C00197830,,INFRASTRUCTURE POLITICAL ACTION COMMITTEE (IPAC),Misc Business,Misc Business,,llm_inferred,low,The name is generic and does not identify a specific industry or sponsor.,gpt-4.1
,C00203497,,"HOUSTON FIRE FIGHTERS POLITICAL ACTION FUND, INTERNATIONAL ASSOCIATION OF FIRE FIGHTERS",Industrial Unions,Labor,,llm_inferred,high,"The name identifies the International Association of Fire Fighters, a public sector union.",gpt-4.1
,C00229450,,MARTIN COUNTY REPUBLICAN EXECUTIVE COMMITTEE,Party Committees,Party Cmte,,llm_inferred,high,The name identifies a Republican party committee.,gpt-4.1
,C00232777,,HIDALGO COUNTY REPUBLICAN PARTY,Party Committees,Party Cmte,,llm_inferred,high,The name identifies a Republican party committee.,gpt-4.1
,C00254193,,UNIFORMED FIREFIGHTERS ASSOCIATION POLITICAL ACTION COMMITTEE (FIRE PAC),Industrial Unions,Labor,,llm_inferred,high,"The name identifies a uniformed firefighters association, a public sector union.",gpt-4.1
,C00265546,,SOUTHERN STATES POLICE BENEVOLENT ASSOC PAC FUND,Industrial Unions,Labor,,llm_inferred,high,"The name identifies a police benevolent association, a public sector union.",gpt-4.1
,C00300525,,NATIONAL ASSOCIATION OF SURETY BOND PRODUCERS POLITICAL ACTION COMMITTEE (SURETYPAC),Insurance,Finance/Insur/RealEst,Finance & Insurance,llm_inferred,high,"The name identifies the National Association of Surety Bond Producers, a finance/insurance trade association.",gpt-4.1
,C00324673,,POLICE OFFICER POLITICAL ACTION COMMITTEE,Industrial Unions,Labor,,llm_inferred,high,"The name identifies a police officer PAC, a public sector union.",gpt-4.1
,C00357905,,LOUISIANA SHERIFFS' ASSOCIATION - LOUISIANA SHERIFFS' & DEPUTIES' POLITICAL ACTION CMTE,Industrial Unions,Labor,,llm_inferred,high,"The name identifies a sheriffs' association, a public sector union.",gpt-4.1
,C00365296,,INTERNATIONAL ASSOCIATION OF FIRE FIGHTERS LOCAL 42 POLITICAL ACTION COMMITTEE FIREPAC 42,Industrial Unions,Labor,,llm_inferred,high,"The name identifies a local of the International Association of Fire Fighters, a public sector union.",gpt-4.1
,C00382556,,NATIONAL FRATERNAL ORDER OF POLICE PAC NATL FOP PAC,Industrial Unions,Labor,,llm_inferred,high,"The name identifies the National Fraternal Order of Police, a public sector union.",gpt-4.1
,C00408344,,SAN BERNARDINO COUNTY SAFETY EMPLOYEES BENEFIT ASSOCIATION FEDERAL PAC,Industrial Unions,Labor,,llm_inferred,high,"The name identifies a safety employees benefit association, a public sector union.",gpt-4.1
,C00410316,,MONEYGRAM INTERNATIONAL INC GOOD GOVERNMENT FUND,Finance/Credit Companies,Finance/Insur/RealEst,Finance & Insurance,llm_inferred,high,"The name identifies MoneyGram International, a financial services company.",gpt-4.1
,C00410597,,SIOUXLAND ENERGY & LIVESTOCK COOPERATIVE PAC,Livestock,Agribusiness,Agri-Food,llm_inferred,high,"The name identifies Siouxland Energy & Livestock Cooperative, which is in agribusiness/livestock.",gpt-4.1
,C00414490,,GOLDEN GRAIN ENERGY LLC PAC,Crop Production & Basic Processing,Agribusiness,Agri-Food,llm_inferred,high,"The name identifies Golden Grain Energy LLC, which is involved in crop processing/agribusiness.",gpt-4.1
,C00417733,,DEMOCRATS FOR EDUCATION REFORM,Education,Ideology/Single-Issue,,llm_inferred,high,"The name identifies an ideological group focused on education reform, not an industry.",gpt-4.1
,C00418616,,STATE TROOPERS NCO ASSN FEDERAL PAC,Industrial Unions,Labor,,llm_inferred,high,"The name identifies a state troopers association, a public sector union.",gpt-4.1
,C00421982,,SOLAR ENERGY INDUSTRIES ASSOCIATION PAC,Electric Utilities,Energy/Nat Resource,Utilities & Power,llm_inferred,high,"The name identifies the Solar Energy Industries Association, a trade association for electric utilities/solar power.",gpt-4.1
,C00438978,,IOWA RENEWABLE FUELS ASSOCIATION PAC - IRFA PAC,Crop Production & Basic Processing,Agribusiness,Agri-Food,llm_inferred,high,"The name identifies the Iowa Renewable Fuels Association, which is involved in crop processing/agribusiness.",gpt-4.1
,C00439216,,ENTERTAINMENT SOFTWARE ASSOCIATION PAC (ESA PAC),Internet,Communic/Electronics,ICT & Cybersecurity,llm_inferred,high,"The name identifies the Entertainment Software Association, a trade association for the video game/software industry.",gpt-4.1
,C00441980,,"TOTAL SYSTEM SERVICES, INC. PAC (TSYS PAC)",Finance/Credit Companies,Finance/Insur/RealEst,Finance & Insurance,llm_inferred,high,"The name identifies Total System Services, Inc., a financial services company.",gpt-4.1
,C00443895,,WESTERN IOWA ENERGY LLC PAC,Crop Production & Basic Processing,Agribusiness,Agri-Food,llm_inferred,high,"The name identifies Western Iowa Energy LLC, which is involved in crop processing/agribusiness.",gpt-4.1
,C00450692,,POET PAC,Crop Production & Basic Processing,Agribusiness,Agri-Food,llm_inferred,high,"The name identifies POET, a major biofuels/crop processing company.",gpt-4.1
,C00451575,,SUNPOWER CORPORATION POLITICAL ACTION COMMITTEE,Electric Utilities,Energy/Nat Resource,Utilities & Power,llm_inferred,high,"The name identifies SunPower Corporation, a solar power company.",gpt-4.1
,C00904888,,KEVIN MORRISON FOR CONGRESS,Candidate Committees,Candidate,,llm_inferred,high,"Name is a candidate committee for Kevin Morrison, indicated by 'FOR CONGRESS'.",gpt-4.1
,C00904896,,JONATHAN HARRIS FOR CONGRESS,Candidate Committees,Candidate,,llm_inferred,high,"Name is a candidate committee for Jonathan Harris, indicated by 'FOR CONGRESS'.",gpt-4.1
,C00904904,,MAYRA FOR CONGRESS,Candidate Committees,Candidate,,llm_inferred,high,"Name is a candidate committee for Mayra, indicated by 'FOR CONGRESS'.",gpt-4.1
,C00904920,,WILLIAM MARKS FOR CONGRESS,Candidate Committees,Candidate,,llm_inferred,high,"Name is a candidate committee for William Marks, indicated by 'FOR CONGRESS'.",gpt-4.1
,C00904953,,VICTORIA DOYLE FOR CONGRESS,Candidate Committees,Candidate,,llm_inferred,high,"Name is a candidate committee for Victoria Doyle, indicated by 'FOR CONGRESS'.",gpt-4.1
,C00904961,,EFFIE FOR CONGRESS,Candidate Committees,Candidate,,llm_inferred,high,"Name is a candidate committee for Effie, indicated by 'FOR CONGRESS'.",gpt-4.1
,C00904995,,CHERLYNN FOR CONGRESS,Candidate Committees,Candidate,,llm_inferred,high,"Name is a candidate committee for Cherlynn, indicated by 'FOR CONGRESS'.",gpt-4.1
,C00905075,,ROBERT PETERS FOR CONGRESS,Candidate Committees,Candidate,,llm_inferred,high,"Name is a candidate committee for Robert Peters, indicated by 'FOR CONGRESS'.",gpt-4.1
,C00905091,,SANJYOT DUNUNG FOR CONGRESS,Candidate Committees,Candidate,,llm_inferred,high,"Name is a candidate committee for Sanjyot Dunung, indicated by 'FOR CONGRESS'.",gpt-4.1
,C00905109,,TORI BRANUM FOR CONGRESS,Candidate Committees,Candidate,,llm_inferred,high,"Name is a candidate committee for Tori Branum, indicated by 'FOR CONGRESS'.",gpt-4.1
,C00905117,,YUMEKA FOR CONGRESS,Candidate Committees,Candidate,,llm_inferred,high,"Name is a candidate committee for Yumeka, indicated by 'FOR CONGRESS'.",gpt-4.1
,C00905133,,MICHAEL MASUDA FOR CONGRESS,Candidate Committees,Candidate,,llm_inferred,high,"Name is a candidate committee for Michael Masuda, indicated by 'FOR CONGRESS'.",gpt-4.1
,C00905158,,MALCOLM RITCHIE FOR CONGRESS,Candidate Committees,Candidate,,llm_inferred,high,"Name is a candidate committee for Malcolm Ritchie, indicated by 'FOR CONGRESS'.",gpt-4.1
,C00905190,,YASMEEN FOR CONGRESS,Candidate Committees,Candidate,,llm_inferred,high,"Name is a candidate committee for Yasmeen, indicated by 'FOR CONGRESS'.",gpt-4.1
,C00905224,,GREGOR GREGORIO HEISE FOR CONGRESS,Candidate Committees,Candidate,,llm_inferred,high,"Name is a candidate committee for Gregor Gregorio Heise, indicated by 'FOR CONGRESS'.",gpt-4.1
,C00905265,,VOTE FOR TERWEY,Candidate Committees,Candidate,,llm_inferred,high,"Name is a candidate committee for Terwey, indicated by 'VOTE FOR TERWEY'.",gpt-4.1
,C00905281,,REGIS FOR CONGRESS,Candidate Committees,Candidate,,llm_inferred,high,"Name is a candidate committee for Regis, indicated by 'FOR CONGRESS'.",gpt-4.1
,C00905307,,BISS FOR CONGRESS,Candidate Committees,Candidate,,llm_inferred,high,"Name is a candidate committee for Biss, indicated by 'FOR CONGRESS'.",gpt-4.1
,C00905315,,KISTNER FOR MINNESOTA,Candidate Committees,Candidate,,llm_inferred,high,"Name is a candidate committee for Kistner, indicated by 'FOR MINNESOTA'.",gpt-4.1
,C00905372,,COGHILL FOR CONGRESS,Candidate Committees,Candidate,,llm_inferred,high,"Name is a candidate committee for Coghill, indicated by 'FOR CONGRESS'.",gpt-4.1
,C00905406,,SHAWN HARRIS FOR CONGRESS,Candidate Committees,Candidate,,llm_inferred,high,"Name is a candidate committee for Shawn Harris, indicated by 'FOR CONGRESS'.",gpt-4.1
,C00905422,,PAT FARRELL FOR CONGRESS,Candidate Committees,Candidate,,llm_inferred,high,"Name is a candidate committee for Pat Farrell, indicated by 'FOR CONGRESS'.",gpt-4.1
,C00905430,,BLAKE BRACHT FOR CONGRESS,Candidate Committees,Candidate,,llm_inferred,high,"Name is a candidate committee for Blake Bracht, indicated by 'FOR CONGRESS'.",gpt-4.1
,C00905463,,ALLEN SPENCE THE PROSPERITY AGENDA,Candidate Committees,Candidate,,llm_inferred,high,"Name is a candidate committee for Allen Spence, indicated by 'THE PROSPERITY AGENDA' and committee type.",gpt-4.1
,C00905489,,COMMITTEE TO ELECT ZURI FOR CD5,Candidate Committees,Candidate,,llm_inferred,high,"Name is a candidate committee for Zuri, indicated by 'COMMITTEE TO ELECT ZURI FOR CD5'.",gpt-4.1
,C00905547,,KEVIN BURGE FOR UNITED STATES CONGRESS CAMPAIGN COMMITTEE,Candidate Committees,Candidate,,llm_inferred,high,Name is a candidate committee for Kevin Burge for Congress.,gpt-4.1
,C00905554,,RYAN P KRAUSE FOR CONGRESS,Candidate Committees,Candidate,,llm_inferred,high,Name is a candidate committee for Ryan P Krause for Congress.,gpt-4.1
,C00905661,,DR. BAEZ FOR CONGRESS,Candidate Committees,Candidate,,llm_inferred,high,Name is a candidate committee for Dr. Baez for Congress.,gpt-4.1
,C00905679,,FRIENDS OF ZELDA,Candidate Committees,Candidate,,llm_inferred,high,Name is a candidate committee for Zelda (Friends of Zelda) for Congress.,gpt-4.1
,C00905703,,SHANNON BIRD FOR CONGRESS,Candidate Committees,Candidate,,llm_inferred,high,Name is a candidate committee for Shannon Bird for Congress.,gpt-4.1
,C00905711,,RANDY BRYCE FOR CONGRESS,Candidate Committees,Candidate,,llm_inferred,high,Name is a candidate committee for Randy Bryce for Congress.,gpt-4.1
,C00905844,,ANUJ DIXIT FOR CONGRESS,Candidate Committees,Candidate,,llm_inferred,high,Name is a candidate committee for Anuj Dixit for Congress.,gpt-4.1
,C00905851,,TOM WILLIS VICTORY,Candidate Committees,Candidate,,llm_inferred,high,"Name is a candidate committee for Tom Willis (Senate), indicated by 'Victory' and committee type S.",gpt-4.1
,C00905877,,FRIENDS OF BETH ELLEN ADUBATO,Candidate Committees,Candidate,,llm_inferred,high,Name is a candidate committee for Beth Ellen Adubato for Congress.,gpt-4.1
,C00905893,,LA SHAWN K FORD FOR CONGRESS,Candidate Committees,Candidate,,llm_inferred,high,Name is a candidate committee for La Shawn K Ford for Congress.,gpt-4.1
,C00906024,,DR. ANNIE ANDREWS FOR SENATE,Candidate Committees,Candidate,,llm_inferred,high,Name is a candidate committee for Dr. Annie Andrews for Senate.,gpt-4.1
,C00906032,,PRUITT FOR CONGRESS,Candidate Committees,Candidate,,llm_inferred,high,Name is a candidate committee for Pruitt for Congress.,gpt-4.1
,C00906057,,PAUL BARRINGER FOR CONGRESS,Candidate Committees,Candidate,,llm_inferred,high,Name is a candidate committee for Paul Barringer for Congress.,gpt-4.1
,C00906081,,MOE DAVIS FOR CONGRESS COMMITTEE,Candidate Committees,Candidate,,llm_inferred,high,Name is a candidate committee for Moe Davis for Congress.,gpt-4.1
,C00906099,,CITIZENS FOR JAMIE HILL,Candidate Committees,Candidate,,llm_inferred,high,Name is a candidate committee for Jamie Hill (Citizens for Jamie Hill) for Congress.,gpt-4.1
,C00906180,,DR. TIFFANIE TATE FOR CONGRESS,Candidate Committees,Candidate,,llm_inferred,high,Name is a candidate committee for Dr. Tiffanie Tate for Congress.,gpt-4.1
,C00906198,,MURPHY4CONGRESS,Candidate Committees,Candidate,,llm_inferred,high,Name is a candidate committee for Murphy (Murphy4Congress).,gpt-4.1
,C00906214,,BURNETT FOR CONGRESS,Candidate Committees,Candidate,,llm_inferred,high,Name is a candidate committee for Burnett for Congress.,gpt-4.1
,C00906354,,LEO MARTINEZ FOR CONGRESS,Candidate Committees,Candidate,,llm_inferred,high,Name is a candidate committee for Leo Martinez for Congress.,gpt-4.1
,C00906404,,BRIAN STAHL FOR TEXAS,Candidate Committees,Candidate,,llm_inferred,high,Name is a candidate committee for Brian Stahl for Texas (House).,gpt-4.1
,C00906446,,STEFANY SHAHEEN FOR CONGRESS,Candidate Committees,Candidate,,llm_inferred,high,Name is a candidate committee for Stefany Shaheen for Congress.,gpt-4.1
,C00906453,,HUDSON FOR ALABAMA,Candidate Committees,Candidate,,llm_inferred,high,Name is a candidate committee for Hudson for Alabama (Senate).,gpt-4.1
,C00906503,,CHRISTOPHER RIZARRY FOR CONGRESS,Candidate Committees,Candidate,,llm_inferred,high,Name is a candidate committee for Christopher Rizarry for Congress.,gpt-4.1
,C00906529,,HARRY JARIN FOR CONGRESS,Candidate Committees,Candidate,,llm_inferred,high,Name is a candidate committee for Harry Jarin for Congress.,gpt-4.1
,C00906537,,AMY ROMA FOR CONGRESS,Candidate Committees,Candidate,,llm_inferred,high,Name is a candidate committee for Amy Roma for Congress.,gpt-4.1
,C00906545,,STEVE MARSHALL FOR SENATE,Candidate Committees,Candidate,,llm_inferred,high,"The committee name is 'STEVE MARSHALL FOR SENATE', indicating a candidate committee.",gpt-4.1
,C00906552,,TROY FOR CONGRESS,Candidate Committees,Candidate,,llm_inferred,high,"The committee name is 'TROY FOR CONGRESS', indicating a candidate committee.",gpt-4.1
,C00906594,,WALTER FOR CONGRESS,Candidate Committees,Candidate,,llm_inferred,high,"The committee name is 'WALTER FOR CONGRESS', indicating a candidate committee.",gpt-4.1
,C00906636,,CHATZKY FOR CONGRESS,Candidate Committees,Candidate,,llm_inferred,high,"The committee name is 'CHATZKY FOR CONGRESS', indicating a candidate committee.",gpt-4.1
,C00906735,,JUSTIN STORY FOR CONGRESS,Candidate Committees,Candidate,,llm_inferred,high,"The committee name is 'JUSTIN STORY FOR CONGRESS', indicating a candidate committee.",gpt-4.1
,C00906768,,KLOIBER FOR CONGRESS,Candidate Committees,Candidate,,llm_inferred,high,"The committee name is 'KLOIBER FOR CONGRESS', indicating a candidate committee.",gpt-4.1
,C00906792,,GE'NELL GARY FOR TEXAS 37,Candidate Committees,Candidate,,llm_inferred,high,"The committee name is 'GE'NELL GARY FOR TEXAS 37', indicating a candidate committee.",gpt-4.1
,C00906818,,HOPE SCHEPPELMAN FOR CONGRESS,Candidate Committees,Candidate,,llm_inferred,high,"The committee name is 'HOPE SCHEPPELMAN FOR CONGRESS', indicating a candidate committee.",gpt-4.1
,C00906826,,"FRIENDS OF KRISTA PENN, LLC",Candidate Committees,Candidate,,llm_inferred,high,"The committee name is 'FRIENDS OF KRISTA PENN, LLC', indicating a candidate committee.",gpt-4.1
,C00906834,,FRIENDS OF THOMAS D. HALL JR,Candidate Committees,Candidate,,llm_inferred,high,"The committee name is 'FRIENDS OF THOMAS D. HALL JR', indicating a candidate committee.",gpt-4.1
,C00906842,,BUSHRA FOR CONGRESS,Candidate Committees,Candidate,,llm_inferred,high,"The committee name is 'BUSHRA FOR CONGRESS', indicating a candidate committee.",gpt-4.1
,C00906867,,RACHEL FOR US SENATE,Candidate Committees,Candidate,,llm_inferred,high,"The committee name is 'RACHEL FOR US SENATE', indicating a candidate committee.",gpt-4.1
,C00906875,,JASMINE CLARK FOR GEORGIA,Candidate Committees,Candidate,,llm_inferred,high,"The committee name is 'JASMINE CLARK FOR GEORGIA', indicating a candidate committee.",gpt-4.1
,C00906883,,PIA DANDIYA FOR CONGRESS,Candidate Committees,Candidate,,llm_inferred,high,"The committee name is 'PIA DANDIYA FOR CONGRESS', indicating a candidate committee.",gpt-4.1
,C00906891,,FRIENDS OF JUNAID,Candidate Committees,Candidate,,llm_inferred,high,"The committee name is 'FRIENDS OF JUNAID', indicating a candidate committee.",gpt-4.1
,C00906958,,COMMITTEE TO ELECT MIKE PIERCE,Candidate Committees,Candidate,,llm_inferred,high,"The committee name is 'COMMITTEE TO ELECT MIKE PIERCE', indicating a candidate committee.",gpt-4.1
,C00907014,,KALLAS FOR CONGRESS,Candidate Committees,Candidate,,llm_inferred,high,"The committee name is 'KALLAS FOR CONGRESS', indicating a candidate committee.",gpt-4.1
,C00907022,,IRENE SHIN FOR CONGRESS,Candidate Committees,Candidate,,llm_inferred,high,"The committee name is 'IRENE SHIN FOR CONGRESS', indicating a candidate committee.",gpt-4.1
,C00907030,,"STAR BLACK FOR CONGRESS, INC.",Candidate Committees,Candidate,,llm_inferred,high,"The committee name is 'STAR BLACK FOR CONGRESS, INC.', indicating a candidate committee.",gpt-4.1
,C00907055,,NED FOR CONGRESS,Candidate Committees,Candidate,,llm_inferred,high,"The committee name is 'NED FOR CONGRESS', indicating a candidate committee.",gpt-4.1
,C00907063,,DAN LEE FOR VIRGINIA,Candidate Committees,Candidate,,llm_inferred,high,"The committee name is 'DAN LEE FOR VIRGINIA', indicating a candidate committee.",gpt-4.1
,C00907154,,LUCAS RAND FOR CONGRESS,Candidate Committees,Candidate,,llm_inferred,high,"The committee name is 'LUCAS RAND FOR CONGRESS', indicating a candidate committee.",gpt-4.1
,C00907170,,SCHOLTEN FOR IOWA,Candidate Committees,Candidate,,llm_inferred,high,"The committee name is 'SCHOLTEN FOR IOWA', indicating a candidate committee.",gpt-4.1
,C00907238,,CARLEIGH BERIONT FOR CONGRESS,Candidate Committees,Candidate,,llm_inferred,high,"The committee name is 'CARLEIGH BERIONT FOR CONGRESS', indicating a candidate committee.",gpt-4.1
,C00907246,,JOHN CAVANAUGH FOR CONGRESS,Candidate Committees,Candidate,,llm_inferred,high,"The committee name is 'JOHN CAVANAUGH FOR CONGRESS', indicating a candidate committee.",gpt-4.1
,C00907261,,LAFLAMME FOR ME,Candidate Committees,Candidate,,llm_inferred,high,The committee name is a candidate's name and the type/designation confirms it is a candidate committee.,gpt-4.1
,C00907311,,COMMITTEE TO ELECT RICKY DANA FOR HOUSE MISSOURI-4,Candidate Committees,Candidate,,llm_inferred,high,The committee name references a candidate and the type/designation confirms it is a candidate committee.,gpt-4.1
,C00907329,,JUSTIN EARLY FOR CONGRESS,Candidate Committees,Candidate,,llm_inferred,high,The committee name references a candidate and the type/designation confirms it is a candidate committee.,gpt-4.1
,C00907345,,CITIZENS FOR JON BUCHWALD,Candidate Committees,Candidate,,llm_inferred,high,The committee name references a candidate and the type/designation confirms it is a candidate committee.,gpt-4.1
,C00907436,,AMIE FOR COLORADO,Candidate Committees,Candidate,,llm_inferred,high,The committee name references a candidate and the type/designation confirms it is a candidate committee.,gpt-4.1
,C00907451,,JOLANDA JONES FOR CONGRESS,Candidate Committees,Candidate,,llm_inferred,high,The committee name references a candidate and the type/designation confirms it is a candidate committee.,gpt-4.1
,C00907519,,COMMITEE TO ELECT STOCKER FOR CONGRESS,Candidate Committees,Candidate,,llm_inferred,high,The committee name references a candidate and the type/designation confirms it is a candidate committee.,gpt-4.1
,C00907527,,TJ WARE FOR CONGRESS,Candidate Committees,Candidate,,llm_inferred,high,The committee name references a candidate and the type/designation confirms it is a candidate committee.,gpt-4.1
,C00907576,,CYRIL FOR CONGRESS,Candidate Committees,Candidate,,llm_inferred,high,The committee name references a candidate and the type/designation confirms it is a candidate committee.,gpt-4.1
,C00907626,,LARRY THOMPSON FOR CONGRESS,Candidate Committees,Candidate,,llm_inferred,high,The committee name references a candidate and the type/designation confirms it is a candidate committee.,gpt-4.1
,C00907634,,TYLER FARNSWORTH FOR CONGRESS,Candidate Committees,Candidate,,llm_inferred,high,The committee name references a candidate and the type/designation confirms it is a candidate committee.,gpt-4.1
,C00907667,,CROSSWELL FOR CONGRESS,Candidate Committees,Candidate,,llm_inferred,high,The committee name references a candidate and the type/designation confirms it is a candidate committee.,gpt-4.1
,C00907709,,KASIE WHITENER FOR US SENATE,Candidate Committees,Candidate,,llm_inferred,high,The committee name references a candidate and the type/designation confirms it is a candidate committee.,gpt-4.1
,C00907717,,FRIENDS OF DR PUNNOOSE,Candidate Committees,Candidate,,llm_inferred,high,The committee name references a candidate and the type/designation confirms it is a candidate committee.,gpt-4.1
,C00907733,,ANNA LEE WILLIAMS FOR CONGRESS,Candidate Committees,Candidate,,llm_inferred,high,The committee name references a candidate and the type/designation confirms it is a candidate committee.,gpt-4.1
,C00907774,,PEOPLE OF ILLINOIS & KEVIN RYAN,Candidate Committees,Candidate,,llm_inferred,high,The committee name references a candidate and the type/designation confirms it is a candidate committee.,gpt-4.1
,C00907790,,LIZETTE FERNANDEZ-PRESTWICH FOR CONGRESS,Candidate Committees,Candidate,,llm_inferred,high,The committee name references a candidate and the type/designation confirms it is a candidate committee.,gpt-4.1
,C00907816,,KELLY THOMPSON FOR CONGRESS,Candidate Committees,Candidate,,llm_inferred,high,The committee name references a candidate and the type/designation confirms it is a candidate committee.,gpt-4.1
,C00907881,,COSTELLO FOR U.S. SENATE,Candidate Committees,Candidate,,llm_inferred,high,The committee name references a candidate and the type/designation confirms it is a candidate committee.,gpt-4.1
,C00907923,,WAHLS FOR IOWA,Candidate Committees,Candidate,,llm_inferred,high,The committee name references a candidate and the type/designation confirms it is a candidate committee.,gpt-4.1
,C00907931,,FRIENDS OF AWISI,Candidate Committees,Candidate,,llm_inferred,high,The committee name references a candidate and the type/designation confirms it is a candidate committee.,gpt-4.1
,C00907949,,DAN TULLY FOR CONGRESS,Candidate Committees,Candidate,,llm_inferred,high,The committee name references a candidate and the type/designation confirms it is a candidate committee.,gpt-4.1
,C00907956,,LISA FOR VIRGINIA,Candidate Committees,Candidate,,llm_inferred,high,The committee name references a candidate and the type/designation confirms it is a candidate committee.,gpt-4.1
,C00907998,,JOEY MENDOZA ATKINS FOR SENATE,Candidate Committees,Candidate,,llm_inferred,high,The committee name references a candidate and the type/designation confirms it is a candidate committee.,gpt-4.1
,C00908079,,AMBROSE FOR CONGRESS,Candidate Committees,Candidate,,llm_inferred,high,The committee name references a candidate and the type/designation confirms it is a candidate committee.,gpt-4.1
,C00908095,,FRIENDS OF SARAH KLIMM,Candidate Committees,Candidate,,llm_inferred,high,"The committee name is 'FRIENDS OF SARAH KLIMM', indicating a candidate committee.",gpt-4.1
,C00908103,,RYANFORILLINOIS,Candidate Committees,Candidate,,llm_inferred,high,"The committee name is 'RYANFORILLINOIS', indicating a candidate committee.",gpt-4.1
,C00908186,,SUSAN STOREY RUBIO FOR CONGRESS,Candidate Committees,Candidate,,llm_inferred,high,"The committee name is 'SUSAN STOREY RUBIO FOR CONGRESS', indicating a candidate committee.",gpt-4.1
,C00908202,,MATT VAN EPPS FOR CONGRESS,Candidate Committees,Candidate,,llm_inferred,high,"The committee name is 'MATT VAN EPPS FOR CONGRESS', indicating a candidate committee.",gpt-4.1
,C00908210,,CYLE FOR CONGRESS,Candidate Committees,Candidate,,llm_inferred,high,"The committee name is 'CYLE FOR CONGRESS', indicating a candidate committee.",gpt-4.1
,C00908301,,WHITSON FOR CONGRESS,Candidate Committees,Candidate,,llm_inferred,high,"The committee name is 'WHITSON FOR CONGRESS', indicating a candidate committee.",gpt-4.1
,C00908400,,ROBB FOR CONGRESS,Candidate Committees,Candidate,,llm_inferred,high,"The committee name is 'ROBB FOR CONGRESS', indicating a candidate committee.",gpt-4.1
,C00908459,,BLAKE MIGUEZ FOR LOUISIANA,Candidate Committees,Candidate,,llm_inferred,high,"The committee name is 'BLAKE MIGUEZ FOR LOUISIANA', indicating a candidate committee.",gpt-4.1
,C00908509,,NDIDIAMAKA OKPAREKE FOR CONGRESS,Candidate Committees,Candidate,,llm_inferred,high,"The committee name is 'NDIDIAMAKA OKPAREKE FOR CONGRESS', indicating a candidate committee.",gpt-4.1
,C00908525,,BLUE COLLAR CASEY,Candidate Committees,Candidate,,llm_inferred,high,"The committee name is 'BLUE COLLAR CASEY', indicating a candidate committee.",gpt-4.1
,C00908541,,BRINK FOR CONGRESS,Candidate Committees,Candidate,,llm_inferred,high,"The committee name is 'BRINK FOR CONGRESS', indicating a candidate committee.",gpt-4.1
,C00908566,,MELISSA BAILEY FOR CONGRESS,Candidate Committees,Candidate,,llm_inferred,high,"The committee name is 'MELISSA BAILEY FOR CONGRESS', indicating a candidate committee.",gpt-4.1
,C00908624,,FRIENDS OF JIM KINGSTON,Candidate Committees,Candidate,,llm_inferred,high,"The committee name is 'FRIENDS OF JIM KINGSTON', indicating a candidate committee.",gpt-4.1
,C00908731,,WAYNE KINSEL FOR CONGRESS,Candidate Committees,Candidate,,llm_inferred,high,"The committee name is 'WAYNE KINSEL FOR CONGRESS', indicating a candidate committee.",gpt-4.1
,C00908756,,FRIENDS OF MICHAEL HEIDENREICH,Candidate Committees,Candidate,,llm_inferred,high,"The committee name is 'FRIENDS OF MICHAEL HEIDENREICH', indicating a candidate committee.",gpt-4.1
,C00908855,,OLIVER FOR CONGRESS,Candidate Committees,Candidate,,llm_inferred,high,"The committee name is 'OLIVER FOR CONGRESS', indicating a candidate committee.",gpt-4.1
,C00908863,,DENNIS FEITOSA FOR CONGRESS,Candidate Committees,Candidate,,llm_inferred,high,"The committee name is 'DENNIS FEITOSA FOR CONGRESS', indicating a candidate committee.",gpt-4.1
,C00908889,,BAYLY WINDER FOR CONGRESS,Candidate Committees,Candidate,,llm_inferred,high,"The committee name is 'BAYLY WINDER FOR CONGRESS', indicating a candidate committee.",gpt-4.1
,C00908897,,TERRY VIRTS FOR TEXAS,Candidate Committees,Candidate,,llm_inferred,high,"The committee name is 'TERRY VIRTS FOR TEXAS', indicating a candidate committee.",gpt-4.1
,C00908954,,SPARKY MITRA FOR CONGRESS,Candidate Committees,Candidate,,llm_inferred,high,"The committee name is 'SPARKY MITRA FOR CONGRESS', indicating a candidate committee.",gpt-4.1
,C00908962,,COMMITTEE TO ELECT MATTHEW WOOD,Candidate Committees,Candidate,,llm_inferred,high,"The committee name is 'COMMITTEE TO ELECT MATTHEW WOOD', indicating a candidate committee.",gpt-4.1
,C00909051,,SHAUN FINNIE FOR CONGRESS,Candidate Committees,Candidate,,llm_inferred,high,"The committee name is 'SHAUN FINNIE FOR CONGRESS', indicating a candidate committee.",gpt-4.1
,C00909168,,BRIT FOR WV,Candidate Committees,Candidate,,llm_inferred,high,"The committee name is 'BRIT FOR WV', indicating a candidate committee.",gpt-4.1
,C00909259,,ADAM FOR WI DISTRICT 1,Candidate Committees,Candidate,,llm_inferred,high,"The committee name is 'ADAM FOR WI DISTRICT 1', indicating a candidate committee.",gpt-4.1
,C00909267,,CLOUGH FOR CONGRESS,Candidate Committees,Candidate,,llm_inferred,high,"The committee name is 'CLOUGH FOR CONGRESS', indicating a candidate committee.",gpt-4.1
,C00909283,,SCOTT WIENER FOR CONGRESS,Candidate Committees,Candidate,,llm_inferred,high,"The committee name is for a specific candidate for Congress, indicating a candidate committee.",gpt-4.1
,C00909291,,HEIDI HALL FOR SUPERVISOR 2024,Candidate Committees,Candidate,,llm_inferred,high,"The committee name is for a specific candidate for Supervisor, indicating a candidate committee.",gpt-4.1
,C00909309,,TODD ACHILLES FOR IDAHO,Candidate Committees,Candidate,,llm_inferred,high,"The committee name is for a specific candidate for Idaho, indicating a candidate committee.",gpt-4.1
,C00909473,,BRUCE LEON FOR CONGRESS,Candidate Committees,Candidate,,llm_inferred,high,"The committee name is for a specific candidate for Congress, indicating a candidate committee.",gpt-4.1
,C00909481,,KIROS FOR CONGRESS,Candidate Committees,Candidate,,llm_inferred,high,"The committee name is for a specific candidate for Congress, indicating a candidate committee.",gpt-4.1
,C00909499,,IOWANS FOR ASHLEY WOLFTORNABANE,Candidate Committees,Candidate,,llm_inferred,high,"The committee name is for a specific candidate, indicating a candidate committee.",gpt-4.1
,C00909515,,BRINKER HARDING FOR CONGRESS,Candidate Committees,Candidate,,llm_inferred,high,"The committee name is for a specific candidate for Congress, indicating a candidate committee.",gpt-4.1
,C00909523,,URRUTIA FOR NH,Candidate Committees,Candidate,,llm_inferred,high,"The committee name is for a specific candidate for NH, indicating a candidate committee.",gpt-4.1
,C00909531,,DOUG CHAPIN FOR CONGRESS,Candidate Committees,Candidate,,llm_inferred,high,"The committee name is for a specific candidate for Congress, indicating a candidate committee.",gpt-4.1
,C00909549,,MATT MAASDAM FOR CONGRESS,Candidate Committees,Candidate,,llm_inferred,high,"The committee name is for a specific candidate for Congress, indicating a candidate committee.",gpt-4.1
,C00909572,,ALLRED FOR TEXAS,Candidate Committees,Candidate,,llm_inferred,high,"The committee name is for a specific candidate for Texas, indicating a candidate committee.",gpt-4.1
,C00909580,,DR. TINA SHAH FOR CONGRESS,Candidate Committees,Candidate,,llm_inferred,high,"The committee name is for a specific candidate for Congress, indicating a candidate committee.",gpt-4.1
,C00909622,,"SCOTT BROWN FOR NEW HAMPSHIRE, INC.",Candidate Committees,Candidate,,llm_inferred,high,"The committee name is for a specific candidate for New Hampshire, indicating a candidate committee.",gpt-4.1
,C00909630,,DEREK MERRIN FOR CONGRESS,Candidate Committees,Candidate,,llm_inferred,high,"The committee name is for a specific candidate for Congress, indicating a candidate committee.",gpt-4.1
,C00909689,,MARTY JACKLEY FOR CONGRESS,Candidate Committees,Candidate,,llm_inferred,high,"The committee name is for a specific candidate for Congress, indicating a candidate committee.",gpt-4.1
,C00909705,,MORRIS FOR SENATE,Candidate Committees,Candidate,,llm_inferred,high,"The committee name is for a specific candidate for Senate, indicating a candidate committee.",gpt-4.1
,C00909721,,ROBERT LULGJURAJ FOR CONGRESS,Candidate Committees,Candidate,,llm_inferred,high,"The committee name is for a specific candidate for Congress, indicating a candidate committee.",gpt-4.1
,C00909770,,BETH ANDRES-BECK FOR DEMOCRACY,Candidate Committees,Candidate,,llm_inferred,high,"The committee name is for a specific candidate, indicating a candidate committee.",gpt-4.1
,C00909788,,MCGOWAN FOR IOWA,Candidate Committees,Candidate,,llm_inferred,high,"The committee name is for a specific candidate for Iowa, indicating a candidate committee.",gpt-4.1
,C00909796,,DIANA KASTENBAUM FOR CONGRESS,Candidate Committees,Candidate,,llm_inferred,high,"The committee name is for a specific candidate for Congress, indicating a candidate committee.",gpt-4.1
,C00909804,,KIMBERLY HARDY FOR CONGRESS,Candidate Committees,Candidate,,llm_inferred,high,"The committee name is for a specific candidate for Congress, indicating a candidate committee.",gpt-4.1
,C00909820,,TARA DURANT FOR VIRGINIA,Candidate Committees,Candidate,,llm_inferred,high,"The committee name is for a specific candidate for Virginia, indicating a candidate committee.",gpt-4.1
,C00909838,,VAN FOR TENNESSEE,Candidate Committees,Candidate,,llm_inferred,high,"The committee name is for a specific candidate for Tennessee, indicating a candidate committee.",gpt-4.1
,C00909853,,KENFORUSCONGRESS,Candidate Committees,Candidate,,llm_inferred,high,"The committee name is for a specific candidate for Congress, indicating a candidate committee.",gpt-4.1
,C00909861,,JOSH WILLIAMS FOR OHIO,Candidate Committees,Candidate,,llm_inferred,high,"The committee name is for a specific candidate for Ohio, indicating a candidate committee.",gpt-4.1
,C00909887,,JASON GIBBS FOR CONGRESS,Candidate Committees,Candidate,,llm_inferred,high,"The committee name is 'JASON GIBBS FOR CONGRESS', indicating it is a candidate committee.",gpt-4.1
,C00909903,,HOAN FOR 9,Candidate Committees,Candidate,,llm_inferred,high,"The committee name is 'HOAN FOR 9', indicating it is a candidate committee.",gpt-4.1
,C00909937,,BOB HAGGLUND FOR CONGRESS,Candidate Committees,Candidate,,llm_inferred,high,"The committee name is 'BOB HAGGLUND FOR CONGRESS', indicating it is a candidate committee.",gpt-4.1
,C00910026,,BRIAN HUALDE FOR CONGRESS 2026,Candidate Committees,Candidate,,llm_inferred,high,"The committee name is 'BRIAN HUALDE FOR CONGRESS 2026', indicating it is a candidate committee.",gpt-4.1
,C00910059,,MARTY YOUNG FOR CONGRESS,Candidate Committees,Candidate,,llm_inferred,high,"The committee name is 'MARTY YOUNG FOR CONGRESS', indicating it is a candidate committee.",gpt-4.1
,C00910166,,BRETT LINDSTROM FOR CONGRESS,Candidate Committees,Candidate,,llm_inferred,high,"The committee name is 'BRETT LINDSTROM FOR CONGRESS', indicating it is a candidate committee.",gpt-4.1
,C00910190,,ETIENNE ROSAS FOR CONGRESS TX34,Candidate Committees,Candidate,,llm_inferred,high,"The committee name is 'ETIENNE ROSAS FOR CONGRESS TX34', indicating it is a candidate committee.",gpt-4.1
,C00910224,,TYLER VANDENBERG FOR US CONGRESS,Candidate Committees,Candidate,,llm_inferred,high,"The committee name is 'TYLER VANDENBERG FOR US CONGRESS', indicating it is a candidate committee.",gpt-4.1
,C00910232,,ROSE FOR CONGRESS 2026,Candidate Committees,Candidate,,llm_inferred,high,"The committee name is 'ROSE FOR CONGRESS 2026', indicating it is a candidate committee.",gpt-4.1
,C00910240,,CHRIS JAMES FOR ARIZONA,Candidate Committees,Candidate,,llm_inferred,high,"The committee name is 'CHRIS JAMES FOR ARIZONA', indicating it is a candidate committee.",gpt-4.1
,C00910455,,KNIGHT FOR CONGRESS,Candidate Committees,Candidate,,llm_inferred,high,"The committee name is 'KNIGHT FOR CONGRESS', indicating it is a candidate committee.",gpt-4.1
,C00910505,,TERRI REESE FOR NJ CD-2,Candidate Committees,Candidate,,llm_inferred,high,"The committee name is 'TERRI REESE FOR NJ CD-2', indicating it is a candidate committee.",gpt-4.1
,C00910661,,JESSE OPPENHEIM FOR CONGRESS,Candidate Committees,Candidate,,llm_inferred,high,"The committee name is 'JESSE OPPENHEIM FOR CONGRESS', indicating it is a candidate committee.",gpt-4.1
,C00910679,,LEE REEVES FOR CONGRESS,Candidate Committees,Candidate,,llm_inferred,high,"The committee name is 'LEE REEVES FOR CONGRESS', indicating it is a candidate committee.",gpt-4.1
,C00910695,,CAITLIN ROURK FOR CONGRESS,Candidate Committees,Candidate,,llm_inferred,high,"The committee name is 'CAITLIN ROURK FOR CONGRESS', indicating it is a candidate committee.",gpt-4.1
,C00910703,,JODY BARRETT FOR CONGRESS,Candidate Committees,Candidate,,llm_inferred,high,"The committee name is 'JODY BARRETT FOR CONGRESS', indicating it is a candidate committee.",gpt-4.1
,C00910745,,HARTZELL FOR CONGRESS,Candidate Committees,Candidate,,llm_inferred,high,"The committee name is 'HARTZELL FOR CONGRESS', indicating it is a candidate committee.",gpt-4.1
,C00910778,,JOSH CORTEZ FOR CONGRESS,Candidate Committees,Candidate,,llm_inferred,high,"The committee name is 'JOSH CORTEZ FOR CONGRESS', indicating it is a candidate committee.",gpt-4.1
,C00910794,,JANAK JOSHI FOR COLORADO,Candidate Committees,Candidate,,llm_inferred,high,"The committee name is 'JANAK JOSHI FOR COLORADO', indicating it is a candidate committee for Senate.",gpt-4.1
,C00910810,,BO MITCHELL FOR CONGRESS,Candidate Committees,Candidate,,llm_inferred,high,"The committee name is 'BO MITCHELL FOR CONGRESS', indicating it is a candidate committee.",gpt-4.1
,C00910836,,MACALLISTER FOR CONGRESS,Candidate Committees,Candidate,,llm_inferred,high,"The committee name is 'MACALLISTER FOR CONGRESS', indicating it is a candidate committee.",gpt-4.1
,C00910877,,NEIDHART FOR CONGRESS,Candidate Committees,Candidate,,llm_inferred,high,"The committee name is 'NEIDHART FOR CONGRESS', indicating it is a candidate committee.",gpt-4.1
,C00910885,,MATT WINDSCHITL FOR CONGRESS,Candidate Committees,Candidate,,llm_inferred,high,"The committee name is 'MATT WINDSCHITL FOR CONGRESS', indicating it is a candidate committee.",gpt-4.1
,C00910893,,RONNIE MURCHINSON FOR OFFICE,Candidate Committees,Candidate,,llm_inferred,high,"The committee name is 'RONNIE MURCHINSON FOR OFFICE', indicating it is a candidate committee.",gpt-4.1
,C00910935,,JOHNNY GARRETT FOR CONGRESS,Candidate Committees,Candidate,,llm_inferred,high,"The committee name is 'JOHNNY GARRETT FOR CONGRESS', indicating it is a candidate committee.",gpt-4.1
,C00910943,,CITIZENS FOR NANCY MANNION,Candidate Committees,Candidate,,llm_inferred,high,"The committee name is 'CITIZENS FOR NANCY MANNION', indicating a candidate committee.",gpt-4.1
,C00910950,,TAYLOR WETTACH FOR CONGRESS,Candidate Committees,Candidate,,llm_inferred,high,"The committee name is 'TAYLOR WETTACH FOR CONGRESS', indicating a candidate committee.",gpt-4.1
,C00910968,,ROBIN FICKER FOR CONGRESS,Candidate Committees,Candidate,,llm_inferred,high,"The committee name is 'ROBIN FICKER FOR CONGRESS', indicating a candidate committee.",gpt-4.1
,C00910976,,MIKE SIMMONS FOR CONGRESS,Candidate Committees,Candidate,,llm_inferred,high,"The committee name is 'MIKE SIMMONS FOR CONGRESS', indicating a candidate committee.",gpt-4.1
,C00910984,,FOLEY FOR CONGRESS,Candidate Committees,Candidate,,llm_inferred,high,"The committee name is 'FOLEY FOR CONGRESS', indicating a candidate committee.",gpt-4.1
,C00911024,,PHIL ANDREW FOR CONGRESS,Candidate Committees,Candidate,,llm_inferred,high,"The committee name is 'PHIL ANDREW FOR CONGRESS', indicating a candidate committee.",gpt-4.1
,C00911065,,COMMITTEE TO ELECT SARAHC,Candidate Committees,Candidate,,llm_inferred,high,"The committee name is 'COMMITTEE TO ELECT SARAHC', indicating a candidate committee.",gpt-4.1
,C00911149,,BRANDON BROWN FOR SOUTH CAROLINA,Candidate Committees,Candidate,,llm_inferred,high,"The committee name is 'BRANDON BROWN FOR SOUTH CAROLINA', indicating a candidate committee.",gpt-4.1
,C00911156,,SHEA FOR CONGRESS,Candidate Committees,Candidate,,llm_inferred,high,"The committee name is 'SHEA FOR CONGRESS', indicating a candidate committee.",gpt-4.1
,C00911164,,DONNA MILLER FOR CONGRESS,Candidate Committees,Candidate,,llm_inferred,high,"The committee name is 'DONNA MILLER FOR CONGRESS', indicating a candidate committee.",gpt-4.1
,C00911172,,DEANNA GORDON FOR CONGRESS,Candidate Committees,Candidate,,llm_inferred,high,"The committee name is 'DEANNA GORDON FOR CONGRESS', indicating a candidate committee.",gpt-4.1
,C00911198,,LORENZO RIOS FOR CONGRESS,Candidate Committees,Candidate,,llm_inferred,high,"The committee name is 'LORENZO RIOS FOR CONGRESS', indicating a candidate committee.",gpt-4.1
,C00911230,,SUPPORTERS OF STEPHANIE STEINER,Candidate Committees,Candidate,,llm_inferred,high,"The committee name is 'SUPPORTERS OF STEPHANIE STEINER', indicating a candidate committee.",gpt-4.1
,C00911248,,MIKE FOR TENNESSEE,Candidate Committees,Candidate,,llm_inferred,high,"The committee name is 'MIKE FOR TENNESSEE', indicating a candidate committee.",gpt-4.1
,C00911255,,CRABTREE FOR CONGRESS,Candidate Committees,Candidate,,llm_inferred,high,"The committee name is 'CRABTREE FOR CONGRESS', indicating a candidate committee.",gpt-4.1
,C00911305,,MCKENNA FOR CONGRESS,Candidate Committees,Candidate,,llm_inferred,high,"The committee name is 'MCKENNA FOR CONGRESS', indicating a candidate committee.",gpt-4.1
,C00911313,,COWEN FOR CONGRESS,Candidate Committees,Candidate,,llm_inferred,high,"The committee name is 'COWEN FOR CONGRESS', indicating a candidate committee.",gpt-4.1
,C00911339,,PINO FOR CONGRESS,Candidate Committees,Candidate,,llm_inferred,high,"The committee name is 'PINO FOR CONGRESS', indicating a candidate committee.",gpt-4.1
,C00911347,,JAMES OSYF FOR CONGRESS,Candidate Committees,Candidate,,llm_inferred,high,"The committee name is 'JAMES OSYF FOR CONGRESS', indicating a candidate committee.",gpt-4.1
,C00911370,,VINCENT DIXIE FOR TENNESSEE,Candidate Committees,Candidate,,llm_inferred,high,"The committee name is 'VINCENT DIXIE FOR TENNESSEE', indicating a candidate committee.",gpt-4.1
,C00911388,,RICHARD BOYKIN FOR CONGRESS,Candidate Committees,Candidate,,llm_inferred,high,"The committee name is 'RICHARD BOYKIN FOR CONGRESS', indicating a candidate committee.",gpt-4.1
,C00911396,,LALLY FOR NEVADA,Candidate Committees,Candidate,,llm_inferred,high,"The committee name is 'LALLY FOR NEVADA', indicating a candidate committee.",gpt-4.1
,C00911404,,MARK ROBERT GORDON FOR CONGRESS,Candidate Committees,Candidate,,llm_inferred,high,"The committee name is 'MARK ROBERT GORDON FOR CONGRESS', indicating a candidate committee.",gpt-4.1
,C00911420,,STEWART PARKS FOR CONGRESS,Candidate Committees,Candidate,,llm_inferred,high,"The committee name is 'STEWART PARKS FOR CONGRESS', indicating a candidate committee.",gpt-4.1
,C00911503,,MACKENZIE FOR CONGRESS,Candidate Committees,Candidate,,llm_inferred,high,"The committee name is 'MACKENZIE FOR CONGRESS', indicating a candidate committee.",gpt-4.1
,C00911511,,VASQUEZ FOR CONGRESS,Candidate Committees,Candidate,,llm_inferred,high,The committee name is a candidate committee for a congressional campaign.,gpt-4.1
,C00911628,,CAPPARELLI FOR US SENATE,Candidate Committees,Candidate,,llm_inferred,high,The committee name is a candidate committee for a US Senate campaign.,gpt-4.1
,C00911669,,TOTH FOR CONGRESS,Candidate Committees,Candidate,,llm_inferred,high,The committee name is a candidate committee for a congressional campaign.,gpt-4.1
,C00911743,,FRIENDS OF JESSE JACKSON JR. FOR CONGRESS 2026 EXPLORATORY COMMITTEE,Candidate Committees,Candidate,,llm_inferred,high,The committee name is a candidate committee for a congressional campaign.,gpt-4.1
,C00911784,,SEAN MCCANN FOR CONGRESS,Candidate Committees,Candidate,,llm_inferred,high,The committee name is a candidate committee for a congressional campaign.,gpt-4.1
,C00911800,,HASSAN FOR MICHIGAN,Candidate Committees,Candidate,,llm_inferred,high,The committee name is a candidate committee for a congressional campaign.,gpt-4.1
,C00911842,,KINNEY FOR DC,Candidate Committees,Candidate,,llm_inferred,high,The committee name is a candidate committee for a congressional campaign.,gpt-4.1
,C00911891,,DOLTER FOR CONGRESS,Candidate Committees,Candidate,,llm_inferred,high,The committee name is a candidate committee for a congressional campaign.,gpt-4.1
,C00911933,,JOSHUA MCKEE FOR CONGRESS,Candidate Committees,Candidate,,llm_inferred,high,The committee name is a candidate committee for a congressional campaign.,gpt-4.1
,C00911941,,KILLIN FOR COLORADO,Candidate Committees,Candidate,,llm_inferred,high,The committee name is a candidate committee for a congressional campaign.,gpt-4.1
,C00911958,,HALPIN FOR CONGRESS,Candidate Committees,Candidate,,llm_inferred,high,The committee name is a candidate committee for a congressional campaign.,gpt-4.1
,C00911966,,ROBIN PEGUERO FOR CONGRESS,Candidate Committees,Candidate,,llm_inferred,high,The committee name is a candidate committee for a congressional campaign.,gpt-4.1
,C00912089,,PYATI FOR ILLINOIS,Candidate Committees,Candidate,,llm_inferred,high,The committee name is a candidate committee for a congressional campaign.,gpt-4.1
,C00912097,,DAN INNIS FOR SENATE,Candidate Committees,Candidate,,llm_inferred,high,The committee name is a candidate committee for a US Senate campaign.,gpt-4.1
,C00912105,,KISHLA ASKINS FOR CONGRESS,Candidate Committees,Candidate,,llm_inferred,high,The committee name is a candidate committee for a congressional campaign.,gpt-4.1
,C00912147,,DR. JASMEET BAINS FOR CONGRESS,Candidate Committees,Candidate,,llm_inferred,high,The committee name is a candidate committee for a congressional campaign.,gpt-4.1
,C00912162,,MARVALETTE HUNTER CAMPAIGN,Candidate Committees,Candidate,,llm_inferred,high,The committee name is a candidate committee for a congressional campaign.,gpt-4.1
,C00912188,,FRIENDS OF MICHAEL MCCORD,Candidate Committees,Candidate,,llm_inferred,high,The committee name is a candidate committee for a congressional campaign.,gpt-4.1
,C00912196,,PRESTON FOR CONGRESS,Candidate Committees,Candidate,,llm_inferred,high,The committee name is a candidate committee for a congressional campaign.,gpt-4.1
,C00912212,,JENNA PRESTON FOR COLORADO,Candidate Committees,Candidate,,llm_inferred,high,The committee name is a candidate committee for a congressional campaign.,gpt-4.1
,C00912246,,ERIC FLORES FOR CONGRESS,Candidate Committees,Candidate,,llm_inferred,high,The committee name is a candidate committee for a congressional campaign.,gpt-4.1
,C00912261,,ZACH DEMBO FOR CONGRESS,Candidate Committees,Candidate,,llm_inferred,high,The committee name is a candidate committee for a congressional campaign.,gpt-4.1
,C00912279,,EVAN MUNSING FOR CONGRESS,Candidate Committees,Candidate,,llm_inferred,high,The committee name is a candidate committee for a congressional campaign.,gpt-4.1
,C00912295,,DR. CUELLAR FOR CONGRESS,Candidate Committees,Candidate,,llm_inferred,high,The committee name is a candidate committee for a congressional campaign.,gpt-4.1
,C00912303,,ALVARADO FOR KENTUCKY,Candidate Committees,Candidate,,llm_inferred,high,The committee name is a candidate committee for a congressional campaign.,gpt-4.1
,C00912311,,CONROY FOR CONGRESS,Candidate Committees,Candidate,,llm_inferred,high,The committee name is a candidate committee for a congressional candidate.,gpt-4.1
,C00912345,,COMMITTEE TO ELECT ZACK HUFFMAN,Candidate Committees,Candidate,,llm_inferred,high,The committee name is a candidate committee for a congressional candidate.,gpt-4.1
,C00912378,,COOPER FOR CONGRESS,Candidate Committees,Candidate,,llm_inferred,high,The committee name is a candidate committee for a congressional candidate.,gpt-4.1
,C00912428,,DREW COX FOR INDIANA,Candidate Committees,Candidate,,llm_inferred,high,The committee name is a candidate committee for a congressional candidate.,gpt-4.1
,C00912469,,SOLIS FOR CONGRESS,Candidate Committees,Candidate,,llm_inferred,high,The committee name is a candidate committee for a congressional candidate.,gpt-4.1
,C00912550,,ELLMAN FOR CONGRESS,Candidate Committees,Candidate,,llm_inferred,high,The committee name is a candidate committee for a congressional candidate.,gpt-4.1
,C00912576,,ED FITZGERALD FOR CONGRESS,Candidate Committees,Candidate,,llm_inferred,high,The committee name is a candidate committee for a congressional candidate.,gpt-4.1
,C00912600,,TOMMY BARNES FOR CONGRESS COMMITTEE,Candidate Committees,Candidate,,llm_inferred,high,The committee name is a candidate committee for a congressional candidate.,gpt-4.1
,C00912642,,AFTYN BEHN FOR CONGRESS,Candidate Committees,Candidate,,llm_inferred,high,The committee name is a candidate committee for a congressional candidate.,gpt-4.1
,C00912659,,HOSKINS FOR IL 7,Candidate Committees,Candidate,,llm_inferred,high,The committee name is a candidate committee for a congressional candidate.,gpt-4.1
,C00912774,,JACK PERRY FOR CONGRESS,Candidate Committees,Candidate,,llm_inferred,high,The committee name is a candidate committee for a congressional candidate.,gpt-4.1
,C00912782,,KATHERINE ALEMAN FOR CONGRESS,Candidate Committees,Candidate,,llm_inferred,high,The committee name is a candidate committee for a congressional candidate.,gpt-4.1
,C00912824,,ERIC PRATT FOR MINNESOTA COMMITTEE,Candidate Committees,Candidate,,llm_inferred,high,The committee name is a candidate committee for a congressional candidate.,gpt-4.1
,C00912840,,PERRY MEADE FOR CONGRESS,Candidate Committees,Candidate,,llm_inferred,high,The committee name is a candidate committee for a congressional candidate.,gpt-4.1
,C00912899,,THE COMMITTEE TO ELECT CHRIS JONES,Candidate Committees,Candidate,,llm_inferred,high,The committee name is a candidate committee for a congressional candidate.,gpt-4.1
,C00912949,,LAWRENCE FOR CONGRESS,Candidate Committees,Candidate,,llm_inferred,high,The committee name is a candidate committee for a congressional candidate.,gpt-4.1
,C00912964,,FRIENDS OF AIMEE CARRASCO,Candidate Committees,Candidate,,llm_inferred,high,The committee name is a candidate committee for a congressional candidate.,gpt-4.1
,C00912980,,MIKE PRUITT FOR CONGRESS,Candidate Committees,Candidate,,llm_inferred,high,The committee name is a candidate committee for a congressional candidate.,gpt-4.1
,C00912998,,CLINT FOR IOWA,Candidate Committees,Candidate,,llm_inferred,high,The committee name is a candidate committee for a congressional candidate.,gpt-4.1
,C00913038,,RON KINCAID FOR SENATE,Candidate Committees,Candidate,,llm_inferred,high,The committee name is a candidate committee for a Senate candidate.,gpt-4.1
,C00913095,,KATHYDURHAMFORCONGRESS,Candidate Committees,Candidate,,llm_inferred,high,The committee name is a candidate committee for a congressional candidate.,gpt-4.1
,C00913194,,C WIRTH FOR CONGRESS,Candidate Committees,Candidate,,llm_inferred,high,The committee name is a candidate committee for a congressional candidate.,gpt-4.1
,C00913251,,DAMJAN DENOBLE - THE NEXT GENERATION CT-03,Candidate Committees,Candidate,,llm_inferred,high,The committee name is a candidate committee for a congressional candidate.,gpt-4.1
,C00913277,,DARREN MCAULEY FOR CONGRESS,Candidate Committees,Candidate,,llm_inferred,high,The committee name is a candidate committee for a congressional candidate.,gpt-4.1
,C00913293,,ANNE FOR KANSAS,Candidate Committees,Candidate,,llm_inferred,high,The committee name is a candidate committee for a Senate candidate.,gpt-4.1
,C00913301,,DARDEN COPELAND FOR CONGRESS,Candidate Committees,Candidate,,llm_inferred,high,"The committee name is a candidate committee for Darden Copeland, as indicated by 'FOR CONGRESS' and committee type H.",gpt-4.1
,C00913327,,LUX FOR MONTANA,Candidate Committees,Candidate,,llm_inferred,high,"The committee name is a candidate committee for Lux, as indicated by 'FOR MONTANA' and committee type H.",gpt-4.1
,C00913343,,BRENDYN MORGAN CAMPAIGN,Candidate Committees,Candidate,,llm_inferred,high,"The committee name is a candidate committee for Brendyn Morgan, as indicated by 'CAMPAIGN' and committee type H.",gpt-4.1
,C00913350,,MELISSA BIRD FOR CONGRESS,Candidate Committees,Candidate,,llm_inferred,high,"The committee name is a candidate committee for Melissa Bird, as indicated by 'FOR CONGRESS' and committee type H.",gpt-4.1
,C00913368,,ALEXANDER_2026,Candidate Committees,Candidate,,llm_inferred,high,"The committee name is a candidate committee for Alexander, as indicated by the name and committee type H.",gpt-4.1
,C00913434,,ERIC YONCE FOR US HOUSE OF REPRESENTATIVES,Candidate Committees,Candidate,,llm_inferred,high,"The committee name is a candidate committee for Eric Yonce, as indicated by 'FOR US HOUSE OF REPRESENTATIVES' and committee type H.",gpt-4.1
,C00913491,,DON LEONARD FOR OHIO,Candidate Committees,Candidate,,llm_inferred,high,"The committee name is a candidate committee for Don Leonard, as indicated by 'FOR OHIO' and committee type H.",gpt-4.1
,C00913558,,FRIENDS OF DAVID REDKEY,Candidate Committees,Candidate,,llm_inferred,high,"The committee name is a candidate committee for David Redkey, as indicated by 'FRIENDS OF' and committee type H.",gpt-4.1
,C00913566,,COOPER FOR NORTH CAROLINA,Candidate Committees,Candidate,,llm_inferred,high,"The committee name is a candidate committee for Cooper, as indicated by 'FOR NORTH CAROLINA' and committee type S.",gpt-4.1
,C00913582,,PETER CROSBY FOR CONGRESS,Candidate Committees,Candidate,,llm_inferred,high,"The committee name is a candidate committee for Peter Crosby, as indicated by 'FOR CONGRESS' and committee type H.",gpt-4.1
,C00913616,,DEFORD FOR CONGRESS,Candidate Committees,Candidate,,llm_inferred,high,"The committee name is a candidate committee for Deford, as indicated by 'FOR CONGRESS' and committee type H.",gpt-4.1
,C00913624,,PAUL DANS FOR SENATE,Candidate Committees,Candidate,,llm_inferred,high,"The committee name is a candidate committee for Paul Dans, as indicated by 'FOR SENATE' and committee type S.",gpt-4.1
,C00913632,,GINO BULSO FOR CONGRESS,Candidate Committees,Candidate,,llm_inferred,high,"The committee name is a candidate committee for Gino Bulso, as indicated by 'FOR CONGRESS' and committee type H.",gpt-4.1
,C00913673,,COMMITTEE TO ELECT JEROMIE WHALEN,Candidate Committees,Candidate,,llm_inferred,high,"The committee name is a candidate committee for Jeromie Whalen, as indicated by 'COMMITTEE TO ELECT' and committee type H.",gpt-4.1
,C00913715,,STAR PARKER FOR CONGRESS,Candidate Committees,Candidate,,llm_inferred,high,"The committee name is a candidate committee for Star Parker, as indicated by 'FOR CONGRESS' and committee type H.",gpt-4.1
,C00913798,,WILLIAMSON FOR CONGRESS,Candidate Committees,Candidate,,llm_inferred,high,"The committee name is a candidate committee for Williamson, as indicated by 'FOR CONGRESS' and committee type H.",gpt-4.1
,C00913848,,KEOHOKALOLE FOR HAWAII,Candidate Committees,Candidate,,llm_inferred,high,"The committee name is a candidate committee for Keohokalole, as indicated by 'FOR HAWAII' and committee type H.",gpt-4.1
,C00913863,,COMMITTEE TO ELECT LAUREN JEWETT FOR CONGRESS,Candidate Committees,Candidate,,llm_inferred,high,"The committee name is a candidate committee for Lauren Jewett, as indicated by 'COMMITTEE TO ELECT' and committee type H.",gpt-4.1
,C00913871,,ELKIND FOR NEW YORK,Candidate Committees,Candidate,,llm_inferred,high,"The committee name is a candidate committee for Elkind, as indicated by 'FOR NEW YORK' and committee type H.",gpt-4.1
,C00913889,,BRIT ROBINSON FOR OFFICE,Candidate Committees,Candidate,,llm_inferred,high,"The committee name is a candidate committee for Brit Robinson, as indicated by 'FOR OFFICE' and committee type H.",gpt-4.1
,C00913897,,LUKE BRONIN FOR CONGRESS,Candidate Committees,Candidate,,llm_inferred,high,"The committee name is a candidate committee for Luke Bronin, as indicated by 'FOR CONGRESS' and committee type H.",gpt-4.1
,C00913913,,ERIC NIEHAUS FOR CONGRESS,Candidate Committees,Candidate,,llm_inferred,high,"The committee name is a candidate committee for Eric Niehaus, as indicated by 'FOR CONGRESS' and committee type H.",gpt-4.1
,C00913988,,XAVIER CARRIGAN FOR IOWA,Candidate Committees,Candidate,,llm_inferred,high,"The committee name is a candidate committee for Xavier Carrigan, as indicated by 'FOR IOWA' and committee type H.",gpt-4.1
,C00913996,,WHATLEY FOR SENATE,Candidate Committees,Candidate,,llm_inferred,high,"The committee name is a candidate committee for Whatley, as indicated by 'FOR SENATE' and committee type S.",gpt-4.1
,C00914036,,WEST CAUDLE FOR CONGRESS,Candidate Committees,Candidate,,llm_inferred,high,"The committee name is a candidate committee for West Caudle, as indicated by 'FOR CONGRESS' and committee type H.",gpt-4.1
,C00914119,,AGER FOR CONGRESS,Candidate Committees,Candidate,,llm_inferred,high,"The committee name is 'AGER FOR CONGRESS', indicating a candidate committee.",gpt-4.1
,C00914135,,MITCHELL JACOB FOR CONGRESS,Candidate Committees,Candidate,,llm_inferred,high,"The committee name is 'MITCHELL JACOB FOR CONGRESS', indicating a candidate committee.",gpt-4.1
,C00914143,,CHARLES GAMBARO FOR CONGRESS,Candidate Committees,Candidate,,llm_inferred,high,"The committee name is 'CHARLES GAMBARO FOR CONGRESS', indicating a candidate committee.",gpt-4.1
,C00914168,,GAINES FOR CONGRESS,Candidate Committees,Candidate,,llm_inferred,high,"The committee name is 'GAINES FOR CONGRESS', indicating a candidate committee.",gpt-4.1
,C00914218,,COMMITTEE TO ELECT RODNEY WALKER,Candidate Committees,Candidate,,llm_inferred,high,"The committee name is 'COMMITTEE TO ELECT RODNEY WALKER', indicating a candidate committee.",gpt-4.1
,C00914309,,MARK SCHEFFLER FOR CONGRESS,Candidate Committees,Candidate,,llm_inferred,high,"The committee name is 'MARK SCHEFFLER FOR CONGRESS', indicating a candidate committee.",gpt-4.1
,C00914317,,OVERMAN FOR CONGRESS,Candidate Committees,Candidate,,llm_inferred,high,"The committee name is 'OVERMAN FOR CONGRESS', indicating a candidate committee.",gpt-4.1
,C00914325,,KARL FOR CONGRESS,Candidate Committees,Candidate,,llm_inferred,high,"The committee name is 'KARL FOR CONGRESS', indicating a candidate committee.",gpt-4.1
,C00914333,,AMANDA MARIE GREEN FOR CONGRESS,Candidate Committees,Candidate,,llm_inferred,high,"The committee name is 'AMANDA MARIE GREEN FOR CONGRESS', indicating a candidate committee.",gpt-4.1
,C00914390,,COMMITTEE TO ELECT ADAM DELGADO FOR US SENATE,Candidate Committees,Candidate,,llm_inferred,high,"The committee name is 'COMMITTEE TO ELECT ADAM DELGADO FOR US SENATE', indicating a candidate committee.",gpt-4.1
,C00914408,,CLIMER FOR CONGRESS,Candidate Committees,Candidate,,llm_inferred,high,"The committee name is 'CLIMER FOR CONGRESS', indicating a candidate committee.",gpt-4.1
,C00914416,,ZIMPFER FOR COLORADO,Candidate Committees,Candidate,,llm_inferred,high,"The committee name is 'ZIMPFER FOR COLORADO', indicating a candidate committee for Senate.",gpt-4.1
,C00914440,,HEATH HOWARD FOR CONGRESS,Candidate Committees,Candidate,,llm_inferred,high,"The committee name is 'HEATH HOWARD FOR CONGRESS', indicating a candidate committee.",gpt-4.1
,C00914465,,AMANDA FOR GEORGIA,Candidate Committees,Candidate,,llm_inferred,high,"The committee name is 'AMANDA FOR GEORGIA', indicating a candidate committee.",gpt-4.1
,C00914481,,GEORGE FOR CONGRESS,Candidate Committees,Candidate,,llm_inferred,high,"The committee name is 'GEORGE FOR CONGRESS', indicating a candidate committee.",gpt-4.1
,C00914515,,LUCIO FOR CONGRESS,Candidate Committees,Candidate,,llm_inferred,high,"The committee name is 'LUCIO FOR CONGRESS', indicating a candidate committee.",gpt-4.1
,C00914531,,DOOLEY FOR GEORGIA,Candidate Committees,Candidate,,llm_inferred,high,"The committee name is 'DOOLEY FOR GEORGIA', indicating a candidate committee for Senate.",gpt-4.1
,C00914556,,MARY ALLEN FOR CONGRESS,Candidate Committees,Candidate,,llm_inferred,high,"The committee name is 'MARY ALLEN FOR CONGRESS', indicating a candidate committee.",gpt-4.1
,C00914580,,DRIVER FOR CHANGE,Candidate Committees,Candidate,,llm_inferred,high,"The committee name is 'DRIVER FOR CHANGE', indicating a candidate committee.",gpt-4.1
,C00914598,,"FRIENDS OF DR. JASSER, INC.",Candidate Committees,Candidate,,llm_inferred,high,"The committee name is 'FRIENDS OF DR. JASSER, INC.', indicating a candidate committee.",gpt-4.1
,C00914663,,COLE4NH,Candidate Committees,Candidate,,llm_inferred,high,"The committee name is 'COLE4NH', indicating a candidate committee.",gpt-4.1
,C00914721,,BILL BLEDSOE FOR CONGRESS,Candidate Committees,Candidate,,llm_inferred,high,"The committee name is 'BILL BLEDSOE FOR CONGRESS', indicating a candidate committee.",gpt-4.1
,C00914739,,SENDRA FOR CONGRESS,Candidate Committees,Candidate,,llm_inferred,high,"The committee name is 'SENDRA FOR CONGRESS', indicating a candidate committee.",gpt-4.1
,C00914747,,JACKIE NORRIS FOR US SENATE,Candidate Committees,Candidate,,llm_inferred,high,"The committee name is 'JACKIE NORRIS FOR US SENATE', indicating a candidate committee.",gpt-4.1
,C00914762,,TRACY HUNT FOR CONGRESS,Candidate Committees,Candidate,,llm_inferred,high,"The committee name is 'TRACY HUNT FOR CONGRESS', indicating a candidate committee.",gpt-4.1
,C00914770,,GALLANT FOR CONGRESS,Candidate Committees,Candidate,,llm_inferred,high,"The committee name is 'GALLANT FOR CONGRESS', indicating a candidate committee.",gpt-4.1
,C00914804,,CARRIE BUCK FOR CONGRESS,Candidate Committees,Candidate,,llm_inferred,high,"The committee name is 'CARRIE BUCK FOR CONGRESS', indicating a candidate committee.",gpt-4.1
,C00914820,,JAKE LEVINE FOR CONGRESS,Candidate Committees,Candidate,,llm_inferred,high,"The committee name is 'JAKE LEVINE FOR CONGRESS', indicating a candidate committee.",gpt-4.1
,C00914861,,GRAYZEL FOR CONGRESS,Candidate Committees,Candidate,,llm_inferred,high,"The committee name is 'GRAYZEL FOR CONGRESS', indicating a candidate committee.",gpt-4.1
,C00914911,,PETE BARLOW FOR CONGRESS,Candidate Committees,Candidate,,llm_inferred,high,"The committee name is 'PETE BARLOW FOR CONGRESS', indicating a candidate committee.",gpt-4.1
,C00914986,,RYAN BINKLEY FOR CONGRESS,Candidate Committees,Candidate,,llm_inferred,high,"The committee name is 'RYAN BINKLEY FOR CONGRESS', indicating a candidate committee.",gpt-4.1
,C00915082,,HAMP REDMOND FOR US CONGRESS,Candidate Committees,Candidate,,llm_inferred,high,"The committee name is 'HAMP REDMOND FOR US CONGRESS', indicating a candidate committee.",gpt-4.1
,C00915124,,MEGAN O'ROURKE FOR CONGRESS,Candidate Committees,Candidate,,llm_inferred,high,"The committee name is 'MEGAN O'ROURKE FOR CONGRESS', indicating a candidate committee.",gpt-4.1
,C00915314,,TJ STEPHENS FOR SENATE,Candidate Committees,Candidate,,llm_inferred,high,"The committee name is 'TJ STEPHENS FOR SENATE', indicating a candidate committee.",gpt-4.1
,C00915322,,MIKE FRANCE CT2,Candidate Committees,Candidate,,llm_inferred,high,"The committee name is 'MIKE FRANCE CT2', indicating a candidate committee.",gpt-4.1
,C00915520,,218 PROJECT,Misc Issues,Other,,llm_inferred,low,The name '218 PROJECT' is generic and does not indicate an industry or candidate.,gpt-4.1
,C00915629,,FIRE REPUBLICANS,Misc Issues,Ideology/Single-Issue,,llm_inferred,low,"The name 'FIRE REPUBLICANS' suggests an ideological or single-issue group, not an industry.",gpt-4.1
,C00915637,,MITCHELL BERMAN FOR CONGRESS,Candidate Committees,Candidate,,llm_inferred,high,"The committee name is 'MITCHELL BERMAN FOR CONGRESS', indicating a candidate committee.",gpt-4.1
,C00915645,,JOSH TUREK FOR IOWA,Candidate Committees,Candidate,,llm_inferred,high,"The committee name is 'JOSH TUREK FOR IOWA', indicating a candidate committee.",gpt-4.1
,C00915652,,THOMAS FISHER FOR CONGRESS,Candidate Committees,Candidate,,llm_inferred,high,"The committee name is 'THOMAS FISHER FOR CONGRESS', indicating a candidate committee.",gpt-4.1
,C00915660,,KEEP THE SENATE,Misc Issues,Other,,llm_inferred,low,The name 'KEEP THE SENATE' is generic and does not indicate an industry or candidate.,gpt-4.1
,C00915678,,HASSAN FOR CONGRESS,Candidate Committees,Candidate,,llm_inferred,high,"The committee name is 'HASSAN FOR CONGRESS', indicating a candidate committee.",gpt-4.1
,C00915736,,PRO-CHOICE DEMOCRATS,Abortion Policy/Pro-Abortion Rights,Ideology/Single-Issue,,llm_inferred,medium,"The name 'PRO-CHOICE DEMOCRATS' indicates a single-issue group focused on abortion rights, not an industry.",gpt-4.1
,C00915801,,MO FOR CONGRESS,Candidate Committees,Candidate,,llm_inferred,high,"The committee name is 'MO FOR CONGRESS', indicating a candidate committee.",gpt-4.1
,C00915827,,COWBOY VICTORY COMMITTEE III,Joint Candidate Cmte,Joint Candidate Cmtes,,llm_inferred,medium,"The name 'COWBOY VICTORY COMMITTEE III' suggests a joint fundraising committee, not an industry.",gpt-4.1
,C00915868,,KENNEDY MORELLE VICTORY FUND,Joint Candidate Cmte,Joint Candidate Cmtes,,llm_inferred,medium,"The name 'KENNEDY MORELLE VICTORY FUND' suggests a joint fundraising committee, not an industry.",gpt-4.1
,C00915884,,JOHN BRAUN FOR CONGRESS,Candidate Committees,Candidate,,llm_inferred,high,"The committee name is 'JOHN BRAUN FOR CONGRESS', indicating a candidate committee.",gpt-4.1
,C00915918,,VOTEVETS HELLCAT VICTORY FUND,Joint Candidate Cmte,Joint Candidate Cmtes,,llm_inferred,medium,"The name 'VOTEVETS HELLCAT VICTORY FUND' suggests a joint fundraising committee, not an industry.",gpt-4.1
,C00915934,,CHRISTY DAVIS FOR KANSAS 2026,Candidate Committees,Candidate,,llm_inferred,high,"The committee name is 'CHRISTY DAVIS FOR KANSAS 2026', indicating a candidate committee.",gpt-4.1
,C00915942,,COOPER OSSOFF VICTORY FUND,Joint Candidate Cmte,Joint Candidate Cmtes,,llm_inferred,medium,"The name 'COOPER OSSOFF VICTORY FUND' suggests a joint fundraising committee, not an industry.",gpt-4.1
,C00915975,,AISHA FOR MICHIGAN,Candidate Committees,Candidate,,llm_inferred,high,The committee name 'AISHA FOR MICHIGAN' indicates it is a candidate committee.,gpt-4.1
,C00915983,,ELIZABETH LEE FOR CONGRESS,Candidate Committees,Candidate,,llm_inferred,high,The committee name 'ELIZABETH LEE FOR CONGRESS' indicates it is a candidate committee.,gpt-4.1
,C00915991,,MARK SMITH FOR CONGRESS,Candidate Committees,Candidate,,llm_inferred,high,The committee name 'MARK SMITH FOR CONGRESS' indicates it is a candidate committee.,gpt-4.1
,C00916080,,FRIENDS OF JAKEYA JOHNSON,Candidate Committees,Candidate,,llm_inferred,high,The committee name 'FRIENDS OF JAKEYA JOHNSON' indicates it is a candidate committee.,gpt-4.1
,C00916098,,ZETA GLOBAL HOLDINGS CORP. EMPLOYEE PAC,Internet,Misc Business,ICT & Cybersecurity,llm_inferred,high,The committee name 'ZETA GLOBAL HOLDINGS CORP. EMPLOYEE PAC' identifies a specific company in the internet/marketing technology sector.,gpt-4.1
,C00916130,,UNITY SOLUTIONS PAC,Misc Issues,Ideology/Single-Issue,,llm_inferred,low,The name 'UNITY SOLUTIONS PAC' is generic and does not identify an industry.,gpt-4.1
,C00916197,,GRAY WHITESIDES VICTORY FUND,Joint Candidate Cmte,Joint Candidate Cmtes,,llm_inferred,high,The name 'GRAY WHITESIDES VICTORY FUND' indicates a joint fundraising committee.,gpt-4.1
,C00916262,,JOHN LEMONDES FOR CONGRESS,Candidate Committees,Candidate,,llm_inferred,high,The committee name 'JOHN LEMONDES FOR CONGRESS' indicates it is a candidate committee.,gpt-4.1
,C00916288,,FRIENDS OF SHERROD BROWN,Candidate Committees,Candidate,,llm_inferred,high,The committee name 'FRIENDS OF SHERROD BROWN' indicates it is a candidate committee.,gpt-4.1
,C00916296,,OHIO GRASSROOTS VICTORY FUND,Joint Candidate Cmte,Joint Candidate Cmtes,,llm_inferred,high,The name 'OHIO GRASSROOTS VICTORY FUND' indicates a joint fundraising committee.,gpt-4.1
,C00916304,,OHIO SENATE VICTORY 2026,Party Committees,Party Cmte,,llm_inferred,high,The name 'OHIO SENATE VICTORY 2026' indicates a party committee.,gpt-4.1
,C00916338,,GEORGIA SENATE VICTORY 2026,Party Committees,Party Cmte,,llm_inferred,high,The name 'GEORGIA SENATE VICTORY 2026' indicates a party committee.,gpt-4.1
,C00916387,,WARRIOR PAC,Misc Issues,Ideology/Single-Issue,,llm_inferred,low,The name 'WARRIOR PAC' is generic and does not identify an industry.,gpt-4.1
,C00916395,,AMMAR FOR CONGRESS,Candidate Committees,Candidate,,llm_inferred,high,The committee name 'AMMAR FOR CONGRESS' indicates it is a candidate committee.,gpt-4.1
,C00916411,,FRIENDS OF HOAN HUYNH AND ESTHER KIM VARET,Joint Candidate Cmte,Joint Candidate Cmtes,,llm_inferred,high,The name 'FRIENDS OF HOAN HUYNH AND ESTHER KIM VARET' indicates a joint fundraising committee.,gpt-4.1
,C00916429,,JEFFRIES BATTLEGROUND PROTECTION FUND,Party Committees,Party Cmte,,llm_inferred,high,The name 'JEFFRIES BATTLEGROUND PROTECTION FUND' indicates a party committee.,gpt-4.1
,C00916437,,GRAHAM FOR MAINE,Candidate Committees,Candidate,,llm_inferred,high,The committee name 'GRAHAM FOR MAINE' indicates it is a candidate committee.,gpt-4.1
,C00916452,,"JAMES, LINDSAY",Candidate Committees,Candidate,,llm_inferred,high,"The committee name 'JAMES, LINDSAY' indicates it is a candidate committee.",gpt-4.1
,C00916460,,BRUNSWICK CORPORATION MARINE POLICY POLITICAL ACTION COMMITTEE,Misc Business,Misc Business,Fisheries,llm_inferred,high,The committee name 'BRUNSWICK CORPORATION MARINE POLICY POLITICAL ACTION COMMITTEE' identifies a company known for marine and boating products.,gpt-4.1
,C00916478,,KYAH CREEKMORE FOR CONGRESS,Candidate Committees,Candidate,,llm_inferred,high,The committee name 'KYAH CREEKMORE FOR CONGRESS' indicates it is a candidate committee.,gpt-4.1
,C00916494,,PXP2,Misc Issues,Ideology/Single-Issue,,llm_inferred,low,The name 'PXP2' is opaque and does not identify an industry.,gpt-4.1
,C00916585,,JOHN DURESKY FOR CONGRESS,Candidate Committees,Candidate,,llm_inferred,high,The committee name 'JOHN DURESKY FOR CONGRESS' indicates it is a candidate committee.,gpt-4.1
,C00916601,,CLAUDE KEISSIEH FOR CONGRESS,Candidate Committees,Candidate,,llm_inferred,high,The committee name 'CLAUDE KEISSIEH FOR CONGRESS' indicates it is a candidate committee.,gpt-4.1
,C00916643,,HOLD THE SENATE,Party Committees,Party Cmte,,llm_inferred,high,The name 'HOLD THE SENATE' indicates a party committee or party-aligned group.,gpt-4.1
,C00916668,,KARISHMA FOR SENATE,Candidate Committees,Candidate,,llm_inferred,high,The committee name 'KARISHMA FOR SENATE' indicates it is a candidate committee.,gpt-4.1
,C00916676,,LISA D RAMIREZ FOR CONGRESS,Candidate Committees,Candidate,,llm_inferred,high,Name indicates a candidate committee for Lisa D Ramirez.,gpt-4.1
,C00916684,,"ELIZABETH GIRARD FOR CONGRESS, INC.",Candidate Committees,Candidate,,llm_inferred,high,Name indicates a candidate committee for Elizabeth Girard.,gpt-4.1
,C00916692,,AMERICAN MISSION,Misc Issues,Ideology/Single-Issue,,llm_inferred,low,Name is generic and does not identify an industry or trade group.,gpt-4.1
,C00916700,,FIGHT AND WIN FUND,Misc Issues,Ideology/Single-Issue,,llm_inferred,low,Name is generic and does not identify an industry or trade group.,gpt-4.1
,C00916742,,ELECTING WOMEN NATIONAL CAPITAL REGION PAC,Women's Issues,Ideology/Single-Issue,,llm_inferred,medium,"Name references electing women, which is a social issue, not an industry.",gpt-4.1
,C00916767,,SAM POLAN FOR CONGRESS,Candidate Committees,Candidate,,llm_inferred,high,Name indicates a candidate committee for Sam Polan.,gpt-4.1
,C00916775,,"FRIENDS AND EMPLOYEES OF POLYENGINEERING, INC. POLITICAL ACTION COMMITTEE",Construction Services,Misc Business,Construction & Housing,llm_inferred,high,"Name references Polyengineering, Inc., a company likely in construction/engineering.",gpt-4.1
,C00916809,,SUNRISE MOVEMENT,Environment,Ideology/Single-Issue,,llm_inferred,medium,"Name references Sunrise Movement, an environmental advocacy group, not an industry.",gpt-4.1
,C00916825,,BECAUSE REAL AMERICANS NEVER DOUBT OUR NATION PAC,Misc Issues,Ideology/Single-Issue,,llm_inferred,low,Name is generic and does not identify an industry or trade group.,gpt-4.1
,C00916858,,"DEFEND THE DREAM PAC, INC.",Misc Issues,Ideology/Single-Issue,,llm_inferred,low,Name is generic and does not identify an industry or trade group.,gpt-4.1
,C00916940,,ATTICUS LABS INC. PAC,Internet,Communic/Electronics,ICT & Cybersecurity,llm_inferred,high,"Name references Atticus Labs Inc., which is likely a technology/internet company.",gpt-4.1
,C00917039,,FRIENDS OF BRIAN MONTGOMERY,Candidate Committees,Candidate,,llm_inferred,high,Name indicates a candidate committee for Brian Montgomery.,gpt-4.1
,C00917062,,ALEX PELBATH FOR CONGRESS,Candidate Committees,Candidate,,llm_inferred,high,Name indicates a candidate committee for Alex Pelbath.,gpt-4.1
,C00917088,,DON COOVER FOR CONGRESS,Candidate Committees,Candidate,,llm_inferred,high,Name indicates a candidate committee for Don Coover.,gpt-4.1
,C00917096,,BOB BROOKS FOR CONGRESS,Candidate Committees,Candidate,,llm_inferred,high,Name indicates a candidate committee for Bob Brooks.,gpt-4.1
,C00917104,,JILLIAN GILCHREST FOR CONGRESS,Candidate Committees,Candidate,,llm_inferred,high,Name indicates a candidate committee for Jillian Gilchrest.,gpt-4.1
,C00917112,,ALEXANDRA DEL MORAL MEALER FOR CONGRESS,Candidate Committees,Candidate,,llm_inferred,high,Name indicates a candidate committee for Alexandra Del Moral Mealer.,gpt-4.1
,C00917120,,"DON TRACY FOR ILLINOIS, NFP",Candidate Committees,Candidate,,llm_inferred,high,Name indicates a candidate committee for Don Tracy.,gpt-4.1
,C00917179,,DEMOCRATIC MOVEMENT,Party Committees,Party Cmte,,llm_inferred,medium,"Name references Democratic Movement, which is party-related, not industry.",gpt-4.1
,C00917187,,THE ROOSEVELT INITIATIVE PAC,Misc Issues,Ideology/Single-Issue,,llm_inferred,low,Name is generic and does not identify an industry or trade group.,gpt-4.1
,C00917229,,"LEAGUE OF CONSERVATION VOTERS, INC.",Environment,Ideology/Single-Issue,,llm_inferred,medium,"Name references League of Conservation Voters, an environmental advocacy group, not an industry.",gpt-4.1
,C00917245,,JULIE FOR ILLINOIS,Candidate Committees,Candidate,,llm_inferred,high,Name indicates a candidate committee for Julie.,gpt-4.1
,C00917336,,"EVERY VOTE COUNTS, INC.",Misc Issues,Ideology/Single-Issue,,llm_inferred,low,Name is generic and does not identify an industry or trade group.,gpt-4.1
,C00917351,,BILLY FOR CONGRESS,Candidate Committees,Candidate,,llm_inferred,high,Name indicates a candidate committee for Billy.,gpt-4.1
,C00917369,,DAVE DAWSON FOR IOWA,Candidate Committees,Candidate,,llm_inferred,high,Name indicates a candidate committee for Dave Dawson.,gpt-4.1
,C00917393,,BRISCOE CAIN FOR CONGRESS,Candidate Committees,Candidate,,llm_inferred,high,"The committee name is 'BRISCOE CAIN FOR CONGRESS', indicating a candidate committee.",gpt-4.1
,C00917419,,PEOPLE FOR OLA,Candidate Committees,Candidate,,llm_inferred,high,The committee name 'PEOPLE FOR OLA' is a standard candidate committee naming convention.,gpt-4.1
,C00917450,,MATT DAY FOR CONGRESS,Candidate Committees,Candidate,,llm_inferred,high,The name 'MATT DAY FOR CONGRESS' clearly identifies a candidate committee.,gpt-4.1
,C00917484,,DAY VICTORY FUND,Joint Candidate Cmte,Joint Candidate Cmtes,,llm_inferred,high,The name 'DAY VICTORY FUND' suggests a joint fundraising committee.,gpt-4.1
,C00917500,,DR HEAVENLY FOR GEORGIA LLC,Candidate Committees,Candidate,,llm_inferred,high,The name 'DR HEAVENLY FOR GEORGIA LLC' indicates a candidate committee.,gpt-4.1
,C00917542,,HILDA SOLIS FOR CONGRESS,Candidate Committees,Candidate,,llm_inferred,high,The name 'HILDA SOLIS FOR CONGRESS' is a candidate committee.,gpt-4.1
,C00917567,,CLEAN ENERGY BUYERS ASSOCIATION PAC,Environment,Misc Business,Utilities & Power,llm_inferred,high,"The 'CLEAN ENERGY BUYERS ASSOCIATION PAC' is a trade association for clean energy buyers, fitting the Utilities & Power newsletter.",gpt-4.1
,C00917617,,JOHN LUJAN FOR CONGRESS,Candidate Committees,Candidate,,llm_inferred,high,The name 'JOHN LUJAN FOR CONGRESS' is a candidate committee.,gpt-4.1
,C00917658,,MARK TEIXEIRA FOR CONGRESS,Candidate Committees,Candidate,,llm_inferred,high,The name 'MARK TEIXEIRA FOR CONGRESS' is a candidate committee.,gpt-4.1
,C00917674,,SHAVONNE HEDGEPETH FOR CONGRESS,Candidate Committees,Candidate,,llm_inferred,high,The name 'SHAVONNE HEDGEPETH FOR CONGRESS' is a candidate committee.,gpt-4.1
,C00917831,,ENERGIZED FOR CHANGE VA,Misc Issues,Ideology/Single-Issue,,llm_inferred,low,The name 'ENERGIZED FOR CHANGE VA' is generic and does not identify an industry.,gpt-4.1
,C00918029,,SHANNON TAYLOR FOR VA,Candidate Committees,Candidate,,llm_inferred,high,The name 'SHANNON TAYLOR FOR VA' is a candidate committee.,gpt-4.1
,C00918037,,MAI VANG FOR CONGRESS,Candidate Committees,Candidate,,llm_inferred,high,The name 'MAI VANG FOR CONGRESS' is a candidate committee.,gpt-4.1
,C00918151,,PAIGE FOR PA,Candidate Committees,Candidate,,llm_inferred,high,The name 'PAIGE FOR PA' is a candidate committee.,gpt-4.1
,C00918177,,DITTMER FOR CONGRESS,Candidate Committees,Candidate,,llm_inferred,high,The name 'DITTMER FOR CONGRESS' is a candidate committee.,gpt-4.1
,C00918219,,CASAR VICTORY FUND,Joint Candidate Cmte,Joint Candidate Cmtes,,llm_inferred,high,The name 'CASAR VICTORY FUND' suggests a joint fundraising committee.,gpt-4.1
,C00918227,,KENTUCKY FIRST PAC,Misc Issues,Ideology/Single-Issue,,llm_inferred,low,"'KENTUCKY FIRST PAC' is a generic ideological or state-based PAC, not industry-specific.",gpt-4.1
,C00918235,,CHIME FINANCIAL INC. PAC (CHIME PAC),Finance/Credit Companies,Finance/Insur/RealEst,Finance & Insurance,llm_inferred,high,The name 'CHIME FINANCIAL INC. PAC' identifies a financial technology company.,gpt-4.1
,C00918268,,LONE STAR RISING PAC,Misc Issues,Ideology/Single-Issue,,llm_inferred,low,"'LONE STAR RISING PAC' is a generic ideological or state-based PAC, not industry-specific.",gpt-4.1
,C00918284,,"LEAGUE OF CONSERVATION VOTERS, INC.",Environment,Ideology/Single-Issue,Environment,llm_inferred,high,"The 'LEAGUE OF CONSERVATION VOTERS, INC.' is a well-known environmental advocacy group.",gpt-4.1
,C00918292,,MORGAN FOR PHILLY,Candidate Committees,Candidate,,llm_inferred,high,The name 'MORGAN FOR PHILLY' is a candidate committee.,gpt-4.1
,C00918359,,SCOTT COLOM FOR SENATE,Candidate Committees,Candidate,,llm_inferred,high,The name 'SCOTT COLOM FOR SENATE' is a candidate committee.,gpt-4.1
,C00918391,,MARNI VON WILPERT FOR CONGRESS,Candidate Committees,Candidate,,llm_inferred,high,The name 'MARNI VON WILPERT FOR CONGRESS' is a candidate committee.,gpt-4.1
,C00918417,,LYDIA DOMINGUEZ FOR CONGRESS,Candidate Committees,Candidate,,llm_inferred,high,The name 'LYDIA DOMINGUEZ FOR CONGRESS' is a candidate committee.,gpt-4.1
,C00918433,,LEEMCINNIS4ALABAMA,Candidate Committees,Candidate,,llm_inferred,high,The name 'LEEMCINNIS4ALABAMA' is a candidate committee.,gpt-4.1
,C00918474,,JENNIFER JENKINS FOR U.S. SENATE,Candidate Committees,Candidate,,llm_inferred,high,"The committee name is 'JENNIFER JENKINS FOR U.S. SENATE', indicating a candidate committee.",gpt-4.1
,C00918508,,BOBBY HANIG FOR CONGRESS,Candidate Committees,Candidate,,llm_inferred,high,"The committee name is 'BOBBY HANIG FOR CONGRESS', indicating a candidate committee.",gpt-4.1
,C00918565,,LASHER FOR CONGRESS,Candidate Committees,Candidate,,llm_inferred,high,"The committee name is 'LASHER FOR CONGRESS', indicating a candidate committee.",gpt-4.1
,C00918581,,MOLDER FOR CONGRESS,Candidate Committees,Candidate,,llm_inferred,high,"The committee name is 'MOLDER FOR CONGRESS', indicating a candidate committee.",gpt-4.1
,C00918607,,TROY GREEN FOR SENATE,Candidate Committees,Candidate,,llm_inferred,high,"The committee name is 'TROY GREEN FOR SENATE', indicating a candidate committee.",gpt-4.1
,C00918664,,CHARLIE MCCLINTOCK FOR CONGRESS,Candidate Committees,Candidate,,llm_inferred,high,"The committee name is 'CHARLIE MCCLINTOCK FOR CONGRESS', indicating a candidate committee.",gpt-4.1
,C00918748,,WALTERS 4 CONGRESS,Candidate Committees,Candidate,,llm_inferred,high,"The committee name is 'WALTERS 4 CONGRESS', indicating a candidate committee.",gpt-4.1
,C00918763,,FOREVER TEXAS PAC,Misc Issues,Other,,llm_inferred,low,The name 'FOREVER TEXAS PAC' is generic and does not indicate a specific industry.,gpt-4.1
,C00918813,,ABUNDANT AMERICA PAC,Misc Issues,Other,,llm_inferred,low,The name 'ABUNDANT AMERICA PAC' is generic and does not indicate a specific industry.,gpt-4.1
,C00918904,,DR. RICHARD HUDSPETH FOR CONGRESS,Candidate Committees,Candidate,,llm_inferred,high,"The committee name is 'DR. RICHARD HUDSPETH FOR CONGRESS', indicating a candidate committee.",gpt-4.1
,C00918920,,CITIZENS FOR DEVA SIMMONS,Candidate Committees,Candidate,,llm_inferred,high,"The committee name is 'CITIZENS FOR DEVA SIMMONS', indicating a candidate committee.",gpt-4.1
,C00918961,,NIKKI G FOR SD,Candidate Committees,Candidate,,llm_inferred,high,"The committee name is 'NIKKI G FOR SD', indicating a candidate committee.",gpt-4.1
,C00918979,,JOE MITCHELL FOR CONGRESS,Candidate Committees,Candidate,,llm_inferred,high,"The committee name is 'JOE MITCHELL FOR CONGRESS', indicating a candidate committee.",gpt-4.1
,C00919027,,MORA FOR GEORGIA,Candidate Committees,Candidate,,llm_inferred,high,"The committee name is 'MORA FOR GEORGIA', indicating a candidate committee.",gpt-4.1
,C00919035,,OPERATION GUARDIAN SUPPORT PAC,Misc Issues,Other,,llm_inferred,low,The name 'OPERATION GUARDIAN SUPPORT PAC' is generic and does not indicate a specific industry.,gpt-4.1
,C00919068,,DR SAM FOR CONGRESS,Candidate Committees,Candidate,,llm_inferred,high,"The committee name is 'DR SAM FOR CONGRESS', indicating a candidate committee.",gpt-4.1
,C00919084,,TALARICO FOR TEXAS,Candidate Committees,Candidate,,llm_inferred,high,"The committee name is 'TALARICO FOR TEXAS', indicating a candidate committee.",gpt-4.1
,C00919100,,ERIC JONES FOR CONGRESS,Candidate Committees,Candidate,,llm_inferred,high,"The committee name is 'ERIC JONES FOR CONGRESS', indicating a candidate committee.",gpt-4.1
,C00919142,,JENNIFER DAVIS FOR CONGRESS,Candidate Committees,Candidate,,llm_inferred,high,"The committee name is 'JENNIFER DAVIS FOR CONGRESS', indicating a candidate committee.",gpt-4.1
,C00919167,,CAIN VICTORY FUND,Joint Candidate Cmte,Joint Candidate Cmtes,,llm_inferred,high,The name 'CAIN VICTORY FUND' indicates a joint fundraising committee.,gpt-4.1
,C00919183,,MELISSA BEAN FOR CONGRESS,Candidate Committees,Candidate,,llm_inferred,high,"The committee name is 'MELISSA BEAN FOR CONGRESS', indicating a candidate committee.",gpt-4.1
,C00919191,,LONE STAR STRONG,Misc Issues,Other,,llm_inferred,low,The name 'LONE STAR STRONG' is generic and does not indicate a specific industry.,gpt-4.1
,C00919258,,TRUST ACCOUNTABILITY REFORM AMERICA PAC,Misc Issues,Other,,llm_inferred,low,The name 'TRUST ACCOUNTABILITY REFORM AMERICA PAC' is generic and does not indicate a specific industry.,gpt-4.1
,C00919308,,HELLCATS PAC,Misc Issues,Other,,llm_inferred,low,The name 'HELLCATS PAC' is generic and does not indicate a specific industry.,gpt-4.1
,C00919324,,VAN HOLLEN SHERROD BROWN VICTORY FUND,Joint Candidate Cmte,Joint Candidate Cmtes,,llm_inferred,high,The name 'VAN HOLLEN SHERROD BROWN VICTORY FUND' indicates a joint fundraising committee.,gpt-4.1
,C00919340,,CONTINENTAL STRATEGY PAC,Misc Issues,Other,,llm_inferred,low,The name 'CONTINENTAL STRATEGY PAC' is generic and does not identify a specific industry or company.,gpt-4.1
,C00919373,,FIGHTING FOR MICHIGAN PAC,Misc Issues,Ideology/Single-Issue,,llm_inferred,low,"'FIGHTING FOR MICHIGAN PAC' is a generic, likely ideological or geographic PAC with no industry connection.",gpt-4.1
,C00919415,,GTM NOMINEE FUND FL-23,Joint Candidate Cmte,Joint Candidate Cmtes,,llm_inferred,high,"'GTM NOMINEE FUND FL-23' is a joint fundraising committee for a congressional district, not an industry PAC.",gpt-4.1
,C00919423,,FRIENDS OF EDWIN OSORIO FOR CONGRESS,Candidate Committees,Candidate,,llm_inferred,high,'FRIENDS OF EDWIN OSORIO FOR CONGRESS' is a candidate committee.,gpt-4.1
,C00919431,,GTM NOMINEE FUND MI-10,Joint Candidate Cmte,Joint Candidate Cmtes,,llm_inferred,high,'GTM NOMINEE FUND MI-10' is a joint fundraising committee for a congressional district.,gpt-4.1
,C00919449,,GTM NOMINEE FUND NE-02,Joint Candidate Cmte,Joint Candidate Cmtes,,llm_inferred,high,'GTM NOMINEE FUND NE-02' is a joint fundraising committee for a congressional district.,gpt-4.1
,C00919456,,CARRIE BUCK FOR CONGRESS-GTM  NOMINEE FUND: NV-01,Joint Candidate Cmte,Joint Candidate Cmtes,,llm_inferred,high,'CARRIE BUCK FOR CONGRESS-GTM NOMINEE FUND: NV-01' is a joint fundraising committee for a candidate.,gpt-4.1
,C00919464,,GTM NOMINEE FUND OH-13,Joint Candidate Cmte,Joint Candidate Cmtes,,llm_inferred,high,'GTM NOMINEE FUND OH-13' is a joint fundraising committee for a congressional district.,gpt-4.1
,C00919472,,NEXT GENERATION ACTION PAC,Misc Issues,Ideology/Single-Issue,,llm_inferred,low,'NEXT GENERATION ACTION PAC' is a generic/ideological name with no industry connection.,gpt-4.1
,C00919522,,"SCHRIER, KIM DR.",Candidate Committees,Candidate,,llm_inferred,high,"'SCHRIER, KIM DR.' is a candidate committee.",gpt-4.1
,C00919530,,JESSICA STEINMANN FOR CONGRESS,Candidate Committees,Candidate,,llm_inferred,high,'JESSICA STEINMANN FOR CONGRESS' is a candidate committee.,gpt-4.1
,C00919555,,SARONIC TECHNOLOGIES INC PAC,Misc Manufacturing & Distributing,Misc Business,Defense,llm_inferred,high,"The name 'SARONIC TECHNOLOGIES INC PAC' identifies a specific company, Saronic Technologies, which is a defense technology firm.",gpt-4.1
,C00919563,,WEAVER FOR US CONGRESS,Candidate Committees,Candidate,,llm_inferred,high,'WEAVER FOR US CONGRESS' is a candidate committee.,gpt-4.1
,C00919738,,WOODSON FOR CONGRESS,Candidate Committees,Candidate,,llm_inferred,high,'WOODSON FOR CONGRESS' is a candidate committee.,gpt-4.1
,C00919746,,FRONTLINE VICTORY FUND INC,Misc Issues,Ideology/Single-Issue,,llm_inferred,low,'FRONTLINE VICTORY FUND INC' is a generic/ideological name with no industry connection.,gpt-4.1
,C00919795,,605 LEADERSHIP PAC,Misc Issues,Ideology/Single-Issue,,llm_inferred,low,'605 LEADERSHIP PAC' is a generic leadership PAC with no industry connection.,gpt-4.1
,C00919837,,REED SHOWALTER FOR CONGRESS,Candidate Committees,Candidate,,llm_inferred,high,'REED SHOWALTER FOR CONGRESS' is a candidate committee.,gpt-4.1
,C00919894,,TEAM JACKLEY,Candidate Committees,Candidate,,llm_inferred,high,'TEAM JACKLEY' is a candidate committee.,gpt-4.1
,C00919951,,WANDA JAMES FOR CONGRESS,Candidate Committees,Candidate,,llm_inferred,high,'WANDA JAMES FOR CONGRESS' is a candidate committee.,gpt-4.1
,C00919985,,BOBBY PULIDO FOR TEXAS,Candidate Committees,Candidate,,llm_inferred,high,'BOBBY PULIDO FOR TEXAS' is a candidate committee.,gpt-4.1
,C00920009,,JOEL FOR KENTUCKY,Candidate Committees,Candidate,,llm_inferred,high,'JOEL FOR KENTUCKY' is a candidate committee.,gpt-4.1
,C00920033,,SOUTHERN CROWN PARTNERS EMPLOYEES FEDERAL PAC,Food Processing & Sales,Misc Business,Hospitality & Retail,llm_inferred,high,"'SOUTHERN CROWN PARTNERS EMPLOYEES FEDERAL PAC' is sponsored by Southern Crown Partners, a beverage distributor.",gpt-4.1
,C00920108,,COMMITTEE TO ELECT WILDING FOR CALIFORNIA,Candidate Committees,Candidate,,llm_inferred,high,'COMMITTEE TO ELECT WILDING FOR CALIFORNIA' is a candidate committee.,gpt-4.1
,C00920124,,MICHAEL KIRWAN FOR CONGRESS,Candidate Committees,Candidate,,llm_inferred,high,'MICHAEL KIRWAN FOR CONGRESS' is a candidate committee.,gpt-4.1
,C00920173,,LEUSCHEN FOR CONGRESS,Candidate Committees,Candidate,,llm_inferred,high,'LEUSCHEN FOR CONGRESS' is a candidate committee.,gpt-4.1
,C00920181,,JERRY CARL VICTORY COMMITTEE,Joint Candidate Cmte,Joint Candidate Cmtes,,llm_inferred,high,"Name includes 'Victory Committee', indicating a joint fundraising committee for a candidate.",gpt-4.1
,C00920231,,CITIZENS FOR BRAD SMITH,Candidate Committees,Candidate,,llm_inferred,high,"Name is 'Citizens for Brad Smith', indicating a candidate committee.",gpt-4.1
,C00920306,,YURINA GIL FOR CONGRESS,Candidate Committees,Candidate,,llm_inferred,high,"Name is 'Yurina Gil for Congress', indicating a candidate committee.",gpt-4.1
,C00920363,,THE PEOPLE FOR KYLE NUDO,Candidate Committees,Candidate,,llm_inferred,high,"Name is 'The People for Kyle Nudo', indicating a candidate committee.",gpt-4.1
,C00920389,,COLLINS VICTORY COMMITTEE,Joint Candidate Cmte,Joint Candidate Cmtes,,llm_inferred,high,"Name includes 'Victory Committee', indicating a joint fundraising committee for a candidate.",gpt-4.1
,C00920538,,ADAM R. SMITH FOR CONGRESS,Candidate Committees,Candidate,,llm_inferred,high,"Name is 'Adam R. Smith for Congress', indicating a candidate committee.",gpt-4.1
,C00920553,,OUR SERVICE YOUR FUTURE PAC,Misc Issues,Ideology/Single-Issue,,llm_inferred,low,Name is generic and does not reference any industry or company.,gpt-4.1
,C00920611,,DISTRICT WATCH,Misc Issues,Ideology/Single-Issue,,llm_inferred,low,Name is generic and does not reference any industry or company.,gpt-4.1
,C00920652,,COLBY WATSON FOR CONGRESS,Candidate Committees,Candidate,,llm_inferred,high,"Name is 'Colby Watson for Congress', indicating a candidate committee.",gpt-4.1
,C00920694,,FS VICTORY FUND,Joint Candidate Cmte,Joint Candidate Cmtes,,llm_inferred,high,"Name includes 'Victory Fund', indicating a joint fundraising committee for a candidate.",gpt-4.1
,C00920751,,"TEXAS FIRST, AMERICA ALWAYS",Misc Issues,Ideology/Single-Issue,,llm_inferred,low,Name is generic and does not reference any industry or company.,gpt-4.1
,C00920827,,DEM RISING 2026,Party Committees,Party Cmte,,llm_inferred,high,"Name is 'Dem Rising 2026', indicating a Democratic party committee.",gpt-4.1
,C00920843,,JESSICA K FOR CONGRESS,Candidate Committees,Candidate,,llm_inferred,high,"Name is 'Jessica K for Congress', indicating a candidate committee.",gpt-4.1
,C00920868,,FRED CLARK FOR WISCONSIN,Candidate Committees,Candidate,,llm_inferred,high,"Name is 'Fred Clark for Wisconsin', indicating a candidate committee.",gpt-4.1
,C00920892,,BETTER GOVERNMENT COMMITTEE OF FIRST NATIONAL BANK TEXAS,Commercial Banks,Finance/Insur/RealEst,Finance & Insurance,llm_inferred,high,"Name references 'First National Bank Texas', a commercial bank.",gpt-4.1
,C00920967,,TEAM TARA,Candidate Committees,Candidate,,llm_inferred,high,"Name is 'Team Tara', indicating a candidate committee.",gpt-4.1
,C00921015,,OLA PAC,Misc Issues,Ideology/Single-Issue,,llm_inferred,low,Name is generic and does not reference any industry or company.,gpt-4.1
,C00921023,,OLA VICTORY FUND,Joint Candidate Cmte,Joint Candidate Cmtes,,llm_inferred,low,"Name includes 'Victory Fund', but no industry or company is referenced.",gpt-4.1
,C00921098,,PYTHON PAC,Misc Issues,Ideology/Single-Issue,,llm_inferred,low,Name is generic and does not reference any industry or company.,gpt-4.1
,C00921189,,KELLY-BRADY FUND FOR A SAFER ILLINOIS,Misc Issues,Ideology/Single-Issue,,llm_inferred,low,Name is generic and does not reference any industry or company.,gpt-4.1
,C00921221,,WHATLEY SENATE MAJORITY COMMITTEE,Party Committees,Party Cmte,,llm_inferred,high,"Name is 'Whatley Senate Majority Committee', indicating a party committee.",gpt-4.1
,C00921247,,CAHILL FOR CONGRESS,Candidate Committees,Candidate,,llm_inferred,high,"Name is 'Cahill for Congress', indicating a candidate committee.",gpt-4.1
,C00921270,,SERVICE HONOR FAMILY PAC,Misc Issues,Ideology/Single-Issue,,llm_inferred,low,Name is generic and does not reference any industry or company.,gpt-4.1
,C00921312,,MAKE AMERICA AFFORDABLE NOW,Misc Issues,Ideology/Single-Issue,,llm_inferred,low,Name is generic and does not reference any industry or company.,gpt-4.1
,C00921346,,JAY BYARS FOR CONGRESS,Candidate Committees,Candidate,,llm_inferred,high,"Name is 'Jay Byars for Congress', indicating a candidate committee.",gpt-4.1
,C00921353,,KATIE HOBBS VICTORY FUND,Joint Candidate Cmte,Joint Candidate Cmtes,,llm_inferred,high,The name 'VICTORY FUND' indicates a joint fundraising committee for a candidate.,gpt-4.1
,C00921379,,WALLACE FOR CONGRESS,Candidate Committees,Candidate,,llm_inferred,high,The name 'FOR CONGRESS' indicates a candidate committee.,gpt-4.1
,C00921395,,SELECTQUOTE PAC,Insurance,Finance/Insur/RealEst,Finance & Insurance,llm_inferred,high,The name 'SELECTQUOTE' is a well-known insurance marketplace company.,gpt-4.1
,C00921452,,STANFORD FOR CONGRESS,Candidate Committees,Candidate,,llm_inferred,high,The name 'FOR CONGRESS' indicates a candidate committee.,gpt-4.1
,C00921478,,KAELA FOR CONGRESS,Candidate Committees,Candidate,,llm_inferred,high,The name 'FOR CONGRESS' indicates a candidate committee.,gpt-4.1
,C00921494,,SHANNON LUNDGREN FOR IOWA,Candidate Committees,Candidate,,llm_inferred,high,The name 'FOR IOWA' indicates a candidate committee.,gpt-4.1
,C00921502,,"WHITE, ROBERT C. JR.",Candidate Committees,Candidate,,llm_inferred,high,"The committee is named for an individual, indicating a candidate committee.",gpt-4.1
,C00921528,,WELLMAN FOR MISSOURI,Candidate Committees,Candidate,,llm_inferred,high,The name 'FOR MISSOURI' indicates a candidate committee.,gpt-4.1
,C00921544,,MONIQUE FOR CONGRESS,Candidate Committees,Candidate,,llm_inferred,high,The name 'FOR CONGRESS' indicates a candidate committee.,gpt-4.1
,C00921551,,OVER THE TARGET PAC,Misc Issues,Ideology/Single-Issue,,llm_inferred,low,The name is generic and does not indicate an industry or company.,gpt-4.1
,C00921569,,AZ-01 REPUBLICAN NOMINEE FUND 2026,Party Committees,Party Cmte,,llm_inferred,high,"The name includes 'REPUBLICAN NOMINEE FUND', indicating a party committee.",gpt-4.1
,C00921585,,TEAM MONIQUE,Candidate Committees,Candidate,,llm_inferred,high,The name 'TEAM MONIQUE' suggests a candidate committee.,gpt-4.1
,C00921593,,REEVES FOR SENATE,Candidate Committees,Candidate,,llm_inferred,high,The name 'FOR SENATE' indicates a candidate committee.,gpt-4.1
,C00921643,,BRONX FOR DALOURNY,Candidate Committees,Candidate,,llm_inferred,high,"The name includes a location and individual, indicating a candidate committee.",gpt-4.1
,C00921650,,OLLIVANT FOR CONGRESS,Candidate Committees,Candidate,,llm_inferred,high,The name 'FOR CONGRESS' indicates a candidate committee.,gpt-4.1
,C00921668,,"PETER FOR NY, INC",Candidate Committees,Candidate,,llm_inferred,high,"The name 'FOR NY, INC' indicates a candidate committee.",gpt-4.1
,C00921676,,HOLLIE FOR NEW HAMPSHIRE,Candidate Committees,Candidate,,llm_inferred,high,The name 'FOR NEW HAMPSHIRE' indicates a candidate committee.,gpt-4.1
,C00921684,,CAHILL VICTORY FUND,Joint Candidate Cmte,Joint Candidate Cmtes,,llm_inferred,high,The name 'VICTORY FUND' indicates a joint fundraising committee for a candidate.,gpt-4.1
,C00921734,,EBBEN FOR WI,Candidate Committees,Candidate,,llm_inferred,high,The name 'FOR WI' indicates a candidate committee.,gpt-4.1
,C00921742,,1776 PATRIOTS UNITED,Misc Issues,Ideology/Single-Issue,,llm_inferred,low,The name is generic and does not indicate an industry or company.,gpt-4.1
,C00921783,,CATALINA LAUF FOR CONGRESS,Candidate Committees,Candidate,,llm_inferred,high,The name 'FOR CONGRESS' indicates a candidate committee.,gpt-4.1
,C00921791,,CUNNINGHAM FOR NM,Candidate Committees,Candidate,,llm_inferred,high,The name 'FOR NM' indicates a candidate committee.,gpt-4.1
,C00921809,,JOE HATHAWAY FOR CONGRESS,Candidate Committees,Candidate,,llm_inferred,high,The name 'FOR CONGRESS' indicates a candidate committee.,gpt-4.1
,C00921817,,MORGAN MURPHY FOR SENATE,Candidate Committees,Candidate,,llm_inferred,high,The name 'FOR SENATE' indicates a candidate committee.,gpt-4.1
,C00921833,,DON'T GIVE UP THE SHIP,Misc Issues,Ideology/Single-Issue,,llm_inferred,low,The name is generic and does not indicate an industry or company.,gpt-4.1
,C00921858,,ADELE MCCLURE FOR CONGRESS,Candidate Committees,Candidate,,llm_inferred,high,"The committee name is 'ADELE MCCLURE FOR CONGRESS', indicating a candidate committee.",gpt-4.1
,C00921866,,KRISTINA ROPER FOR CONGRESS,Candidate Committees,Candidate,,llm_inferred,high,"The committee name is 'KRISTINA ROPER FOR CONGRESS', indicating a candidate committee.",gpt-4.1
,C00921916,,WIN VIRGINIA,Party Committees,Party Cmte,,llm_inferred,medium,'WIN VIRGINIA' is a generic political or party committee name without industry affiliation.,gpt-4.1
,C00921924,,MCKEE PAC,Candidate Committees,Candidate,,llm_inferred,high,"'MCKEE PAC' is likely a leadership PAC or candidate PAC, not industry-based.",gpt-4.1
,C00921932,,MCKEE VICTORY FUND,Joint Candidate Cmte,Joint Candidate Cmtes,,llm_inferred,medium,"'MCKEE VICTORY FUND' suggests a joint fundraising committee, not industry-based.",gpt-4.1
,C00921940,,JONATHAN WHITE FOR CONGRESS,Candidate Committees,Candidate,,llm_inferred,high,'JONATHAN WHITE FOR CONGRESS' is a candidate committee.,gpt-4.1
,C00922013,,CARLOS FOR CONGRESS,Candidate Committees,Candidate,,llm_inferred,high,'CARLOS FOR CONGRESS' is a candidate committee.,gpt-4.1
,C00922021,,MILAH FLORES FOR CONGRESS TX-17,Candidate Committees,Candidate,,llm_inferred,high,'MILAH FLORES FOR CONGRESS TX-17' is a candidate committee.,gpt-4.1
,C00922039,,CLIFF JOHNSON FOR CONGRESS,Candidate Committees,Candidate,,llm_inferred,high,'CLIFF JOHNSON FOR CONGRESS' is a candidate committee.,gpt-4.1
,C00922062,,CHRIS GOBER FOR TEXAS,Candidate Committees,Candidate,,llm_inferred,high,'CHRIS GOBER FOR TEXAS' is a candidate committee.,gpt-4.1
,C00922070,,MIKE FOR BROOKLYN,Candidate Committees,Candidate,,llm_inferred,high,'MIKE FOR BROOKLYN' is a candidate committee.,gpt-4.1
,C00922088,,MARK CONWAY FOR CONGRESS,Candidate Committees,Candidate,,llm_inferred,high,'MARK CONWAY FOR CONGRESS' is a candidate committee.,gpt-4.1
,C00922120,,MCCLAINFORCONGRESSSC,Candidate Committees,Candidate,,llm_inferred,high,'MCCLAINFORCONGRESSSC' is a candidate committee.,gpt-4.1
,C00922146,,ANDROMEDA FOR CONGRESS,Candidate Committees,Candidate,,llm_inferred,high,'ANDROMEDA FOR CONGRESS' is a candidate committee.,gpt-4.1
,C00922153,,CORI FOR US,Candidate Committees,Candidate,,llm_inferred,high,'CORI FOR US' is a candidate committee.,gpt-4.1
,C00922161,,NY FOR THE HOUSE MAJORITY,Party Committees,Party Cmte,,llm_inferred,medium,'NY FOR THE HOUSE MAJORITY' is a generic party committee name.,gpt-4.1
,C00922187,,FIGHTING FOR TEXAS,Party Committees,Party Cmte,,llm_inferred,medium,'FIGHTING FOR TEXAS' is a generic political or party committee name.,gpt-4.1
,C00922252,,KYLE FOR 21,Candidate Committees,Candidate,,llm_inferred,high,'KYLE FOR 21' is a candidate committee.,gpt-4.1
,C00922294,,STRONGER MAINE,Party Committees,Party Cmte,,llm_inferred,medium,'STRONGER MAINE' is a generic political or party committee name.,gpt-4.1
,C00922302,,AMY MCGRATH FOR SENATE,Candidate Committees,Candidate,,llm_inferred,high,'AMY MCGRATH FOR SENATE' is a candidate committee.,gpt-4.1
,C00922336,,"LEAGUE OF CONSERVATION VOTERS, INC.",Environment,Ideology/Single-Issue,,llm_inferred,high,"'LEAGUE OF CONSERVATION VOTERS, INC.' is an environmental advocacy group, not an industry trade association.",gpt-4.1
,C00922344,,TREY TRAINOR FOR TEXAS,Candidate Committees,Candidate,,llm_inferred,high,'TREY TRAINOR FOR TEXAS' is a candidate committee.,gpt-4.1
,C00922369,,BROOKE PINTO FOR CONGRESS,Candidate Committees,Candidate,,llm_inferred,high,'BROOKE PINTO FOR CONGRESS' is a candidate committee.,gpt-4.1
,C00922377,,DUNLAP FOR CONGRESS,Candidate Committees,Candidate,,llm_inferred,high,'DUNLAP FOR CONGRESS' is a candidate committee.,gpt-4.1
,C00922385,,AUDREY DENNEY CONTRIBUTIONS,Candidate Committees,Candidate,,llm_inferred,high,'AUDREY DENNEY CONTRIBUTIONS' is a candidate committee.,gpt-4.1
,C00922393,,SHELLY FOR CONGRESS,Candidate Committees,Candidate,,llm_inferred,high,Name is a candidate committee ('FOR CONGRESS').,gpt-4.1
,C00922419,,BLAKE4CONGRESS2026,Candidate Committees,Candidate,,llm_inferred,high,Name is a candidate committee ('4CONGRESS2026').,gpt-4.1
,C00922427,,CHUONG VO FOR CONGRESS,Candidate Committees,Candidate,,llm_inferred,high,Name is a candidate committee ('FOR CONGRESS').,gpt-4.1
,C00922567,,WYDEN FUND FOR A SENATE MAJORITY 2026,Party Committees,Party Cmte,,llm_inferred,high,"Name references 'SENATE MAJORITY', indicating a party committee.",gpt-4.1
,C00922583,,COPPER STATE VALUES,Misc Issues,Ideology/Single-Issue,,llm_inferred,low,Name is generic and does not indicate an industry or company.,gpt-4.1
,C00922591,,EARLE FORD FOR CONGRESS,Candidate Committees,Candidate,,llm_inferred,high,Name is a candidate committee ('FOR CONGRESS').,gpt-4.1
,C00922617,,BOTTCHER 2026,Candidate Committees,Candidate,,llm_inferred,high,Name is a candidate committee ('2026' implies election cycle).,gpt-4.1
,C00922633,,THE COMMITTEE TO ELECT JUSTIN J. PEARSON,Candidate Committees,Candidate,,llm_inferred,high,Name is a candidate committee ('TO ELECT').,gpt-4.1
,C00922666,,SANDRA VAN SCOTTER FOR CONGRESS,Candidate Committees,Candidate,,llm_inferred,high,Name is a candidate committee ('FOR CONGRESS').,gpt-4.1
,C00922682,,ROJAS4TEXAS,Candidate Committees,Candidate,,llm_inferred,high,Name is a candidate committee ('4TEXAS' implies candidate).,gpt-4.1
,C00922799,,JOHNNY GARCIA FOR CONGRESS,Candidate Committees,Candidate,,llm_inferred,high,Name is a candidate committee ('FOR CONGRESS').,gpt-4.1
,C00922856,,VAST INC. PAC,Misc Business,Misc Business,,llm_inferred,low,'VAST INC.' is a generic business name with no clear industry; insufficient evidence for industry newsletter.,gpt-4.1
,C00922914,,MEMBERS FOR COMMON GROUND,Misc Issues,Ideology/Single-Issue,,llm_inferred,low,Name is generic and does not indicate an industry or company.,gpt-4.1
,C00922922,,WESTON MARTINEZ FOR CONGRESS,Candidate Committees,Candidate,,llm_inferred,high,Name is a candidate committee ('FOR CONGRESS').,gpt-4.1
,C00922955,,NORTHWOODS FUTURE PAC,Misc Issues,Ideology/Single-Issue,,llm_inferred,low,Name is generic and does not indicate an industry or company.,gpt-4.1
,C00923060,,NICK VIVIO FOR CONGRESS,Candidate Committees,Candidate,,llm_inferred,high,Name is a candidate committee ('FOR CONGRESS').,gpt-4.1
,C00923110,,GREG PLUCINSKI FOR CONGRESS,Candidate Committees,Candidate,,llm_inferred,high,Name is a candidate committee ('FOR CONGRESS').,gpt-4.1
,C00923144,,MILLS FOR MAINE,Candidate Committees,Candidate,,llm_inferred,high,Name is a candidate committee ('FOR MAINE' implies candidate).,gpt-4.1
,C00923151,,FORWARD NEW YORK,Misc Issues,Ideology/Single-Issue,,llm_inferred,low,Name is generic and does not indicate an industry or company.,gpt-4.1
,C00923177,,MAINE SENATE VICTORY 2026,Party Committees,Party Cmte,,llm_inferred,high,"Name references 'SENATE VICTORY', indicating a party committee.",gpt-4.1
,C00923193,,DR. RICHARD PAN FOR CONGRESS,Candidate Committees,Candidate,,llm_inferred,high,Name is a candidate committee ('FOR CONGRESS').,gpt-4.1
,C00923227,,SCOTT MACLEOD FOR CONGRESS,Candidate Committees,Candidate,,llm_inferred,high,Name is a candidate committee ('FOR CONGRESS').,gpt-4.1
,C00923235,,MAKING AMERICA CONSERVATIVE AND SECURE (MACS PAC),Misc Issues,Ideology/Single-Issue,,llm_inferred,low,Name is generic and does not indicate an industry or company.,gpt-4.1
,C00923250,,WE THE PEOPLE FOR LAURA DUNN,Candidate Committees,Candidate,,llm_inferred,high,Name is a candidate committee ('FOR LAURA DUNN').,gpt-4.1
,C00923268,,ALABAMA FOREVER,Misc Issues,Ideology/Single-Issue,,llm_inferred,low,Name is generic and does not indicate an industry or company.,gpt-4.1
,C00923276,,SCOTT MACLEOD VICTORY COMMITTEE,Joint Candidate Cmte,Joint Candidate Cmtes,,llm_inferred,high,The name 'VICTORY COMMITTEE' indicates a joint fundraising committee for a candidate.,gpt-4.1
,C00923300,,JOSH SAUTTER FOR CONGRESS,Candidate Committees,Candidate,,llm_inferred,high,The name 'FOR CONGRESS' indicates a candidate committee.,gpt-4.1
,C00923326,,JUSTIN WAGNER FOR CONGRESS,Candidate Committees,Candidate,,llm_inferred,high,The name 'FOR CONGRESS' indicates a candidate committee.,gpt-4.1
,C00923342,,HECTOR MUJICA FOR FLORIDA,Candidate Committees,Candidate,,llm_inferred,high,The name 'FOR FLORIDA' indicates a candidate committee.,gpt-4.1
,C00923367,,ANTHONY DILORENZO FOR CONGRESS,Candidate Committees,Candidate,,llm_inferred,high,The name 'FOR CONGRESS' indicates a candidate committee.,gpt-4.1
,C00923383,,CHARLIE HATCHER FOR CONGRESS,Candidate Committees,Candidate,,llm_inferred,high,The name 'FOR CONGRESS' indicates a candidate committee.,gpt-4.1
,C00923417,,THINK BIG,Misc Issues,Ideology/Single-Issue,,llm_inferred,low,The name 'THINK BIG' is generic and does not indicate an industry or candidate.,gpt-4.1
,C00923482,,OROZCO FOR CONGRESS,Candidate Committees,Candidate,,llm_inferred,high,The name 'FOR CONGRESS' indicates a candidate committee.,gpt-4.1
,C00923516,,THANK YOU FOR YOUR ATTENTION TO THIS MATTER PAC,Misc Issues,Ideology/Single-Issue,,llm_inferred,low,The name is generic and does not indicate an industry or candidate.,gpt-4.1
,C00923573,,CHRIS HARDEN FOR CONGRESS,Candidate Committees,Candidate,,llm_inferred,high,The name 'FOR CONGRESS' indicates a candidate committee.,gpt-4.1
,C00923631,,JULIE EMERSON FOR LOUISIANA,Candidate Committees,Candidate,,llm_inferred,high,The name 'FOR LOUISIANA' indicates a candidate committee.,gpt-4.1
,C00923706,,ALEX BORES FOR NY,Candidate Committees,Candidate,,llm_inferred,high,The name 'FOR NY' indicates a candidate committee.,gpt-4.1
,C00923714,,MATT SCHULTZ FOR ALASKA,Candidate Committees,Candidate,,llm_inferred,high,The name 'FOR ALASKA' indicates a candidate committee.,gpt-4.1
,C00923730,,TRUMP-GRAHAM MAJORITY FUND,Joint Candidate Cmte,Joint Candidate Cmtes,,llm_inferred,high,The name 'MAJORITY FUND' with candidate names indicates a joint fundraising committee.,gpt-4.1
,C00923805,,JAMIE BELSITO FOR CONGRESS,Candidate Committees,Candidate,,llm_inferred,high,The name 'FOR CONGRESS' indicates a candidate committee.,gpt-4.1
,C00923813,,FAMILIES FOR AN AFFORDABLE SAN FRANCISCO,Misc Issues,Ideology/Single-Issue,,llm_inferred,low,"The name suggests a single-issue or local advocacy group, not an industry.",gpt-4.1
,C00923821,,MORGAN MURPHY VICTORY FUND,Joint Candidate Cmte,Joint Candidate Cmtes,,llm_inferred,high,The name 'VICTORY FUND' with a candidate name indicates a joint fundraising committee.,gpt-4.1
,C00923839,,GINA SWOBODA FOR CONGRESS,Candidate Committees,Candidate,,llm_inferred,high,The name 'FOR CONGRESS' indicates a candidate committee.,gpt-4.1
,C00923912,,JOHN BECCIA FOR CONGRESS,Candidate Committees,Candidate,,llm_inferred,high,The name 'FOR CONGRESS' indicates a candidate committee.,gpt-4.1
,C00923920,,MATT FOR COLORADO,Candidate Committees,Candidate,,llm_inferred,high,The name 'FOR COLORADO' indicates a candidate committee.,gpt-4.1
,C00923938,,GRASSROOTS ORGANIZING FOR BETTER ELECTION RESULTS PAC,Misc Issues,Ideology/Single-Issue,,llm_inferred,low,"The name suggests a PAC focused on election reform, not an industry.",gpt-4.1
,C00923946,,NILA FOR CONGRESS,Candidate Committees,Candidate,,llm_inferred,high,The name 'FOR CONGRESS' indicates a candidate committee.,gpt-4.1
,C00923987,,DEMOCRATIC VETERANS VICTORY FUND,Party Committees,Party Cmte,,llm_inferred,high,The name 'DEMOCRATIC VETERANS VICTORY FUND' indicates a party-affiliated committee.,gpt-4.1
,C00923995,,GALLREIN FOR CONGRESS,Candidate Committees,Candidate,,llm_inferred,high,The name 'FOR CONGRESS' indicates a candidate committee.,gpt-4.1
,C00924084,,MARK LAMB FOR CONGRESS,Candidate Committees,Candidate,,llm_inferred,high,The name 'FOR CONGRESS' indicates a candidate committee.,gpt-4.1
,C00924092,,SUNUNU SENATOR,Candidate Committees,Candidate,,llm_inferred,high,The name 'SUNUNU SENATOR' indicates a candidate committee.,gpt-4.1
,C00924100,,BARB REGNITZ FOR CONGRESS,Candidate Committees,Candidate,,llm_inferred,high,The name 'BARB REGNITZ FOR CONGRESS' indicates a candidate committee.,gpt-4.1
,C00924175,,TEAM SUNUNU,Candidate Committees,Candidate,,llm_inferred,high,The name 'TEAM SUNUNU' is a candidate committee or related entity.,gpt-4.1
,C00924241,,TRAM FOR CONGRESS,Candidate Committees,Candidate,,llm_inferred,high,The name 'TRAM FOR CONGRESS' indicates a candidate committee.,gpt-4.1
,C00924258,,MATT RAINS FOR MONTANA,Candidate Committees,Candidate,,llm_inferred,high,The name 'MATT RAINS FOR MONTANA' indicates a candidate committee.,gpt-4.1
,C00924340,,LOUISIANA FREEDOM CAUCUS PAC,Republican/Conservative,Ideology/Single-Issue,,llm_inferred,medium,"'LOUISIANA FREEDOM CAUCUS PAC' is an ideological group, not industry-based.",gpt-4.1
,C00924357,,TEAM HINSON,Candidate Committees,Candidate,,llm_inferred,high,The name 'TEAM HINSON' is a candidate committee or related entity.,gpt-4.1
,C00924399,,VETS RISING15,Misc Issues,Ideology/Single-Issue,,llm_inferred,medium,"'VETS RISING15' suggests a veterans or issue advocacy group, not industry-based.",gpt-4.1
,C00924407,,COONS PAPPAS VICTORY FUND,Joint Candidate Cmte,Joint Candidate Cmtes,,llm_inferred,high,'COONS PAPPAS VICTORY FUND' is a joint fundraising committee for candidates.,gpt-4.1
,C00924431,,MADDOX FOR CONGRESS,Candidate Committees,Candidate,,llm_inferred,high,The name 'MADDOX FOR CONGRESS' indicates a candidate committee.,gpt-4.1
,C00924456,,JUSTIN KIRK FOR CONGRESS,Candidate Committees,Candidate,,llm_inferred,high,The name 'JUSTIN KIRK FOR CONGRESS' indicates a candidate committee.,gpt-4.1
,C00924498,,VOTE4MERRILL,Candidate Committees,Candidate,,llm_inferred,high,The name 'VOTE4MERRILL' is a candidate committee.,gpt-4.1
,C00924563,,BRICK BY BRICK,Misc Issues,Ideology/Single-Issue,,llm_inferred,low,'BRICK BY BRICK' is too generic to assign an industry; likely issue-based.,gpt-4.1
,C00924621,,JAMES RUSSELL FOR ARKANSAS,Candidate Committees,Candidate,,llm_inferred,high,The name 'JAMES RUSSELL FOR ARKANSAS' indicates a candidate committee.,gpt-4.1
,C00924696,,BATTLE-PROVEN LEADERSHIP PAC,Misc Issues,Ideology/Single-Issue,,llm_inferred,medium,'BATTLE-PROVEN LEADERSHIP PAC' is likely a leadership PAC or ideological group.,gpt-4.1
,C00924712,,FRIENDS OF RICK JAKIOUS,Candidate Committees,Candidate,,llm_inferred,high,The name 'FRIENDS OF RICK JAKIOUS' is a candidate committee.,gpt-4.1
,C00924746,,ROBCOOPERFORCONGRESS,Candidate Committees,Candidate,,llm_inferred,high,The name 'ROBCOOPERFORCONGRESS' is a candidate committee.,gpt-4.1
,C00924753,,LIVE FREE OR DIE PAC,Republican/Conservative,Ideology/Single-Issue,,llm_inferred,medium,"'LIVE FREE OR DIE PAC' is an ideological group, not industry-based.",gpt-4.1
,C00924761,,THE COMMITTEE TO ELECT JENNIFER-RUTH GREEN,Candidate Committees,Candidate,,llm_inferred,high,The name 'THE COMMITTEE TO ELECT JENNIFER-RUTH GREEN' is a candidate committee.,gpt-4.1
,C00924779,,VICIAN FOR CONGRESS,Candidate Committees,Candidate,,llm_inferred,high,The name 'VICIAN FOR CONGRESS' is a candidate committee.,gpt-4.1
,C00924795,,THE JENNIFER-RUTH GREEN VICTORY FUND,Joint Candidate Cmte,Joint Candidate Cmtes,,llm_inferred,high,'THE JENNIFER-RUTH GREEN VICTORY FUND' is a joint fundraising committee.,gpt-4.1
,C00924803,,ALLIANCE AGAINST ANTISEMITISM PAC,Human Rights,Ideology/Single-Issue,,llm_inferred,medium,"'ALLIANCE AGAINST ANTISEMITISM PAC' is an issue advocacy group, not industry-based.",gpt-4.1
,C00924811,,BELIEVE IN BLAND,Candidate Committees,Candidate,,llm_inferred,high,The name 'BELIEVE IN BLAND' is a candidate committee.,gpt-4.1
,C00924878,,BEHN VICTORY FUND,Joint Candidate Cmte,Joint Candidate Cmtes,,llm_inferred,high,'BEHN VICTORY FUND' is a joint fundraising committee.,gpt-4.1
,C00924886,,CAMERON KASKY FOR NEW YORK,Candidate Committees,Candidate,,llm_inferred,high,The name 'CAMERON KASKY FOR NEW YORK' is a candidate committee.,gpt-4.1
,C00924894,,"BLUE OHIO PAC, INC",Party Committees,Party Cmte,,llm_inferred,high,"Name contains 'BLUE OHIO PAC', indicating a party or ideological committee, not an industry group.",gpt-4.1
,C00924902,,ALFONSO FOR CONGRESS,Candidate Committees,Candidate,,llm_inferred,high,"Name is 'ALFONSO FOR CONGRESS', indicating a candidate committee.",gpt-4.1
,C00924951,,ALAMO FREEDOM FIGHTERS PAC,Misc Issues,Ideology/Single-Issue,,llm_inferred,low,Name 'ALAMO FREEDOM FIGHTERS PAC' is ideological and does not indicate a specific industry.,gpt-4.1
,C00924969,,SARE FOR PRESIDENT,Candidate Committees,Candidate,,llm_inferred,high,"Name is 'SARE FOR PRESIDENT', indicating a candidate committee.",gpt-4.1
,C00924993,,WINNING EDGE FUND,Misc Issues,Other,,llm_inferred,low,Name 'WINNING EDGE FUND' is generic and does not indicate an industry.,gpt-4.1
,C00925024,,JOHN STRAND FOR CONGRESS,Candidate Committees,Candidate,,llm_inferred,high,"Name is 'JOHN STRAND FOR CONGRESS', indicating a candidate committee.",gpt-4.1
,C00925032,,"BLUE WATER AUTONOMY, INC. PAC",Internet,Communic/Electronics,ICT & Cybersecurity,llm_inferred,medium,"Name 'BLUE WATER AUTONOMY, INC. PAC' suggests a company in autonomy/technology, likely ICT or cybersecurity.",gpt-4.1
,C00925305,,JUST ELECT SUPERSTARS PAC,Misc Issues,Other,,llm_inferred,low,Name 'JUST ELECT SUPERSTARS PAC' is generic and does not indicate an industry.,gpt-4.1
,C00925362,,FAITH AND FAMILY FIRST FUND,Misc Issues,Ideology/Single-Issue,,llm_inferred,medium,"Name 'FAITH AND FAMILY FIRST FUND' suggests a social issues/ideological group, not an industry.",gpt-4.1
,C00925388,,MALINOWSKI FOR NEW JERSEY,Candidate Committees,Candidate,,llm_inferred,high,"Name is 'MALINOWSKI FOR NEW JERSEY', indicating a candidate committee.",gpt-4.1
,C00925420,,"TURBINEONE, INC. PAC (T1PAC)",Defense Electronics,Defense,Defense,llm_inferred,high,"Name 'TURBINEONE, INC. PAC' identifies a company (TurbineOne) in defense electronics.",gpt-4.1
,C00925461,,IA VICTORY FUND,Party Committees,Party Cmte,,llm_inferred,medium,"Name 'IA VICTORY FUND' suggests a party or state committee, not an industry group.",gpt-4.1
,C00925495,,PATTY GARCIA FOR CONGRESS,Candidate Committees,Candidate,,llm_inferred,high,"Name is 'PATTY GARCIA FOR CONGRESS', indicating a candidate committee.",gpt-4.1
,C00925537,,JESSICA STEINMANN VICTORY FUND,Joint Candidate Cmte,Joint Candidate Cmtes,,llm_inferred,medium,Name 'JESSICA STEINMANN VICTORY FUND' suggests a joint fundraising or candidate committee.,gpt-4.1
,C00925560,,WIN FOR PENNSYLVANIA,Party Committees,Party Cmte,,llm_inferred,medium,"Name 'WIN FOR PENNSYLVANIA' suggests a party or state committee, not an industry group.",gpt-4.1
,C00925578,,DALE ROMANS FOR KENTUCKY,Candidate Committees,Candidate,,llm_inferred,high,"Name is 'DALE ROMANS FOR KENTUCKY', indicating a candidate committee.",gpt-4.1
,C00925669,,PEACE-NICHOLS 4 ALL FOR CONGRESS,Candidate Committees,Candidate,,llm_inferred,high,"Name is 'PEACE-NICHOLS 4 ALL FOR CONGRESS', indicating a candidate committee.",gpt-4.1
,C00925701,,MICHAEL BLAKE FOR CONGRESS,Candidate Committees,Candidate,,llm_inferred,high,"Name is 'MICHAEL BLAKE FOR CONGRESS', indicating a candidate committee.",gpt-4.1
,C00925735,,"LEAGUE OF CONSERVATION VOTERS, INC.",Environment,Ideology/Single-Issue,,llm_inferred,high,"Name 'LEAGUE OF CONSERVATION VOTERS, INC.' is a well-known environmental advocacy group, not an industry.",gpt-4.1
,C00925743,,FRIENDS OF MICHAEL BOUCHARD INC,Candidate Committees,Candidate,,llm_inferred,high,"Name is 'FRIENDS OF MICHAEL BOUCHARD INC', indicating a candidate committee.",gpt-4.1
,C00925750,,BACKEMEYER FOR NEBRASKA,Candidate Committees,Candidate,,llm_inferred,high,"Name is 'BACKEMEYER FOR NEBRASKA', indicating a candidate committee.",gpt-4.1
,C00925776,,GILL FOR NEW JERSEY,Candidate Committees,Candidate,,llm_inferred,high,"Name is 'GILL FOR NEW JERSEY', indicating a candidate committee.",gpt-4.1
,C00926030,,DR. MONICA SANCHEZ FOR CONGRESS,Candidate Committees,Candidate,,llm_inferred,high,"Name is 'DR. MONICA SANCHEZ FOR CONGRESS', indicating a candidate committee.",gpt-4.1
,C00926121,,KATY PADILLA STOUT FOR CONGRESS,Candidate Committees,Candidate,,llm_inferred,high,"Name is 'KATY PADILLA STOUT FOR CONGRESS', indicating a candidate committee.",gpt-4.1
,C00926139,,JOHN DEATON FOR SENATE,Candidate Committees,Candidate,,llm_inferred,high,"Name is 'JOHN DEATON FOR SENATE', indicating a candidate committee.",gpt-4.1
,C00926188,,MARC IANNARINO FOR CONGRESS,Candidate Committees,Candidate,,llm_inferred,high,"The committee name is 'MARC IANNARINO FOR CONGRESS', indicating a candidate committee.",gpt-4.1
,C00926204,,AMERICAN FUTURE,Misc Issues,Ideology/Single-Issue,,llm_inferred,low,The name 'AMERICAN FUTURE' is generic and does not identify any industry or company.,gpt-4.1
,C00926238,,COAL FAITH FREEDOM COALITION,Mining,Energy/Nat Resource,Mining,llm_inferred,high,"The name 'COAL FAITH FREEDOM COALITION' explicitly references 'Coal', a specific industry.",gpt-4.1
,C00926287,,JACK FOR NEW YORK,Candidate Committees,Candidate,,llm_inferred,high,The committee name 'JACK FOR NEW YORK' indicates a candidate committee.,gpt-4.1
,C00926303,,ELAINE LURIA FOR CONGRESS,Candidate Committees,Candidate,,llm_inferred,high,The committee name 'ELAINE LURIA FOR CONGRESS' indicates a candidate committee.,gpt-4.1
,C00926311,,KATHLEEN RIEBE FOR CONGRESS,Candidate Committees,Candidate,,llm_inferred,high,The committee name 'KATHLEEN RIEBE FOR CONGRESS' indicates a candidate committee.,gpt-4.1
,C00926329,,GREEN ON TOP PAC,Environment,Ideology/Single-Issue,,llm_inferred,medium,The name 'GREEN ON TOP PAC' suggests environmental issues but does not identify a specific industry or company.,gpt-4.1
,C00926345,,CONSERVATIVE TOM SELL FOR CONGRESS,Candidate Committees,Candidate,,llm_inferred,high,The committee name 'CONSERVATIVE TOM SELL FOR CONGRESS' indicates a candidate committee.,gpt-4.1
,C00926352,,BRAD COHEN FOR CONGRESS,Candidate Committees,Candidate,,llm_inferred,high,The committee name 'BRAD COHEN FOR CONGRESS' indicates a candidate committee.,gpt-4.1
,C00926360,,DAVE BUSHAW FOR CONGRESS,Candidate Committees,Candidate,,llm_inferred,high,The committee name 'DAVE BUSHAW FOR CONGRESS' indicates a candidate committee.,gpt-4.1
,C00926410,,SHONIQUE WILLIAMS FOR CONGRESS,Candidate Committees,Candidate,,llm_inferred,high,The committee name 'SHONIQUE WILLIAMS FOR CONGRESS' indicates a candidate committee.,gpt-4.1
,C00926428,,JFW CHALLENGERS,Unknown,Unknown,,llm_inferred,low,The name 'JFW CHALLENGERS' is opaque and does not identify any industry or candidate.,gpt-4.1
,C00926519,,MIKE MCGUIRE FOR CONGRESS,Candidate Committees,Candidate,,llm_inferred,high,The committee name 'MIKE MCGUIRE FOR CONGRESS' indicates a candidate committee.,gpt-4.1
,C00926535,,CRYSTAL FOR US CONGRESS,Candidate Committees,Candidate,,llm_inferred,high,The committee name 'CRYSTAL FOR US CONGRESS' indicates a candidate committee.,gpt-4.1
,C00926568,,JEB LITTLE FOR SENATE,Candidate Committees,Candidate,,llm_inferred,high,The committee name 'JEB LITTLE FOR SENATE' indicates a candidate committee.,gpt-4.1
,C00926576,,KEELER FOR CONGRESS,Candidate Committees,Candidate,,llm_inferred,high,The committee name 'KEELER FOR CONGRESS' indicates a candidate committee.,gpt-4.1
,C00926642,,DE LA TORRE FOR CONGRESS,Candidate Committees,Candidate,,llm_inferred,high,The committee name 'DE LA TORRE FOR CONGRESS' indicates a candidate committee.,gpt-4.1
,C00926790,,NORTH CAROLINA AND MICHIGAN SENATE FUND,Joint Candidate Cmte,Joint Candidate Cmtes,,llm_inferred,high,The name 'NORTH CAROLINA AND MICHIGAN SENATE FUND' indicates a joint candidate committee.,gpt-4.1
,C00926840,,CODIGA FOR CONGRESS,Candidate Committees,Candidate,,llm_inferred,high,The committee name 'CODIGA FOR CONGRESS' indicates a candidate committee.,gpt-4.1
,C00926865,,TARIK FOR CONGRESS,Candidate Committees,Candidate,,llm_inferred,high,The committee name 'TARIK FOR CONGRESS' indicates a candidate committee.,gpt-4.1
,C00926949,,DALTON FOR FLORIDA,Candidate Committees,Candidate,,llm_inferred,high,The committee name 'DALTON FOR FLORIDA' indicates a candidate committee.,gpt-4.1
,C00926964,,ZACH BEECHER FOR CONGRESS,Candidate Committees,Candidate,,llm_inferred,high,The committee name 'ZACH BEECHER FOR CONGRESS' indicates a candidate committee.,gpt-4.1
,C00926972,,LBT FOR CONGRESS,Candidate Committees,Candidate,,llm_inferred,high,The committee name 'LBT FOR CONGRESS' indicates a candidate committee.,gpt-4.1
,C00927004,,JENNY FOR CONGRESS,Candidate Committees,Candidate,,llm_inferred,high,The committee name 'JENNY FOR CONGRESS' indicates a candidate committee.,gpt-4.1
,C00927053,,SUOZZI VICTORY FUND 2026,Joint Candidate Cmte,Joint Candidate Cmtes,,llm_inferred,high,The name 'SUOZZI VICTORY FUND 2026' indicates a joint candidate committee.,gpt-4.1
,C00927087,,YASSAMIN ANSARI VICTORY FUND,Joint Candidate Cmte,Joint Candidate Cmtes,,llm_inferred,high,The name 'Victory Fund' indicates a joint fundraising committee for a candidate.,gpt-4.1
,C00927111,,SHANEL FOR CONGRESS,Candidate Committees,Candidate,,llm_inferred,high,The name 'FOR CONGRESS' identifies this as a candidate committee.,gpt-4.1
,C00927129,,BETH MACY FOR CONGRESS,Candidate Committees,Candidate,,llm_inferred,high,The name 'FOR CONGRESS' identifies this as a candidate committee.,gpt-4.1
,C00927145,,THIEN HO FOR CONGRESS,Candidate Committees,Candidate,,llm_inferred,high,The name 'FOR CONGRESS' identifies this as a candidate committee.,gpt-4.1
,C00927178,,WILLIAMS FOR SENATE,Candidate Committees,Candidate,,llm_inferred,high,The name 'FOR SENATE' identifies this as a candidate committee.,gpt-4.1
,C00927186,,AMERICAN CONSERVATIVE FUND,Misc Issues,Ideology/Single-Issue,,llm_inferred,medium,"The name 'AMERICAN CONSERVATIVE FUND' suggests an ideological PAC, not an industry group.",gpt-4.1
,C00927202,,GRIFFITH VICTORY FUND,Joint Candidate Cmte,Joint Candidate Cmtes,,llm_inferred,high,The name 'Victory Fund' indicates a joint fundraising committee for a candidate.,gpt-4.1
,C00927269,,GOOD NEWS PAC,Misc Issues,Ideology/Single-Issue,,llm_inferred,low,'GOOD NEWS PAC' is generic and does not indicate an industry.,gpt-4.1
,C00927301,,OUR FUTURE UNITED PAC,Misc Issues,Ideology/Single-Issue,,llm_inferred,low,'OUR FUTURE UNITED PAC' is generic and does not indicate an industry.,gpt-4.1
,C00927426,,CFF,Unknown,Unknown,,llm_inferred,low,The acronym 'CFF' is opaque and does not identify an industry or sector.,gpt-4.1
,C00927533,,BUCCO FOR SENATE,Candidate Committees,Candidate,,llm_inferred,high,The name 'FOR SENATE' identifies this as a candidate committee.,gpt-4.1
,C00927541,,DARIALIZA FOR CONGRESS,Candidate Committees,Candidate,,llm_inferred,high,The name 'FOR CONGRESS' identifies this as a candidate committee.,gpt-4.1
,C00927558,,CONNIE CHAN FOR CONGRESS,Candidate Committees,Candidate,,llm_inferred,high,The name 'FOR CONGRESS' identifies this as a candidate committee.,gpt-4.1
,C00927608,,TYLER DYKES FOR CONGRESS,Candidate Committees,Candidate,,llm_inferred,high,The name 'FOR CONGRESS' identifies this as a candidate committee.,gpt-4.1
,C00927616,,ROBERT SMULLEN FOR CONGRESS,Candidate Committees,Candidate,,llm_inferred,high,The name 'FOR CONGRESS' identifies this as a candidate committee.,gpt-4.1
,C00927665,,BEARDSLEY FOR SENATE,Candidate Committees,Candidate,,llm_inferred,high,The name 'FOR SENATE' identifies this as a candidate committee.,gpt-4.1
,C00927681,,ANALILIA MEJIA FOR NEW JERSEY,Candidate Committees,Candidate,,llm_inferred,high,The name 'FOR NEW JERSEY' suggests a candidate committee.,gpt-4.1
,C00927699,,KATE SILLS FOR CONGRESS,Candidate Committees,Candidate,,llm_inferred,high,The name 'FOR CONGRESS' identifies this as a candidate committee.,gpt-4.1
,C00927723,,"PARSI, AHSAN",Candidate Committees,Candidate,,llm_inferred,high,"The name is a personal name, indicating a candidate committee.",gpt-4.1
,C00927731,,NEW YORKERS FOR COMMON SENSE 2026,Misc Issues,Ideology/Single-Issue,,llm_inferred,low,'NEW YORKERS FOR COMMON SENSE 2026' is generic and does not indicate an industry.,gpt-4.1
,C00927764,,NORMAL PAC,Misc Issues,Ideology/Single-Issue,,llm_inferred,low,'NORMAL PAC' is generic and does not indicate an industry.,gpt-4.1
,C00927772,,FIGHTING BACK ACTION FUND,Misc Issues,Ideology/Single-Issue,,llm_inferred,low,'FIGHTING BACK ACTION FUND' is generic and does not indicate an industry.,gpt-4.1
,C00927780,,JL FOR NJ 2026,Candidate Committees,Candidate,,llm_inferred,high,The name 'JL FOR NJ 2026' suggests a candidate committee.,gpt-4.1
,C00927798,,PATRIOT PROTECTION COUNCIL,Misc Issues,Ideology/Single-Issue,,llm_inferred,low,'PATRIOT PROTECTION COUNCIL' is generic and does not indicate an industry.,gpt-4.1
,C00927871,,DEFENSE OF FREEDOM,Misc Issues,Ideology/Single-Issue,,llm_inferred,low,'DEFENSE OF FREEDOM' is generic and does not indicate an industry.,gpt-4.1
,C00927889,,CATALINA LAUF VICTORY FUND,Joint Candidate Cmte,Joint Candidate Cmtes,,llm_inferred,high,'Victory Fund' indicates a joint fundraising committee for a candidate.,gpt-4.1
,C00927939,,CRAWFORD VICTORY COMMITTEE,Joint Candidate Cmte,Joint Candidate Cmtes,,llm_inferred,high,'Victory Committee' indicates a joint fundraising committee for a candidate.,gpt-4.1
,C00928002,,NATE BLOUIN FOR UTAH,Candidate Committees,Candidate,,llm_inferred,high,"Name is 'FOR UTAH', indicating a candidate committee.",gpt-4.1
,C00928028,,AMERICAN PATRIOTS,Misc Issues,Ideology/Single-Issue,,llm_inferred,low,'AMERICAN PATRIOTS' is a generic/ideological name with no industry connection.,gpt-4.1
,C00928150,,COMMONWEALTH ACTION PAC,Misc Issues,Ideology/Single-Issue,,llm_inferred,low,'COMMONWEALTH ACTION PAC' is a generic/ideological name with no industry connection.,gpt-4.1
,C00928168,,EMB NOMINEE FUND ME-02,Joint Candidate Cmte,Joint Candidate Cmtes,,llm_inferred,high,'NOMINEE FUND' with a district indicates a joint fundraising committee for a candidate.,gpt-4.1
,C00928176,,EMB NOMINEE FUND NY-03,Joint Candidate Cmte,Joint Candidate Cmtes,,llm_inferred,high,'NOMINEE FUND' with a district indicates a joint fundraising committee for a candidate.,gpt-4.1
,C00928184,,DEREK MERRIN FOR CONGRESS - EMB NOMINEE FUND OH-09,Joint Candidate Cmte,Joint Candidate Cmtes,,llm_inferred,high,'FOR CONGRESS - EMB NOMINEE FUND' indicates a joint fundraising committee for a candidate.,gpt-4.1
,C00928192,,EMB NOMINEE FUND TX-28,Joint Candidate Cmte,Joint Candidate Cmtes,,llm_inferred,high,'NOMINEE FUND' with a district indicates a joint fundraising committee for a candidate.,gpt-4.1
,C00928200,,EMB NOMINEE FUND TX-34,Joint Candidate Cmte,Joint Candidate Cmtes,,llm_inferred,high,'NOMINEE FUND' with a district indicates a joint fundraising committee for a candidate.,gpt-4.1
,C00928218,,EMB NOMINEE FUND WA-03,Joint Candidate Cmte,Joint Candidate Cmtes,,llm_inferred,high,'NOMINEE FUND' with a district indicates a joint fundraising committee for a candidate.,gpt-4.1
,C00928374,,JOBS AND DEMOCRACY PAC,Misc Issues,Ideology/Single-Issue,,llm_inferred,low,'JOBS AND DEMOCRACY PAC' is a generic/ideological name with no industry connection.,gpt-4.1
,C00928390,,DEFENDING OUR VALUES PAC,Misc Issues,Ideology/Single-Issue,,llm_inferred,low,'DEFENDING OUR VALUES PAC' is a generic/ideological name with no industry connection.,gpt-4.1
,C00928481,,"VANTEO, LLC POLITICAL ACTION COMMITTEE",Misc Business,Misc Business,,llm_inferred,medium,"'VANTEO, LLC' is a company, but its industry is not specified in the name.",gpt-4.1
,C00928549,,AVEANNA HEALTHCARE LLC PAC,Health Services/HMOs,Health,Healthcare,llm_inferred,high,'AVEANNA HEALTHCARE LLC PAC' is sponsored by a healthcare company.,gpt-4.1
,C00928804,,WAY FOR CONGRESS,Candidate Committees,Candidate,,llm_inferred,high,'FOR CONGRESS' indicates a candidate committee.,gpt-4.1
,C00928838,,VERLINA FOR CONGRESS,Candidate Committees,Candidate,,llm_inferred,high,'FOR CONGRESS' indicates a candidate committee.,gpt-4.1
,C00928929,,MONUMENTAL SPORTS PAC,Recreation/Live Entertainment,Misc Business,Hospitality & Retail,llm_inferred,high,"'MONUMENTAL SPORTS PAC' refers to Monumental Sports, a sports/entertainment company.",gpt-4.1
,C00928960,,"FONKEN, MATTHEW WILLIAM JR.",Candidate Committees,Candidate,,llm_inferred,high,"Personal name only, indicating a candidate committee.",gpt-4.1
,C00928986,,AFFORDABILITY AND PROGRESS PAC,Misc Issues,Ideology/Single-Issue,,llm_inferred,low,'AFFORDABILITY AND PROGRESS PAC' is a generic/ideological name with no industry connection.,gpt-4.1
,C00929000,,LARRY RUBIN FOR CONGRESS,Candidate Committees,Candidate,,llm_inferred,high,'FOR CONGRESS' indicates a candidate committee.,gpt-4.1
,C00929034,,THE COMMITTEE TO ELECT LAKESHA WOMACK,Candidate Committees,Candidate,,llm_inferred,high,'COMMITTEE TO ELECT' indicates a candidate committee.,gpt-4.1
,C00929075,,BOLDLY UPHOLDING CONSTITUTIONAL KNOWLEDGE PAC,Misc Issues,Ideology/Single-Issue,,llm_inferred,low,'BOLDLY UPHOLDING CONSTITUTIONAL KNOWLEDGE PAC' is a generic/ideological name with no industry connection.,gpt-4.1
,C00929109,,VAN HOLLEN COOPER VICTORY FUND,Joint Candidate Cmte,Joint Candidate Cmtes,,llm_inferred,high,'VICTORY FUND' indicates a joint fundraising committee for candidates.,gpt-4.1
,C00929117,,JAMIE DAVIS FOR U.S. SENATE,Candidate Committees,Candidate,,llm_inferred,high,'FOR U.S. SENATE' indicates a candidate committee.,gpt-4.1
,C00929125,,"VERSANT MEDIA GROUP, INC. POLITICAL ACTION COMMITTEE",Business Services,Misc Business,,llm_inferred,high,"The committee is sponsored by Versant Media Group, Inc., a named company in the media/business services sector.",gpt-4.1
,C00929158,,CORINNA CONTRERAS FOR CONGRESS,Candidate Committees,Candidate,,llm_inferred,high,The name indicates this is a candidate committee for Corinna Contreras.,gpt-4.1
,C00929174,,TANO TIJERINA FOR CONGRESS INC,Candidate Committees,Candidate,,llm_inferred,high,The name indicates this is a candidate committee for Tano Tijerina.,gpt-4.1
,C00929208,,BOOKER FOR THE COMMONWEALTH,Candidate Committees,Candidate,,llm_inferred,high,The name indicates this is a candidate committee for Booker.,gpt-4.1
,C00929265,,MAYRA MACIAS FOR CONGRESS,Candidate Committees,Candidate,,llm_inferred,high,The name indicates this is a candidate committee for Mayra Macias.,gpt-4.1
,C00929307,,HOUSTON WOMEN WIN,Women's Issues,Ideology/Single-Issue,,llm_inferred,medium,"The name 'Houston Women Win' suggests a focus on women's issues, but does not indicate an industry.",gpt-4.1
,C00929315,,STELSON VICTORY FUND,Joint Candidate Cmte,Joint Candidate Cmtes,,llm_inferred,high,The name 'Victory Fund' is typical of joint fundraising committees for candidates.,gpt-4.1
,C00929349,,DAN GOLDMAN NEW YORK VICTORY,Joint Candidate Cmte,Joint Candidate Cmtes,,llm_inferred,high,The name 'Victory' and inclusion of a candidate's name indicate a joint fundraising committee.,gpt-4.1
,C00929372,,REYNOSO FOR CONGRESS,Candidate Committees,Candidate,,llm_inferred,high,The name indicates this is a candidate committee for Reynoso.,gpt-4.1
,C00929430,,NICHOLI FTW,Candidate Committees,Candidate,,llm_inferred,high,The name 'Nicholi FTW' suggests a candidate committee.,gpt-4.1
,C00929505,,PAUL BONDAR FOR CONGRESS,Candidate Committees,Candidate,,llm_inferred,high,The name indicates this is a candidate committee for Paul Bondar.,gpt-4.1
,C00929554,,KEEPING FREEDOM ALIVE PAC,Misc Issues,Ideology/Single-Issue,,llm_inferred,low,The name 'Keeping Freedom Alive PAC' is ideological and does not indicate an industry.,gpt-4.1
,C00929588,,FAMILY MATTERS VICTORY FUND,Joint Candidate Cmte,Joint Candidate Cmtes,,llm_inferred,high,The name 'Victory Fund' is typical of joint fundraising committees for candidates.,gpt-4.1
,C00929604,,FAT MATT SMITH FOR CONGRESS,Candidate Committees,Candidate,,llm_inferred,high,The name indicates this is a candidate committee for Fat Matt Smith.,gpt-4.1
,C00929711,,CLAIRE REYNOLDS FOR CONGRESS,Candidate Committees,Candidate,,llm_inferred,high,The name indicates this is a candidate committee for Claire Reynolds.,gpt-4.1
,C00929752,,DR. TODD IVEY FOR CONGRESS,Candidate Committees,Candidate,,llm_inferred,high,The name indicates this is a candidate committee for Dr. Todd Ivey.,gpt-4.1
,C00929786,,COLTON MOORE FOR CONGRESS,Candidate Committees,Candidate,,llm_inferred,high,The name indicates this is a candidate committee for Colton Moore.,gpt-4.1
,C00929794,,JULIE FOR COLORADO,Candidate Committees,Candidate,,llm_inferred,high,The name 'Julie for Colorado' indicates a candidate committee.,gpt-4.1
,C00929802,,JAY VAINGANKAR FOR CONGRESS,Candidate Committees,Candidate,,llm_inferred,high,The name indicates this is a candidate committee for Jay Vaingankar.,gpt-4.1
,C00929844,,ALLRED FOR TEXAS,Candidate Committees,Candidate,,llm_inferred,high,The name 'Allred for Texas' indicates a candidate committee.,gpt-4.1
,C00929877,,COMMITTEE TO ELECT PAZ,Candidate Committees,Candidate,,llm_inferred,high,The name 'Committee to Elect Paz' indicates a candidate committee.,gpt-4.1
,C00929901,,JASMINE FOR TEXAS,Candidate Committees,Candidate,,llm_inferred,high,The name 'Jasmine for Texas' indicates a candidate committee.,gpt-4.1
,C00929927,,MCMORROW VICTORY FUND,Joint Candidate Cmte,Joint Candidate Cmtes,,llm_inferred,high,The name 'Victory Fund' is typical of joint fundraising committees for candidates.,gpt-4.1
,C00929968,,TOM PERRIELLO FOR CONGRESS,Candidate Committees,Candidate,,llm_inferred,high,The name indicates this is a candidate committee for Tom Perriello.,gpt-4.1
,C00930008,,MAPP FOR CONGRESS,Candidate Committees,Candidate,,llm_inferred,high,The name 'Mapp for Congress' indicates a candidate committee.,gpt-4.1
,C00930032,,MARK NEWGENT FOR CONGRESS,Candidate Committees,Candidate,,llm_inferred,high,"Name is in the format 'FOR CONGRESS', indicating a candidate committee.",gpt-4.1
,C00930065,,TREVER NEHLS FOR CONGRESS,Candidate Committees,Candidate,,llm_inferred,high,"Name is in the format 'FOR CONGRESS', indicating a candidate committee.",gpt-4.1
,C00930081,,SHERMAN VICTORY FUND,Joint Candidate Cmte,Joint Candidate Cmtes,,llm_inferred,high,"Name includes 'VICTORY FUND', which is typically a joint fundraising committee.",gpt-4.1
,C00930123,,LANDER FOR CONGRESS,Candidate Committees,Candidate,,llm_inferred,high,"Name is in the format 'FOR CONGRESS', indicating a candidate committee.",gpt-4.1
,C00930149,,218 COMMITTEE,Unknown,Unknown,,llm_inferred,low,Name '218 COMMITTEE' is generic and does not indicate an industry or candidate.,gpt-4.1
,C00930164,,NICKY FOR CONGRESS,Candidate Committees,Candidate,,llm_inferred,high,"Name is in the format 'FOR CONGRESS', indicating a candidate committee.",gpt-4.1
,C00930248,,MOLDER VICTORY FUND,Joint Candidate Cmte,Joint Candidate Cmtes,,llm_inferred,high,"Name includes 'VICTORY FUND', which is typically a joint fundraising committee.",gpt-4.1
,C00930271,,NIDA FOR NC,Candidate Committees,Candidate,,llm_inferred,high,"Name is in the format 'FOR NC', indicating a candidate committee.",gpt-4.1
,C00930297,,JACE YARBROUGH FOR CONGRESS,Candidate Committees,Candidate,,llm_inferred,high,"Name is in the format 'FOR CONGRESS', indicating a candidate committee.",gpt-4.1
,C00930305,,ALEXANDER HALE FOR CONGRESS,Candidate Committees,Candidate,,llm_inferred,high,"Name is in the format 'FOR CONGRESS', indicating a candidate committee.",gpt-4.1
,C00930339,,"KNOWLEDGE, INTEGRITY, RESPONSIBILITY AND KINSHIP PAC",Misc Issues,Ideology/Single-Issue,,llm_inferred,low,Name is generic and does not indicate a specific industry or candidate.,gpt-4.1
,C00930347,,JUSTIN KIRK VICTORY FUND,Joint Candidate Cmte,Joint Candidate Cmtes,,llm_inferred,high,"Name includes 'VICTORY FUND', which is typically a joint fundraising committee.",gpt-4.1
,C00930396,,LEAN FORWARD AMERICA FUND,Misc Issues,Ideology/Single-Issue,,llm_inferred,low,Name is generic and does not indicate a specific industry or candidate.,gpt-4.1
,C00930404,,AMERICA FIRST PAC,Misc Issues,Ideology/Single-Issue,,llm_inferred,low,Name is generic and does not indicate a specific industry or candidate.,gpt-4.1
,C00930438,,ALABAMA FREEDOM FUND,Misc Issues,Ideology/Single-Issue,,llm_inferred,low,Name is generic and does not indicate a specific industry or candidate.,gpt-4.1
,C00930461,,WRANGLER PAC,Misc Issues,Ideology/Single-Issue,,llm_inferred,low,Name is generic and does not indicate a specific industry or candidate.,gpt-4.1
,C00930479,,COLTON VICTORY FUND,Joint Candidate Cmte,Joint Candidate Cmtes,,llm_inferred,high,"Name includes 'VICTORY FUND', which is typically a joint fundraising committee.",gpt-4.1
,C00930495,,WINNING RIGHT PAC,Misc Issues,Ideology/Single-Issue,,llm_inferred,low,Name is generic and does not indicate a specific industry or candidate.,gpt-4.1
,C00930610,,MIKE THUROW FOR CONGRESS,Candidate Committees,Candidate,,llm_inferred,high,"Name is in the format 'FOR CONGRESS', indicating a candidate committee.",gpt-4.1
,C00930628,,"AIR SPACE INTELLIGENCE, INC. PAC (ASI PAC)",Misc Defense,Misc Business,Defense,llm_inferred,high,"Name includes 'AIR SPACE INTELLIGENCE, INC.', a company in the defense/intelligence sector.",gpt-4.1
,C00930644,,WESTBY FOR CONGRESS,Candidate Committees,Candidate,,llm_inferred,high,"Name is in the format 'FOR CONGRESS', indicating a candidate committee.",gpt-4.1
,C00930719,,JOSEPH CHAPLIK FOR CONGRESS,Candidate Committees,Candidate,,llm_inferred,high,"Name is in the format 'FOR CONGRESS', indicating a candidate committee.",gpt-4.1
,C00930727,,"Y COMBINATOR MANAGEMENT, LLC POLITICAL COMMITTEE (LITTLE TECH PAC)",Internet,Communic/Electronics,ICT & Cybersecurity,llm_inferred,high,"Name includes 'Y COMBINATOR MANAGEMENT, LLC', a well-known technology startup accelerator.",gpt-4.1
,C00930750,,"EISENHAUER, MICHAEL D. DR.",Unknown,Unknown,,llm_inferred,low,Name is a personal name with no indication of industry or candidate status.,gpt-4.1
,C00930784,,RAYMOND SMITH FOR NORTH CAROLINA,Candidate Committees,Candidate,,llm_inferred,high,"Name is in the format 'FOR NORTH CAROLINA', indicating a candidate committee.",gpt-4.1
,C00930800,,TERRI GREEN ELECTION CAMPAIGN COMMITTEE,Candidate Committees,Candidate,,llm_inferred,high,The name 'TERRI GREEN ELECTION CAMPAIGN COMMITTEE' indicates a candidate committee.,gpt-4.1
,C00930826,,FRIENDS OF STEPHEN T SKOLY,Candidate Committees,Candidate,,llm_inferred,high,The name 'FRIENDS OF STEPHEN T SKOLY' indicates a candidate committee.,gpt-4.1
,C00930867,,MATT ORTEGA FOR CONGRESS,Candidate Committees,Candidate,,llm_inferred,high,The name 'MATT ORTEGA FOR CONGRESS' indicates a candidate committee.,gpt-4.1
,C00930875,,FANDUEL GROUP INC. PAC,Casinos/Gambling,Misc Business,Hospitality & Retail,llm_inferred,high,The name 'FANDUEL GROUP INC. PAC' identifies a company in the gambling industry.,gpt-4.1
,C00930966,,ARKANSANS FOR DEMOCRACY AND JUSTICE,Misc Issues,Ideology/Single-Issue,,llm_inferred,low,The name 'ARKANSANS FOR DEMOCRACY AND JUSTICE' is generic and does not indicate an industry.,gpt-4.1
,C00931006,,BALANCE AND ACCOUNTABILITY PAC (BAC PAC),Misc Issues,Ideology/Single-Issue,,llm_inferred,low,The name 'BALANCE AND ACCOUNTABILITY PAC (BAC PAC)' is generic and does not indicate an industry.,gpt-4.1
,C00931014,,WILSON FOR CONGRESS,Candidate Committees,Candidate,,llm_inferred,high,The name 'WILSON FOR CONGRESS' indicates a candidate committee.,gpt-4.1
,C00931089,,FRIENDS OF EVA LOPEZ CHAVEZ,Candidate Committees,Candidate,,llm_inferred,high,The name 'FRIENDS OF EVA LOPEZ CHAVEZ' indicates a candidate committee.,gpt-4.1
,C00931105,,TOM GRAY FOR CONGRESS,Candidate Committees,Candidate,,llm_inferred,high,The name 'TOM GRAY FOR CONGRESS' indicates a candidate committee.,gpt-4.1
,C00931147,,ALLISON JASLOW FOR CONGRESS,Candidate Committees,Candidate,,llm_inferred,high,The name 'ALLISON JASLOW FOR CONGRESS' indicates a candidate committee.,gpt-4.1
,C00931287,,COGNETTI VICTORY FUND,Joint Candidate Cmte,Joint Candidate Cmtes,,llm_inferred,high,The name 'COGNETTI VICTORY FUND' suggests a joint fundraising committee.,gpt-4.1
,C00931352,,FRIENDS OF PAIGE LOUD,Candidate Committees,Candidate,,llm_inferred,high,The name 'FRIENDS OF PAIGE LOUD' indicates a candidate committee.,gpt-4.1
,C00931444,,ARTICLE ONE VICTORY,Joint Candidate Cmte,Joint Candidate Cmtes,,llm_inferred,medium,"The name 'ARTICLE ONE VICTORY' suggests a joint fundraising committee, but is somewhat generic.",gpt-4.1
,C00931527,,GEORGE CONWAY FOR CONGRESS,Candidate Committees,Candidate,,llm_inferred,high,The name 'GEORGE CONWAY FOR CONGRESS' indicates a candidate committee.,gpt-4.1
,C00931576,,"ARMADA SYSTEMS, INC PAC",Misc Manufacturing & Distributing,Misc Business,,llm_inferred,medium,"The name 'ARMADA SYSTEMS, INC PAC' suggests a company, but the industry is unclear from the name alone.",gpt-4.1
,C00931626,,GENERAL MATTER PAC,Misc Issues,Ideology/Single-Issue,,llm_inferred,low,The name 'GENERAL MATTER PAC' is generic and does not indicate an industry.,gpt-4.1
,C00931634,,MISSION TO DELIVER PAC,Misc Issues,Ideology/Single-Issue,,llm_inferred,low,The name 'MISSION TO DELIVER PAC' is generic and does not indicate an industry.,gpt-4.1
,C00931667,,SUNRISE MOVEMENT,Environment,Ideology/Single-Issue,,llm_inferred,high,The name 'SUNRISE MOVEMENT' is a well-known environmental advocacy group.,gpt-4.1
,C00931709,,"CLAY FULLER FOR CONGRESS, INC.",Candidate Committees,Candidate,,llm_inferred,high,"The name 'CLAY FULLER FOR CONGRESS, INC.' indicates a candidate committee.",gpt-4.1
,C00931717,,CLINE VICTORY COMMITTEE,Joint Candidate Cmte,Joint Candidate Cmtes,,llm_inferred,high,The name 'CLINE VICTORY COMMITTEE' suggests a joint fundraising committee.,gpt-4.1
,C00931774,,ARTICLE ONE PAC,Misc Issues,Ideology/Single-Issue,,llm_inferred,low,The name 'ARTICLE ONE PAC' is generic and does not indicate an industry.,gpt-4.1
,C00931931,,LIBAN FOR CONGRESS,Candidate Committees,Candidate,,llm_inferred,high,The name 'LIBAN FOR CONGRESS' indicates a candidate committee.,gpt-4.1
,C00932004,,PIETROWICZ FOR US CONGRESS,Candidate Committees,Candidate,,llm_inferred,high,The name 'PIETROWICZ FOR US CONGRESS' indicates a candidate committee.,gpt-4.1
,C00932079,,ERIC CUNNINGHAM FOR CONGRESS,Candidate Committees,Candidate,,llm_inferred,high,The name 'ERIC CUNNINGHAM FOR CONGRESS' indicates a candidate committee.,gpt-4.1
,C00932178,,ELECT BRETT HUEFFMEIER TO CONGRESS,Candidate Committees,Candidate,,llm_inferred,high,The name 'ELECT BRETT HUEFFMEIER TO CONGRESS' indicates a candidate committee.,gpt-4.1
,C00932244,,CITIZENS FOR CHUCK GRAY,Candidate Committees,Candidate,,llm_inferred,high,Name indicates a candidate committee for Chuck Gray.,gpt-4.1
,C00932434,,NATIONAL REPUBLICAN MAJORITY PAC,Party Committees,Party Cmte,,llm_inferred,high,Name indicates a Republican party PAC.,gpt-4.1
,C00932442,,"KING, JAMES GEORGE",Candidate Committees,Candidate,,llm_inferred,high,"Name is an individual, indicating a candidate committee.",gpt-4.1
,C00932509,,"BRIAN STOVER FOR CONGRESS, INC.",Candidate Committees,Candidate,,llm_inferred,high,Name indicates a candidate committee for Brian Stover.,gpt-4.1
,C00932525,,TEAM MORRIS,Candidate Committees,Candidate,,llm_inferred,high,Name 'Team Morris' suggests a candidate committee.,gpt-4.1
,C00932541,,MELISSA HERNANDEZ FOR CONGRESS,Candidate Committees,Candidate,,llm_inferred,high,Name indicates a candidate committee for Melissa Hernandez.,gpt-4.1
,C00932574,,SCOTT SINGER FOR CONGRESS,Candidate Committees,Candidate,,llm_inferred,high,Name indicates a candidate committee for Scott Singer.,gpt-4.1
,C00932582,,AMANDA MCKINNEY FOR WASHINGTON,Candidate Committees,Candidate,,llm_inferred,high,Name indicates a candidate committee for Amanda McKinney.,gpt-4.1
,C00932707,,CONSERVATIVE TEXANS PAC,Republican/Conservative,Ideology/Single-Issue,,llm_inferred,high,"Name indicates a conservative ideological PAC, not an industry group.",gpt-4.1
,C00932715,,FIG AND OLIVE ACTION PAC,Misc Business,Misc Business,,llm_inferred,medium,Name 'Fig and Olive' may reference a business but lacks clear industry identification.,gpt-4.1
,C00932723,,AMERICAN PRIORITIES (AP),Misc Issues,Ideology/Single-Issue,,llm_inferred,low,Name is generic and does not indicate an industry.,gpt-4.1
,C00932822,,SAM FOR MONTANA,Candidate Committees,Candidate,,llm_inferred,high,Name indicates a candidate committee for Sam in Montana.,gpt-4.1
,C00932830,,DR MARIAH LANCASTER FOR CONGRESS,Candidate Committees,Candidate,,llm_inferred,high,Name indicates a candidate committee for Dr Mariah Lancaster.,gpt-4.1
,C00932848,,BAISLEY FOR SENATE,Candidate Committees,Candidate,,llm_inferred,high,Name indicates a candidate committee for Baisley for Senate.,gpt-4.1
,C00932863,,MARK YORK FOR US SENATE,Candidate Committees,Candidate,,llm_inferred,high,Name indicates a candidate committee for Mark York for US Senate.,gpt-4.1
,C00932871,,HONEYWELL INTERNATIONAL PAC,Misc Manufacturing & Distributing,Misc Business,Manufacturing,llm_inferred,high,Honeywell International is a major manufacturing and industrial company.,gpt-4.1
,C00932921,,FRIENDS OF TRENT HOLBROOK,Candidate Committees,Candidate,,llm_inferred,high,Name indicates a candidate committee for Trent Holbrook.,gpt-4.1
,C00932947,,CLARK FRONTLINE VICTORY FUND,Joint Candidate Cmte,Joint Candidate Cmtes,,llm_inferred,high,Name indicates a joint fundraising committee.,gpt-4.1
,C00933036,,DR. AISHA WAHAB FOR CONGRESS,Candidate Committees,Candidate,,llm_inferred,high,Name indicates a candidate committee for Dr. Aisha Wahab.,gpt-4.1
,C00933069,,"LIN, MARENA",Candidate Committees,Candidate,,llm_inferred,high,"Name is an individual, indicating a candidate committee.",gpt-4.1
,C00933077,,VICTOR AGUILAR FOR CONGRESS,Candidate Committees,Candidate,,llm_inferred,high,Name indicates a candidate committee for Victor Aguilar.,gpt-4.1
,C00933275,,KEEP THE SENATE RED 2026,Party Committees,Party Cmte,,llm_inferred,high,Name indicates a party committee focused on Senate control.,gpt-4.1
,C00933291,,TRACKER PAC,Misc Issues,Ideology/Single-Issue,,llm_inferred,low,Name is generic and does not indicate an industry.,gpt-4.1
,C00933358,,"LIBERTY UNCHAINED PAC, LLC",Misc Issues,Ideology/Single-Issue,,llm_inferred,low,Name is generic and does not indicate an industry.,gpt-4.1
,C00933366,,POINDEXTER FOR CONGRESS,Candidate Committees,Candidate,,llm_inferred,high,Name indicates a candidate committee for Poindexter for Congress.,gpt-4.1
,C00933382,,TRINA FOR CONGRESS,Candidate Committees,Candidate,,llm_inferred,high,Name is in the format of a candidate committee for Congress.,gpt-4.1
,C00933432,,CAREY COLEMAN FOR CONGRESS,Candidate Committees,Candidate,,llm_inferred,high,Name is in the format of a candidate committee for Congress.,gpt-4.1
,C00933473,,RYAN BUSSE FOR MONTANA,Candidate Committees,Candidate,,llm_inferred,high,Name is in the format of a candidate committee for Congress.,gpt-4.1
,C00933515,,CLAIRE VALDEZ FOR CONGRESS,Candidate Committees,Candidate,,llm_inferred,high,Name is in the format of a candidate committee for Congress.,gpt-4.1
,C00933556,,GUERRERO FOR CONGRESS,Candidate Committees,Candidate,,llm_inferred,high,Name is in the format of a candidate committee for Congress.,gpt-4.1
,C00933564,,COMMONWEALTH TOGETHER PAC,Misc Issues,Ideology/Single-Issue,,llm_inferred,low,"Name is generic and does not identify an industry, company, or trade group.",gpt-4.1
,C00933598,,WAVE FOR CONGRESS,Candidate Committees,Candidate,,llm_inferred,high,Name is in the format of a candidate committee for Congress.,gpt-4.1
,C00933614,,BLUE SHIFT PAC,Misc Issues,Ideology/Single-Issue,,llm_inferred,low,"Name is generic and does not identify an industry, company, or trade group.",gpt-4.1
,C00933630,,JACQUI IRWIN FOR CONGRESS,Candidate Committees,Candidate,,llm_inferred,high,Name is in the format of a candidate committee for Congress.,gpt-4.1
,C00933655,,FAIR SHOT FRONTLINE FUND,Misc Issues,Ideology/Single-Issue,,llm_inferred,low,"Name is generic and does not identify an industry, company, or trade group.",gpt-4.1
,C00933663,,SHULLI FOR SENATE,Candidate Committees,Candidate,,llm_inferred,high,Name is in the format of a candidate committee for Senate.,gpt-4.1
,C00933689,,GUILFORD-ROCKINGHAM ALLIANCE,Misc Business,Misc Business,,llm_inferred,medium,"Name suggests a local alliance, but does not clearly identify a specific industry or trade group.",gpt-4.1
,C00933705,,FRIENDS OF NINA SCHWALBE,Candidate Committees,Candidate,,llm_inferred,high,Name is in the format of a candidate committee.,gpt-4.1
,C00933796,,BLUE DEMOCRACY NETWORK,Democratic/Liberal,Ideology/Single-Issue,,llm_inferred,medium,"Name suggests a Democratic ideological PAC, not an industry group.",gpt-4.1
,C00933804,,PAUL DANBOM FOR CONGRESS,Candidate Committees,Candidate,,llm_inferred,high,Name is in the format of a candidate committee for Congress.,gpt-4.1
,C00933812,,MIR FOR CONGRESS NC10,Candidate Committees,Candidate,,llm_inferred,high,Name is in the format of a candidate committee for Congress.,gpt-4.1
,C00933853,,KEVIN SMITH FOR CONGRESS,Candidate Committees,Candidate,,llm_inferred,high,Name is in the format of a candidate committee for Congress.,gpt-4.1
,C00933911,,"BOLD REPUBLICANS ENABLE TERRIFIC TOMORROW PAC (BRETT PAC), BRETT",Republican/Conservative,Ideology/Single-Issue,,llm_inferred,medium,"Name suggests a Republican ideological PAC, not an industry group.",gpt-4.1
,C00933929,,HUEFFMEIER VICTORY FUND,Joint Candidate Cmte,Joint Candidate Cmtes,,llm_inferred,medium,"Name includes 'Victory Fund', which is typical of joint fundraising committees.",gpt-4.1
,C00933978,,ALASKANS FOR MARY,Candidate Committees,Candidate,,llm_inferred,high,Name is in the format of a candidate committee.,gpt-4.1
,C00933986,,FISH FAMILY FREEDOM FUND,Misc Issues,Ideology/Single-Issue,,llm_inferred,low,"Name is generic and does not identify an industry, company, or trade group.",gpt-4.1
,C00933994,,"BOAFO, ADRIAN",Candidate Committees,Candidate,,llm_inferred,high,"Name is a personal name, typical of a candidate committee.",gpt-4.1
,C00934000,,JOE BALDACCI FOR CONGRESS,Candidate Committees,Candidate,,llm_inferred,high,Name is in the format of a candidate committee for Congress.,gpt-4.1
,C00934026,,ALASKA SENATE VICTORY 2026,Party Committees,Party Cmte,,llm_inferred,high,Name is in the format of a party committee for a state legislative chamber.,gpt-4.1
,C00934042,,FRIENDS OF WENDY GOODITIS,Candidate Committees,Candidate,,llm_inferred,high,Name is in the format of a candidate committee.,gpt-4.1
,C00934075,,TIFFANY BURRESS FOR CONGRESS,Candidate Committees,Candidate,,llm_inferred,high,Name is in the format of a candidate committee (FOR CONGRESS).,gpt-4.1
,C00934109,,LANGWORTHY LEADERSHIP & ACCOUNTABILITY FUND,Leadership PACs,Candidate,,llm_inferred,high,"Name includes 'Leadership', indicating a leadership PAC.",gpt-4.1
,C00934182,,STRENGTHEN OUR MAJORITY,Party Committees,Party Cmte,,llm_inferred,medium,"Name suggests a party or caucus committee, not an industry group.",gpt-4.1
,C00934232,,FLORIDA FOR FISHBACK,Candidate Committees,Candidate,,llm_inferred,high,Name is in the format of a candidate committee (FOR).,gpt-4.1
,C00934240,,KNICKERBOCKER FOR CONGRESS,Candidate Committees,Candidate,,llm_inferred,high,Name is in the format of a candidate committee (FOR CONGRESS).,gpt-4.1
,C00934331,,WALA FOR MARYLAND,Candidate Committees,Candidate,,llm_inferred,high,Name is in the format of a candidate committee (FOR MARYLAND).,gpt-4.1
,C00934406,,REPUBLICAN VOTERS OF TEXAS PAC,Party Committees,Party Cmte,,llm_inferred,high,"Name includes 'REPUBLICAN VOTERS', indicating a party committee.",gpt-4.1
,C00934414,,NP POWER PAC,Unknown,Unknown,,llm_inferred,low,Name is opaque and does not indicate an industry or sector.,gpt-4.1
,C00934471,,EVAN POWER FOR CONGRESS COMMITTEE,Candidate Committees,Candidate,,llm_inferred,high,Name is in the format of a candidate committee (FOR CONGRESS).,gpt-4.1
,C00934505,,NEIGHBORS TO ELECT JD FORD,Candidate Committees,Candidate,,llm_inferred,high,Name is in the format of a candidate committee (TO ELECT).,gpt-4.1
,C00934539,,TITUS VICTORY FUND,Joint Candidate Cmte,Joint Candidate Cmtes,,llm_inferred,high,"Name includes 'VICTORY FUND', indicating a joint fundraising committee.",gpt-4.1
,C00934562,,CHRIS DEMERS FOR CONGRESS,Candidate Committees,Candidate,,llm_inferred,high,Name is in the format of a candidate committee (FOR CONGRESS).,gpt-4.1
,C00934588,,HAMAWY FOR NEW JERSEY,Candidate Committees,Candidate,,llm_inferred,high,Name is in the format of a candidate committee (FOR NEW JERSEY).,gpt-4.1
,C00934646,,A WHOLE LOT OF PEOPLE FOR CHRIS ESPINOSA,Candidate Committees,Candidate,,llm_inferred,high,Name is in the format of a candidate committee (FOR [CANDIDATE]).,gpt-4.1
,C00934695,,EMB NOMINEE FUND FL-23,Joint Candidate Cmte,Joint Candidate Cmtes,,llm_inferred,high,"Name includes 'NOMINEE FUND', indicating a joint fundraising committee.",gpt-4.1
,C00934703,,SHEAHAN FOR OHIO,Candidate Committees,Candidate,,llm_inferred,high,Name is in the format of a candidate committee (FOR OHIO).,gpt-4.1
,C00934711,,EMB NOMINEE FUND MI-08,Joint Candidate Cmte,Joint Candidate Cmtes,,llm_inferred,high,"Name includes 'NOMINEE FUND', indicating a joint fundraising committee.",gpt-4.1
,C00934737,,OHIO CREW PAC,Party Committees,Party Cmte,,llm_inferred,medium,"Name includes 'PAC' and 'OHIO CREW', suggesting a party or ideological group.",gpt-4.1
,C00934745,,EMB NOMINEE FUND MI-10,Joint Candidate Cmte,Joint Candidate Cmtes,,llm_inferred,high,"Name includes 'NOMINEE FUND', indicating a joint fundraising committee.",gpt-4.1
,C00934760,,TEAM SHEAHAN,Candidate Committees,Candidate,,llm_inferred,high,Name is in the format of a candidate committee (TEAM [NAME]).,gpt-4.1
,C00934778,,KRISTI FOR CONGRESS,Candidate Committees,Candidate,,llm_inferred,high,Name is in the format of a candidate committee (FOR CONGRESS).,gpt-4.1
,C00934794,,"CUNNINGHAM FOR NM - EMB NOMINEE FUND NM-02, GREG",Joint Candidate Cmte,Joint Candidate Cmtes,,llm_inferred,high,"Name includes 'NOMINEE FUND', indicating a joint fundraising committee.",gpt-4.1
,C00934802,,CARRIE BUCK FOR CONGRESS - EMB NOMINEE FUND NV-01,Joint Candidate Cmte,Joint Candidate Cmtes,,llm_inferred,high,"Name includes 'NOMINEE FUND', indicating a joint fundraising committee.",gpt-4.1
,C00934828,,EMB NOMINEE FUND NV-03,Joint Candidate Cmte,Joint Candidate Cmtes,,llm_inferred,high,"Name includes 'NOMINEE FUND', indicating a joint fundraising committee.",gpt-4.1
,C00934844,,EMB NOMINEE FUND OH-01,Joint Candidate Cmte,Joint Candidate Cmtes,,llm_inferred,high,"Name includes 'NOMINEE FUND', indicating a joint fundraising committee.",gpt-4.1
,C00934851,,OUR VIRGINIA,Misc Issues,Other,,llm_inferred,low,The name 'OUR VIRGINIA' is generic and does not indicate an industry or company.,gpt-4.1
,C00934943,,NICOLE WILLIAMS FOR CONGRESS,Candidate Committees,Candidate,,llm_inferred,high,The name 'NICOLE WILLIAMS FOR CONGRESS' identifies a candidate committee.,gpt-4.1
,C00934968,,FRIENDS OF TREY KELLY,Candidate Committees,Candidate,,llm_inferred,high,The name 'FRIENDS OF TREY KELLY' is a standard candidate committee format.,gpt-4.1
,C00934984,,OH NC VICTORY FUND 2026,Joint Candidate Cmte,Joint Candidate Cmtes,,llm_inferred,high,The name 'OH NC VICTORY FUND 2026' indicates a joint fundraising committee.,gpt-4.1
,C00935015,,SD 2026,Unknown,Other,,llm_inferred,low,The name 'SD 2026' is too generic to assign an industry or sector.,gpt-4.1
,C00935049,,AFFORDABLE CHICAGO NOW! (ACN),Misc Issues,Other,,llm_inferred,low,The name 'AFFORDABLE CHICAGO NOW! (ACN)' is generic and does not indicate an industry.,gpt-4.1
,C00935056,,JCUA VOTES - FEDERAL PAC,Misc Issues,Ideology/Single-Issue,,llm_inferred,medium,"The name 'JCUA VOTES - FEDERAL PAC' suggests an ideological or advocacy group, not an industry.",gpt-4.1
,C00935114,,GALLAGHER FOR CONGRESS,Candidate Committees,Candidate,,llm_inferred,high,The name 'GALLAGHER FOR CONGRESS' identifies a candidate committee.,gpt-4.1
,C00935338,,RAKHI ISRANI FOR CONGRESS,Candidate Committees,Candidate,,llm_inferred,high,The name 'RAKHI ISRANI FOR CONGRESS' identifies a candidate committee.,gpt-4.1
,C00935379,,NANCY LACORE FOR CONGRESS,Candidate Committees,Candidate,,llm_inferred,high,The name 'NANCY LACORE FOR CONGRESS' identifies a candidate committee.,gpt-4.1
,C00935411,,JULIA LETLOW FOR LOUISIANA,Candidate Committees,Candidate,,llm_inferred,high,The name 'JULIA LETLOW FOR LOUISIANA' identifies a candidate committee.,gpt-4.1
,C00935429,,DEMOCRATIC CLUB OF CAMARILLO,Party Committees,Party Cmte,,llm_inferred,high,The name 'DEMOCRATIC CLUB OF CAMARILLO' indicates a local party committee.,gpt-4.1
,C00935437,,BILL HILL FOR ALASKANS,Candidate Committees,Candidate,,llm_inferred,high,The name 'BILL HILL FOR ALASKANS' identifies a candidate committee.,gpt-4.1
,C00935478,,BOOSTING FUTURE LEADERS ONWARD,Misc Issues,Other,,llm_inferred,low,The name 'BOOSTING FUTURE LEADERS ONWARD' is generic and does not indicate an industry.,gpt-4.1
,C00935528,,TAFOYA FOR SENATE,Candidate Committees,Candidate,,llm_inferred,high,The name 'TAFOYA FOR SENATE' identifies a candidate committee.,gpt-4.1
,C00935536,,NORTH GEORGIANS FOR OUR CONSERVATIVE FUTURE PAC,Republican/Conservative,Ideology/Single-Issue,,llm_inferred,medium,"The name 'NORTH GEORGIANS FOR OUR CONSERVATIVE FUTURE PAC' suggests an ideological committee, not an industry.",gpt-4.1
,C00935692,,CHRIS SHEA FOR CONGRESS,Candidate Committees,Candidate,,llm_inferred,high,The name 'CHRIS SHEA FOR CONGRESS' identifies a candidate committee.,gpt-4.1
,C00935734,,PAPPAS STEVENS VICTORY FUND,Joint Candidate Cmte,Joint Candidate Cmtes,,llm_inferred,high,The name 'PAPPAS STEVENS VICTORY FUND' indicates a joint fundraising committee.,gpt-4.1
,C00935809,,CHICAGO PROGRESSIVE PARTNERSHIP,Misc Issues,Other,,llm_inferred,low,The name 'CHICAGO PROGRESSIVE PARTNERSHIP' is generic and does not indicate an industry.,gpt-4.1
,C00935833,,DSCC LIFTOFF FUND 2026,Party Committees,Party Cmte,,llm_inferred,high,The name 'DSCC LIFTOFF FUND 2026' refers to the Democratic Senatorial Campaign Committee.,gpt-4.1
,C00935866,,POWELL FOR CONGRESS,Candidate Committees,Candidate,,llm_inferred,high,The name 'POWELL FOR CONGRESS' identifies a candidate committee.,gpt-4.1
,C00935908,,CHRIS SHEA VICTORY FUND,Joint Candidate Cmte,Joint Candidate Cmtes,,llm_inferred,high,The name 'CHRIS SHEA VICTORY FUND' indicates a joint fundraising committee.,gpt-4.1
,C00935973,,NORTH STAR DAWN PAC,Misc Issues,Other,,llm_inferred,low,The name 'NORTH STAR DAWN PAC' is generic and does not indicate an industry.,gpt-4.1
,C00935981,,MATT BOEHNKE FOR CONGRESS,Candidate Committees,Candidate,,llm_inferred,high,The name 'MATT BOEHNKE FOR CONGRESS' identifies a candidate committee.,gpt-4.1
,C00935999,,MINNESOTA FORWARD,Misc Issues,Other,,llm_inferred,low,The name 'MINNESOTA FORWARD' is generic and does not indicate an industry.,gpt-4.1
,C00936039,,FIRST AND TEN,Misc Issues,Other,,llm_inferred,low,The name 'FIRST AND TEN' is generic and does not identify any industry or organization.,gpt-4.1
,C00936062,,COMMITTEE TO ELECT IHSSANE LECKEY FOR CONGRESS,Candidate Committees,Candidate,,llm_inferred,high,The name 'COMMITTEE TO ELECT IHSSANE LECKEY FOR CONGRESS' clearly identifies a candidate committee.,gpt-4.1
,C00936112,,TEAM TAFOYA,Candidate Committees,Candidate,,llm_inferred,high,The name 'TEAM TAFOYA' is typical of a candidate committee.,gpt-4.1
,C00936120,,FIRE-FROG PAC,Misc Issues,Ideology/Single-Issue,,llm_inferred,low,'FIRE-FROG PAC' is opaque and does not identify an industry or organization.,gpt-4.1
,C00936153,,STRONGER TOGETHER PA,Misc Issues,Ideology/Single-Issue,,llm_inferred,low,'STRONGER TOGETHER PA' is generic and does not identify an industry or organization.,gpt-4.1
,C00936252,,TIMMINS FOR CONGRESS,Candidate Committees,Candidate,,llm_inferred,high,'TIMMINS FOR CONGRESS' is a candidate committee.,gpt-4.1
,C00936393,,STEPHEN CLEMONS FOR CONGRESS,Candidate Committees,Candidate,,llm_inferred,high,'STEPHEN CLEMONS FOR CONGRESS' is a candidate committee.,gpt-4.1
,C00936500,,YOSHI MATTHEWS FOR US SENATE,Candidate Committees,Candidate,,llm_inferred,high,'YOSHI MATTHEWS FOR US SENATE' is a candidate committee.,gpt-4.1
,C00936559,,ALEX VINDMAN FOR FLORIDA,Candidate Committees,Candidate,,llm_inferred,high,'ALEX VINDMAN FOR FLORIDA' is a candidate committee.,gpt-4.1
,C00936625,,CORDELL FOR CONGRESS,Candidate Committees,Candidate,,llm_inferred,high,'CORDELL FOR CONGRESS' is a candidate committee.,gpt-4.1
,C00936633,,DIXON FOR CONGRESS,Candidate Committees,Candidate,,llm_inferred,high,'DIXON FOR CONGRESS' is a candidate committee.,gpt-4.1
,C00936666,,RICK FOR LOUISIANA,Candidate Committees,Candidate,,llm_inferred,high,'RICK FOR LOUISIANA' is a candidate committee.,gpt-4.1
,C00936724,,ELECT CHICAGO WOMEN AKA ECW,Women's Issues,Ideology/Single-Issue,,llm_inferred,medium,'ELECT CHICAGO WOMEN AKA ECW' suggests a focus on women's issues but does not identify an industry.,gpt-4.1
,C00936732,,ALI FOR CONGRESS,Candidate Committees,Candidate,,llm_inferred,high,'ALI FOR CONGRESS' is a candidate committee.,gpt-4.1
,C00936799,,BUCKHOUT NC VICTORY FUND 2026,Joint Candidate Cmte,Joint Candidate Cmtes,,llm_inferred,high,'BUCKHOUT NC VICTORY FUND 2026' is a joint fundraising committee.,gpt-4.1
,C00936807,,DELAWARE VICTORY 2026,Joint Candidate Cmte,Joint Candidate Cmtes,,llm_inferred,high,'DELAWARE VICTORY 2026' is a joint fundraising committee.,gpt-4.1
,C00936856,,SUBRAMANYAM VINDMAN VICTORY FUND,Joint Candidate Cmte,Joint Candidate Cmtes,,llm_inferred,high,'SUBRAMANYAM VINDMAN VICTORY FUND' is a joint fundraising committee.,gpt-4.1
,C00936864,,RYAN MICHAEL KELLY FOR CONGRESS,Candidate Committees,Candidate,,llm_inferred,high,'RYAN MICHAEL KELLY FOR CONGRESS' is a candidate committee.,gpt-4.1
,C00936898,,"SANDMAN, NIK EUGENE",Candidate Committees,Candidate,,llm_inferred,high,"'SANDMAN, NIK EUGENE' is a candidate committee.",gpt-4.1
,C00936963,,ROGERS FOR FLORIDA,Candidate Committees,Candidate,,llm_inferred,high,'ROGERS FOR FLORIDA' is a candidate committee.,gpt-4.1
,C00937045,,ERIC SKRMETTA FOR U.S. SENATE CAMPAIGN,Candidate Committees,Candidate,,llm_inferred,high,'ERIC SKRMETTA FOR U.S. SENATE CAMPAIGN' is a candidate committee.,gpt-4.1
,C00937060,,"NATIONAL ATM COUNCIL, INC. PAC (NAC PAC)",Finance/Credit Companies,Finance/Insur/RealEst,Finance & Insurance,llm_inferred,high,"'NATIONAL ATM COUNCIL, INC. PAC (NAC PAC)' is sponsored by a trade association in the ATM/finance industry.",gpt-4.1
,C00937094,,STRONG PAC,Misc Issues,Ideology/Single-Issue,,llm_inferred,low,'STRONG PAC' is generic and does not identify an industry or organization.,gpt-4.1
,C00937102,,RED CAT HOLDINGS INC. UNCREWED SYSTEMS ALLIANCE PAC,Defense Electronics,Defense,Defense,llm_inferred,high,'RED CAT HOLDINGS INC. UNCREWED SYSTEMS ALLIANCE PAC' is sponsored by a defense technology company.,gpt-4.1
,C00937128,,SAVE OUR VOTES,Misc Issues,Ideology/Single-Issue,,llm_inferred,low,'SAVE OUR VOTES' is generic and does not identify an industry or organization.,gpt-4.1
,C00937193,,TERI HELENESE FOR CONGRESS,Candidate Committees,Candidate,,llm_inferred,high,"Name is 'TERI HELENESE FOR CONGRESS', indicating a candidate committee.",gpt-4.1
,C00937318,,WON 2026,Candidate Committees,Candidate,,llm_inferred,high,Name 'WON 2026' is ambiguous but likely a candidate or campaign committee; no industry basis.,gpt-4.1
,C00937367,,SOCIAL CONTRACT ACTION COMMITTEE,Misc Issues,Ideology/Single-Issue,,llm_inferred,medium,"Name 'SOCIAL CONTRACT ACTION COMMITTEE' suggests an ideological or issue-based group, not an industry.",gpt-4.1
,C00937417,,LAST ONE OUT PAC,Misc Issues,Ideology/Single-Issue,,llm_inferred,low,Name 'LAST ONE OUT PAC' is generic and does not indicate an industry or company.,gpt-4.1
,C00937425,,PELBATH VICTORY FUND,Joint Candidate Cmte,Joint Candidate Cmtes,,llm_inferred,medium,"Name 'PELBATH VICTORY FUND' suggests a joint fundraising committee, not an industry.",gpt-4.1
,C00937441,,LEELA J GRAY FOR CONGRESS INC,Candidate Committees,Candidate,,llm_inferred,high,Name 'LEELA J GRAY FOR CONGRESS INC' indicates a candidate committee.,gpt-4.1
,C00937490,,MIKE LIPETRI FOR CONGRESS,Candidate Committees,Candidate,,llm_inferred,high,Name 'MIKE LIPETRI FOR CONGRESS' indicates a candidate committee.,gpt-4.1
,C00937508,,PROTECT AMERICA,Misc Issues,Ideology/Single-Issue,,llm_inferred,medium,Name 'PROTECT AMERICA' is generic and does not indicate an industry.,gpt-4.1
,C00937524,,TEAM MIKE,Candidate Committees,Candidate,,llm_inferred,high,Name 'TEAM MIKE' is likely a candidate committee; no industry basis.,gpt-4.1
,C00937532,,JONATHAN JACOBS FOR CONGRESS,Candidate Committees,Candidate,,llm_inferred,high,Name 'JONATHAN JACOBS FOR CONGRESS' indicates a candidate committee.,gpt-4.1
,C00937573,,HARRY DUNN FOR MARYLAND,Candidate Committees,Candidate,,llm_inferred,high,Name 'HARRY DUNN FOR MARYLAND' indicates a candidate committee.,gpt-4.1
,C00937599,,PATRICK SCHMIDT FOR SENATE,Candidate Committees,Candidate,,llm_inferred,high,Name 'PATRICK SCHMIDT FOR SENATE' indicates a candidate committee.,gpt-4.1
,C00937607,,GOBER BOLD FRONTIERS FUND,Joint Candidate Cmte,Joint Candidate Cmtes,,llm_inferred,medium,"Name 'GOBER BOLD FRONTIERS FUND' suggests a joint fundraising or PAC, not an industry.",gpt-4.1
,C00937656,,LAURA RODRIGUEZ-CARBONE FOR CONGRESS,Candidate Committees,Candidate,,llm_inferred,high,Name 'LAURA RODRIGUEZ-CARBONE FOR CONGRESS' indicates a candidate committee.,gpt-4.1
,C00937730,,ALTMAN FOR CONGRESS,Candidate Committees,Candidate,,llm_inferred,high,Name 'ALTMAN FOR CONGRESS' indicates a candidate committee.,gpt-4.1
,C00937755,,MICAH Q. JONES FOR CONGRESS,Candidate Committees,Candidate,,llm_inferred,high,Name 'MICAH Q. JONES FOR CONGRESS' indicates a candidate committee.,gpt-4.1
,C00937797,,HUSTED VICTORY,Joint Candidate Cmte,Joint Candidate Cmtes,,llm_inferred,medium,"Name 'HUSTED VICTORY' suggests a joint fundraising or PAC, not an industry.",gpt-4.1
,C00937854,,"KESSLER, JEFFREY VINCENT",Candidate Committees,Candidate,,llm_inferred,high,"Name 'KESSLER, JEFFREY VINCENT' indicates a candidate committee.",gpt-4.1
,C00937961,,GOD BLESS AMERICA PAC,Misc Issues,Ideology/Single-Issue,,llm_inferred,medium,Name 'GOD BLESS AMERICA PAC' is generic and does not indicate an industry.,gpt-4.1
,C00937987,,AMERILUV 2026,Misc Issues,Ideology/Single-Issue,,llm_inferred,low,Name 'AMERILUV 2026' is generic and does not indicate an industry.,gpt-4.1
,C00938100,,RAY BILGER FOR CONGRESS,Candidate Committees,Candidate,,llm_inferred,high,Name 'RAY BILGER FOR CONGRESS' indicates a candidate committee.,gpt-4.1
,C00938175,,FRIENDS OF JOHN COWAN,Candidate Committees,Candidate,,llm_inferred,high,Name 'FRIENDS OF JOHN COWAN' indicates a candidate committee.,gpt-4.1
,C00938209,,MARIA RODRIGUEZ FOR US CONGRESS,Candidate Committees,Candidate,,llm_inferred,high,Name 'MARIA RODRIGUEZ FOR US CONGRESS' indicates a candidate committee.,gpt-4.1
,C00938274,,LIGHT THE WAY FUND,Misc Issues,Ideology/Single-Issue,,llm_inferred,medium,Name 'LIGHT THE WAY FUND' is generic and does not indicate an industry.,gpt-4.1
,C00938381,,GREG JACZKO FOR CONGRESS,Candidate Committees,Candidate,,llm_inferred,high,Name 'GREG JACZKO FOR CONGRESS' indicates a candidate committee.,gpt-4.1
,C00938399,,THE MAJORITY PAC,Misc Issues,Other,,llm_inferred,low,'THE MAJORITY PAC' is a generic name and does not indicate a specific industry.,gpt-4.1
,C00938449,,WAGNER HILL VICTORY FUND,Joint Candidate Cmte,Joint Candidate Cmtes,,llm_inferred,high,"'VICTORY FUND' indicates a joint fundraising committee for candidates, not an industry group.",gpt-4.1
,C00938555,,JOHN FRANKMAN FOR FLORIDA,Candidate Committees,Candidate,,llm_inferred,high,'FOR FLORIDA' indicates a candidate committee.,gpt-4.1
,C00938571,,FIGHT FOR FAIR LINES PAC,Misc Issues,Ideology/Single-Issue,,llm_inferred,low,"'FIGHT FOR FAIR LINES PAC' suggests a redistricting or reform group, not an industry.",gpt-4.1
,C00938589,,DON'T MESS WITH TX PAC,Misc Issues,Ideology/Single-Issue,,llm_inferred,low,"'DON'T MESS WITH TX PAC' is a slogan-based PAC, not an industry group.",gpt-4.1
,C00938605,,"YORK SPACE SYSTEMS, INC. PAC",Defense Aerospace,Misc Business,Defense,llm_inferred,high,"'YORK SPACE SYSTEMS, INC.' is a company in the aerospace/defense sector.",gpt-4.1
,C00938654,,ECHOLS FOR CONGRESS,Candidate Committees,Candidate,,llm_inferred,high,'FOR CONGRESS' indicates a candidate committee.,gpt-4.1
,C00938670,,COONEY FOR CONGRESS,Candidate Committees,Candidate,,llm_inferred,high,'FOR CONGRESS' indicates a candidate committee.,gpt-4.1
,C00938720,,TEAM ANDY KIM,Candidate Committees,Candidate,,llm_inferred,high,'TEAM ANDY KIM' is a candidate committee.,gpt-4.1
,C00938795,,MOOLENAAR VICTORY FUND,Joint Candidate Cmte,Joint Candidate Cmtes,,llm_inferred,high,'VICTORY FUND' indicates a joint fundraising committee for candidates.,gpt-4.1
,C00938803,,DETECTACHEM POLITICAL ACTION COMMITTEE,Defense Electronics,Misc Business,Defense,llm_inferred,high,"'DETECTACHEM' is a company producing detection equipment, relevant to defense/security.",gpt-4.1
,C00938878,,ROBERT E LEE FOR CONGRESS,Candidate Committees,Candidate,,llm_inferred,high,'FOR CONGRESS' indicates a candidate committee.,gpt-4.1
,C00938928,,BARRY MOORE ALABAMA VICTORY,Joint Candidate Cmte,Joint Candidate Cmtes,,llm_inferred,high,'VICTORY' in the name indicates a joint fundraising committee.,gpt-4.1
,C00938944,,NICHOLAS ALBARES FOR LOUISIANA,Candidate Committees,Candidate,,llm_inferred,high,'FOR LOUISIANA' indicates a candidate committee.,gpt-4.1
,C00938951,,COGNETTI STELSON VICTORY FUND,Joint Candidate Cmte,Joint Candidate Cmtes,,llm_inferred,high,'VICTORY FUND' indicates a joint fundraising committee.,gpt-4.1
,C00938993,,PUBLIC INTEGRITY ALLIANCE,Misc Issues,Ideology/Single-Issue,,llm_inferred,low,"'PUBLIC INTEGRITY ALLIANCE' is an issue advocacy group, not an industry.",gpt-4.1
,C00939074,,GALLEGO LUJAN PADILLA VICTORY FUND,Joint Candidate Cmte,Joint Candidate Cmtes,,llm_inferred,high,'VICTORY FUND' indicates a joint fundraising committee.,gpt-4.1
,C00939181,,"WIKSTROM, PAUL",Candidate Committees,Candidate,,llm_inferred,high,"Personal name only, indicating a candidate committee.",gpt-4.1
,C00939264,,FRIENDS OF SURFACE TRANSPORTATION,Air Transport,Transportation,Freight & Transport,llm_inferred,medium,'FRIENDS OF SURFACE TRANSPORTATION' suggests advocacy for the transportation sector.,gpt-4.1
,C00939272,,TONY GUY FOR CONGRESS,Candidate Committees,Candidate,,llm_inferred,high,'FOR CONGRESS' indicates a candidate committee.,gpt-4.1
,C00939280,,MULLOCK FOR CONGRESS,Candidate Committees,Candidate,,llm_inferred,high,'FOR CONGRESS' indicates a candidate committee.,gpt-4.1
,C00939322,,CHAMPIONS PAC,Misc Issues,Other,,llm_inferred,low,'CHAMPIONS PAC' is a generic name with no industry indication.,gpt-4.1
,C00939488,,"BENITEZ-THOMPSON, TERESA",Candidate Committees,Candidate,,llm_inferred,high,"Personal name only, indicating a candidate committee.",gpt-4.1
,C00939579,,HELMER FOR CONGRESS,Candidate Committees,Candidate,,llm_inferred,high,'FOR CONGRESS' indicates a candidate committee.,gpt-4.1
,C00939710,,RICK BRATTIN FOR CONGRESS,Candidate Committees,Candidate,,llm_inferred,high,'FOR CONGRESS' indicates a candidate committee.,gpt-4.1
,C00939751,,ELECT ARTHUR ELLIS,Candidate Committees,Candidate,,llm_inferred,high,"Name is 'ELECT ARTHUR ELLIS', indicating a candidate committee.",gpt-4.1
,C00939835,,BI-STATE BLUE FUND,Party Committees,Party Cmte,,llm_inferred,medium,"Name 'BI-STATE BLUE FUND' suggests a party or regional political committee, not an industry.",gpt-4.1
,C00939843,,STOP REPUBLICANS 2026,Misc Issues,Ideology/Single-Issue,,llm_inferred,high,"Name 'STOP REPUBLICANS 2026' indicates an ideological/party opposition group, not an industry.",gpt-4.1
,C00939876,,PUT ALASKA FIRST,Misc Issues,Ideology/Single-Issue,,llm_inferred,medium,"Name 'PUT ALASKA FIRST' suggests a regional or ideological group, not an industry.",gpt-4.1
,C00939934,,CATHOLIC ENGAGEMENT PAC,Clergy & Religious Organizations,Ideology/Single-Issue,,llm_inferred,high,"Name 'CATHOLIC ENGAGEMENT PAC' references a religious organization, not a commercial industry.",gpt-4.1
,C00940015,,IMPEACHMENT NOW,Misc Issues,Ideology/Single-Issue,,llm_inferred,high,"Name 'IMPEACHMENT NOW' indicates a single-issue advocacy group, not an industry.",gpt-4.1
,C00940098,,MISSION FIRST LEADERSHIP PAC,Leadership PACs,Other,,llm_inferred,high,"Name 'MISSION FIRST LEADERSHIP PAC' identifies it as a leadership PAC, not an industry.",gpt-4.1
,C00940106,,DGD PAC,Unknown,Unknown,,llm_inferred,low,Name 'DGD PAC' is opaque and does not indicate any industry or sector.,gpt-4.1
,C00940239,,PATRICK HERMANN FOR US SENATE,Candidate Committees,Candidate,,llm_inferred,high,Name 'PATRICK HERMANN FOR US SENATE' indicates a candidate committee.,gpt-4.1
,C00940304,,SUNDBERG FOR CONGRESS,Candidate Committees,Candidate,,llm_inferred,high,Name 'SUNDBERG FOR CONGRESS' indicates a candidate committee.,gpt-4.1
,C00940312,,ROB ADKERSON FOR CONGRESS,Candidate Committees,Candidate,,llm_inferred,high,Name 'ROB ADKERSON FOR CONGRESS' indicates a candidate committee.,gpt-4.1
,C00940320,,GIRALT FOR WYOMING,Candidate Committees,Candidate,,llm_inferred,high,Name 'GIRALT FOR WYOMING' indicates a candidate committee.,gpt-4.1
,C00940338,,ROBERT SMULLEN VICTORY COMMITTEE,Joint Candidate Cmte,Joint Candidate Cmtes,,llm_inferred,high,Name 'ROBERT SMULLEN VICTORY COMMITTEE' suggests a joint fundraising committee.,gpt-4.1
,C00940346,,SERVING CA,Misc Issues,Ideology/Single-Issue,,llm_inferred,medium,Name 'SERVING CA' is generic and likely a regional or ideological group.,gpt-4.1
,C00940395,,TEAM VAN EPPS,Candidate Committees,Candidate,,llm_inferred,high,Name 'TEAM VAN EPPS' indicates a candidate committee.,gpt-4.1
,C00940411,,RILEY OWEN FOR UTAH,Candidate Committees,Candidate,,llm_inferred,high,Name 'RILEY OWEN FOR UTAH' indicates a candidate committee.,gpt-4.1
,C00940593,,TAYLOR BURKS FOR CONGRESS 2026,Candidate Committees,Candidate,,llm_inferred,high,Name 'TAYLOR BURKS FOR CONGRESS 2026' indicates a candidate committee.,gpt-4.1
,C00940601,,LORENZO FOR CONGRESS,Candidate Committees,Candidate,,llm_inferred,high,Name 'LORENZO FOR CONGRESS' indicates a candidate committee.,gpt-4.1
,C00940635,,BRAINDOC PAC,Health Professionals,Health,,llm_inferred,medium,"Name 'BRAINDOC PAC' suggests a medical professional group, but lacks explicit industry connection.",gpt-4.1
,C00940650,,CHANGE FOR ARIZONA 2024 PAC,Misc Issues,Ideology/Single-Issue,,llm_inferred,medium,Name 'CHANGE FOR ARIZONA 2024 PAC' suggests a regional or ideological group.,gpt-4.1
,C00940692,,RUSHERN BAKER FOR CONGRESS,Candidate Committees,Candidate,,llm_inferred,high,Name 'RUSHERN BAKER FOR CONGRESS' indicates a candidate committee.,gpt-4.1
,C00940700,,COWAN VICTORY COMMITTEE,Joint Candidate Cmte,Joint Candidate Cmtes,,llm_inferred,high,Name 'COWAN VICTORY COMMITTEE' suggests a joint fundraising committee.,gpt-4.1
,C00940726,,NEROS PAC,Unknown,Unknown,,llm_inferred,low,Name 'NEROS PAC' is opaque and does not indicate any industry or sector.,gpt-4.1
,C00940791,,CHRIS BECK FOR CONGRESS,Candidate Committees,Candidate,,llm_inferred,high,Name 'CHRIS BECK FOR CONGRESS' indicates a candidate committee.,gpt-4.1
,C00940833,,DENNY FOR SENATE,Candidate Committees,Candidate,,llm_inferred,high,Name 'DENNY FOR SENATE' indicates a candidate committee.,gpt-4.1
,C00940890,,BETTER BLUE FUND - UNITEMIZED,Party Committees,Party Cmte,,llm_inferred,high,The name 'BETTER BLUE FUND' indicates a Democratic party committee.,gpt-4.1
,C00940957,,ACCOUNTABILITY PROJECT INC,Misc Issues,Ideology/Single-Issue,,llm_inferred,low,'ACCOUNTABILITY PROJECT INC' is a generic name with no clear industry or sector affiliation.,gpt-4.1
,C00941013,,LAS ADELITAS PAC,Misc Issues,Ideology/Single-Issue,,llm_inferred,low,'LAS ADELITAS PAC' does not indicate a commercial industry or sector.,gpt-4.1
,C00941021,,FULCRUM PAC,Misc Issues,Ideology/Single-Issue,,llm_inferred,low,'FULCRUM PAC' is a generic name with no industry or sector indicated.,gpt-4.1
,C00941039,,TEAM GAINES,Candidate Committees,Candidate,,llm_inferred,high,"'TEAM GAINES' is a candidate committee, not industry-related.",gpt-4.1
,C00941237,,SENATE PATH TO VICTORY 2026,Party Committees,Party Cmte,,llm_inferred,high,'SENATE PATH TO VICTORY 2026' is a party committee effort.,gpt-4.1
,C00941351,,NEIGHBORS FOR A. M. COX,Candidate Committees,Candidate,,llm_inferred,high,'NEIGHBORS FOR A. M. COX' is a candidate committee.,gpt-4.1
,C00941468,,"TRICIA FOR CONGRESS, INC.",Candidate Committees,Candidate,,llm_inferred,high,"'TRICIA FOR CONGRESS, INC.' is a candidate committee.",gpt-4.1
,C00941476,,JAMIE JOYCE FOR CONGRESS,Candidate Committees,Candidate,,llm_inferred,high,'JAMIE JOYCE FOR CONGRESS' is a candidate committee.,gpt-4.1
,C00941526,,ROMERO FOR COLORADO,Candidate Committees,Candidate,,llm_inferred,high,'ROMERO FOR COLORADO' is a candidate committee.,gpt-4.1
,C00941559,,DAVID BROCK SMITH FOR OREGON,Candidate Committees,Candidate,,llm_inferred,high,'DAVID BROCK SMITH FOR OREGON' is a candidate committee.,gpt-4.1
,C00941567,,HOUSE VICTORY PROJECT 2026,Party Committees,Party Cmte,,llm_inferred,high,'HOUSE VICTORY PROJECT 2026' is a party committee effort.,gpt-4.1
,C00941575,,FLINT FOR MONTANA,Candidate Committees,Candidate,,llm_inferred,high,'FLINT FOR MONTANA' is a candidate committee.,gpt-4.1
,C00941583,,CHRISTI JACOBSEN FOR CONGRESS,Candidate Committees,Candidate,,llm_inferred,high,'CHRISTI JACOBSEN FOR CONGRESS' is a candidate committee.,gpt-4.1
,C00941625,,EFFIE AND MAI'S FUNDRAISING COMMITTEE,Joint Candidate Cmte,Joint Candidate Cmtes,,llm_inferred,high,'EFFIE AND MAI'S FUNDRAISING COMMITTEE' is a joint candidate fundraising committee.,gpt-4.1
,C00941641,,CINDY BURBANK FOR SENATE,Candidate Committees,Candidate,,llm_inferred,high,'CINDY BURBANK FOR SENATE' is a candidate committee.,gpt-4.1
,C00941690,,FIGHT FOR NEBRASKA PAC,Misc Issues,Ideology/Single-Issue,,llm_inferred,low,'FIGHT FOR NEBRASKA PAC' is a generic advocacy name with no industry indicated.,gpt-4.1
,C00941708,,SETH BODNAR FOR MONTANA,Candidate Committees,Candidate,,llm_inferred,high,'SETH BODNAR FOR MONTANA' is a candidate committee.,gpt-4.1
,C00941781,,CALIFORNIA LIFE SCIENCES POLITICAL ACTION COMMITTEE,Pharmaceuticals/Health Products,Health,Healthcare,llm_inferred,high,'CALIFORNIA LIFE SCIENCES POLITICAL ACTION COMMITTEE' clearly represents the life sciences/health products industry.,gpt-4.1
,C00941823,,TERRI DEBOER FOR CONGRESS,Candidate Committees,Candidate,,llm_inferred,high,'TERRI DEBOER FOR CONGRESS' is a candidate committee.,gpt-4.1
,C00941880,,MARK SPENCER FOR LOUISIANA,Candidate Committees,Candidate,,llm_inferred,high,'MARK SPENCER FOR LOUISIANA' is a candidate committee.,gpt-4.1
,C00941906,,TEXAS FIRST LEADERSHIP PAC,Misc Issues,Ideology/Single-Issue,,llm_inferred,low,'TEXAS FIRST LEADERSHIP PAC' is a generic leadership PAC with no industry indicated.,gpt-4.1
,C00941914,,KEN PAXTON VICTORY FUND,Joint Candidate Cmte,Joint Candidate Cmtes,,llm_inferred,high,'KEN PAXTON VICTORY FUND' is a joint fundraising committee.,gpt-4.1
,C00941955,,WARNER PERRIELLO VICTORY FUND 2026,Joint Candidate Cmte,Joint Candidate Cmtes,,llm_inferred,high,'WARNER PERRIELLO VICTORY FUND 2026' is a joint fundraising committee.,gpt-4.1
,C00941963,,FLINT FOR MT-01 REPUBLICAN NOMINEE FUND 2026,Joint Candidate Cmte,Joint Candidate Cmtes,,llm_inferred,high,'FLINT FOR MT-01 REPUBLICAN NOMINEE FUND 2026' is a joint fundraising committee.,gpt-4.1
,C00942011,,KAILEE FOR CONGRESS,Candidate Committees,Candidate,,llm_inferred,high,"Name indicates a candidate committee (""FOR CONGRESS"").",gpt-4.1
,C00942060,,ALME FOR SENATE,Candidate Committees,Candidate,,llm_inferred,high,"Name indicates a candidate committee (""FOR SENATE"").",gpt-4.1
,C00942110,,SISTERS SAVING LIVES,Misc Issues,Ideology/Single-Issue,,llm_inferred,low,Name is generic and does not identify an industry or trade group.,gpt-4.1
,C00942144,,BAYOU CONSERVATIVE ALLIANCE,Republican/Conservative,Ideology/Single-Issue,,llm_inferred,medium,"Name suggests a conservative ideological PAC, not an industry group.",gpt-4.1
,C00942185,,KOZYCKI FOR CONGRESS,Candidate Committees,Candidate,,llm_inferred,high,"Name indicates a candidate committee (""FOR CONGRESS"").",gpt-4.1
,C00942292,,INVEST TO ELECT ILLINOIS BATTLEGROUND SUPPORT 2026,Party Committees,Party Cmte,,llm_inferred,medium,"Name suggests a party support or battleground fund, not an industry group.",gpt-4.1
,C00942300,,COMMON WEALTH,Misc Issues,Ideology/Single-Issue,,llm_inferred,low,Name is generic and does not identify an industry or trade group.,gpt-4.1
,C00942326,,ACCOUNTABLE LEADERS FOR MONTANA'S EXCELLENCE,Misc Issues,Ideology/Single-Issue,,llm_inferred,low,Name is generic and does not identify an industry or trade group.,gpt-4.1
,C00942334,,PURO 956 PAC,Misc Issues,Ideology/Single-Issue,,llm_inferred,low,Name is opaque and does not identify an industry or trade group.,gpt-4.1
,C00942342,,LURIA TAYLOR VICTORY FUND,Joint Candidate Cmte,Joint Candidate Cmtes,,llm_inferred,high,Name indicates a joint fundraising committee for candidates.,gpt-4.1
,C00942375,,STAND YOUR GROUND PAC,Gun Rights,Ideology/Single-Issue,,llm_inferred,medium,"Name suggests a gun rights PAC, not an industry group.",gpt-4.1
,C00942433,,RED TAG MAIL LLC,Business Services,Misc Business,,llm_inferred,medium,"Name references a business (LLC), but does not identify a specific industry.",gpt-4.1
,C00942441,,JAMES SETTELMEYER FOR NEVADA,Candidate Committees,Candidate,,llm_inferred,high,"Name indicates a candidate committee (""FOR NEVADA"").",gpt-4.1
,C00942458,,THE GALLAGHER COMMITTEE,Candidate Committees,Candidate,,llm_inferred,low,Name is generic but likely a candidate committee based on naming convention.,gpt-4.1
,C00942581,,"RODRIGUEZ, ELIOTT",Candidate Committees,Candidate,,llm_inferred,low,"Name is a personal name, likely a candidate committee.",gpt-4.1
,C00942599,,ZIOGAS FOR CONGRESS,Candidate Committees,Candidate,,llm_inferred,high,"Name indicates a candidate committee (""FOR CONGRESS"").",gpt-4.1
,C00942623,,THE DEMOCRATIC BENCH FUND,Party Committees,Party Cmte,,llm_inferred,medium,"Name suggests a Democratic party support fund, not an industry group.",gpt-4.1
,C00942672,,MAJORITY MAKERS VICTORY FUND,Party Committees,Party Cmte,,llm_inferred,medium,"Name suggests a party support or victory fund, not an industry group.",gpt-4.1
,C00942680,,KURDIAN FOR CONGRESS,Candidate Committees,Candidate,,llm_inferred,high,"Name indicates a candidate committee (""FOR CONGRESS"").",gpt-4.1
,C00942714,,ALME VICTORY,Candidate Committees,Candidate,,llm_inferred,low,Name is generic but likely a candidate or joint fundraising committee.,gpt-4.1
,C00942748,,THE AMERICAN MAJORITY PROJECT,Party Committees,Party Cmte,,llm_inferred,medium,"Name suggests a party support project, not an industry group.",gpt-4.1
,C00942797,,TEAM ALME,Candidate Committees,Candidate,,llm_inferred,low,Name is generic but likely a candidate or campaign committee.,gpt-4.1
,C00942813,,TRUTH AND EXCELLENCE PAC,Misc Issues,Ideology/Single-Issue,,llm_inferred,low,Name is generic and does not identify an industry or trade group.,gpt-4.1
,C00942912,,LURIA PERRIELLO VICTORY FUND,Joint Candidate Cmte,Joint Candidate Cmtes,,llm_inferred,high,Name indicates a joint fundraising committee for candidates.,gpt-4.1
,C00943001,,DOROTHY FOR CONGRESS,Candidate Committees,Candidate,,llm_inferred,high,"Name indicates a candidate committee (""FOR CONGRESS"").",gpt-4.1
,C00943019,,PETE SESSIONS VICTORY COMMITTEE,Joint Candidate Cmte,Joint Candidate Cmtes,,llm_inferred,high,The name 'PETE SESSIONS VICTORY COMMITTEE' indicates a joint fundraising committee for a candidate.,gpt-4.1
,C00943027,,CORTEZ MASTO VICTORY 2028,Joint Candidate Cmte,Joint Candidate Cmtes,,llm_inferred,high,The name 'CORTEZ MASTO VICTORY 2028' indicates a joint fundraising committee for a candidate.,gpt-4.1
,C00943035,,FRIENDS OF KARIANNE LISONBEE,Candidate Committees,Candidate,,llm_inferred,high,The name 'FRIENDS OF KARIANNE LISONBEE' is a standard candidate committee naming convention.,gpt-4.1
,C00943043,,FIGHT BACK MIDWEST,Misc Issues,Ideology/Single-Issue,,llm_inferred,low,'FIGHT BACK MIDWEST' is a generic advocacy name with no industry or company indicated.,gpt-4.1
,C00943126,,NEW POLITICS NEXT MISSION X PATRIOT PAC,Misc Issues,Ideology/Single-Issue,,llm_inferred,low,'NEW POLITICS NEXT MISSION X PATRIOT PAC' is an ideological or advocacy PAC with no industry tie.,gpt-4.1
,C00943134,,ZORROPAC,Misc Issues,Ideology/Single-Issue,,llm_inferred,low,'ZORROPAC' is an opaque name with no industry or company indicated.,gpt-4.1
,C00943142,,HERN FOR SENATE,Candidate Committees,Candidate,,llm_inferred,high,The name 'HERN FOR SENATE' is a standard candidate committee naming convention.,gpt-4.1
,C00943175,,TEDFORD FOR US CONGRESS,Candidate Committees,Candidate,,llm_inferred,high,The name 'TEDFORD FOR US CONGRESS' is a standard candidate committee naming convention.,gpt-4.1
,C00943217,,PA COMMUNITY PAC,Misc Issues,Ideology/Single-Issue,,llm_inferred,low,'PA COMMUNITY PAC' is a generic name with no industry or company indicated.,gpt-4.1
,C00943308,,TEIXEIRA VICTORY FUND,Joint Candidate Cmte,Joint Candidate Cmtes,,llm_inferred,high,The name 'TEIXEIRA VICTORY FUND' indicates a joint fundraising committee for a candidate.,gpt-4.1
,C00943316,,GEORGIANS FOR COMMON SENSE,Misc Issues,Ideology/Single-Issue,,llm_inferred,low,'GEORGIANS FOR COMMON SENSE' is a generic advocacy name with no industry or company indicated.,gpt-4.1
,C00943365,,KIM DAVID FOR CONGRESS,Candidate Committees,Candidate,,llm_inferred,high,The name 'KIM DAVID FOR CONGRESS' is a standard candidate committee naming convention.,gpt-4.1
,C00943373,,DONALD NORCROSS VICTORY FUND,Joint Candidate Cmte,Joint Candidate Cmtes,,llm_inferred,high,The name 'DONALD NORCROSS VICTORY FUND' indicates a joint fundraising committee for a candidate.,gpt-4.1
,C00943464,,10 PUSH UPS PAC,Misc Issues,Ideology/Single-Issue,,llm_inferred,low,'10 PUSH UPS PAC' is an opaque name with no industry or company indicated.,gpt-4.1
,C00943472,,KEYSTONE FEDERAL PAC,Misc Issues,Ideology/Single-Issue,,llm_inferred,low,'KEYSTONE FEDERAL PAC' is a generic name with no industry or company indicated.,gpt-4.1
,C00943498,,PAPPAS COOPER VICTORY FUND,Joint Candidate Cmte,Joint Candidate Cmtes,,llm_inferred,high,The name 'PAPPAS COOPER VICTORY FUND' indicates a joint fundraising committee for candidates.,gpt-4.1
,C00943506,,STEVE TOTH VICTORY COMMITTEE,Joint Candidate Cmte,Joint Candidate Cmtes,,llm_inferred,high,The name 'STEVE TOTH VICTORY COMMITTEE' indicates a joint fundraising committee for a candidate.,gpt-4.1
,C00943522,,BRIDGEBIO PHARMA INC. PAC,Pharmaceuticals/Health Products,Health,Healthcare,llm_inferred,high,The name 'BRIDGEBIO PHARMA INC. PAC' clearly identifies a pharmaceutical company.,gpt-4.1
,C00943704,,GOTTHEIMER HORSFORD VICTORY FUND 2026,Joint Candidate Cmte,Joint Candidate Cmtes,,llm_inferred,high,The name 'GOTTHEIMER HORSFORD VICTORY FUND 2026' indicates a joint fundraising committee for candidates.,gpt-4.1
,C00943738,,FRIENDS OF LARRY MARKER,Candidate Committees,Candidate,,llm_inferred,high,The name 'FRIENDS OF LARRY MARKER' is a standard candidate committee naming convention.,gpt-4.1
,C00943803,,NOAH TAYLOR FOR KANSAS,Candidate Committees,Candidate,,llm_inferred,high,The name 'NOAH TAYLOR FOR KANSAS' is a standard candidate committee naming convention.,gpt-4.1
,C00943845,,NEW YORKERS FIGHTING BACK VICTORY FUND,Joint Candidate Cmte,Joint Candidate Cmtes,,llm_inferred,high,The name 'NEW YORKERS FIGHTING BACK VICTORY FUND' indicates a joint fundraising committee.,gpt-4.1
,C00943886,,COONS COOPER VICTORY FUND,Joint Candidate Cmte,Joint Candidate Cmtes,,llm_inferred,high,The name 'COONS COOPER VICTORY FUND' indicates a joint fundraising committee for candidates.,gpt-4.1
,C00943894,,FITZPATRICK CAREY VICTORY,Joint Candidate Cmte,Joint Candidate Cmtes,,llm_inferred,high,The name 'FITZPATRICK CAREY VICTORY' indicates a joint fundraising committee for candidates.,gpt-4.1
,C00943910,,MONTANA FREEDOM PAC,Misc Issues,Ideology/Single-Issue,,llm_inferred,low,'MONTANA FREEDOM PAC' is a generic advocacy name with no industry or company indicated.,gpt-4.1
,C00943936,,WOLVERINE VICTORY FUND 2026,Joint Candidate Cmte,Joint Candidate Cmtes,,llm_inferred,high,'Victory Fund' indicates a joint fundraising committee for candidates or party.,gpt-4.1
,C00943951,,PERSIST PAC,Misc Issues,Ideology/Single-Issue,,llm_inferred,low,'PERSIST PAC' is a generic name with no industry or company reference.,gpt-4.1
,C00943977,,JULIANA VICTORY FUND,Joint Candidate Cmte,Joint Candidate Cmtes,,llm_inferred,high,'Victory Fund' indicates a joint fundraising committee for candidates or party.,gpt-4.1
,C00943985,,"DOSS, KELLY",Candidate Committees,Candidate,,llm_inferred,high,"Committee is named for an individual, indicating a candidate committee.",gpt-4.1
,C00943993,,WHATLEY BUCKHOUT VICTORY FUND,Joint Candidate Cmte,Joint Candidate Cmtes,,llm_inferred,high,'Victory Fund' indicates a joint fundraising committee for candidates or party.,gpt-4.1
,C00944033,,STRONG MICHIGAN VALUES,Misc Issues,Ideology/Single-Issue,,llm_inferred,low,"'STRONG MICHIGAN VALUES' is a generic, ideological name with no industry reference.",gpt-4.1
,C00944058,,FRIENDS OF FONGRESSMAN,Candidate Committees,Candidate,,llm_inferred,high,'FRIENDS OF' plus a name indicates a candidate committee.,gpt-4.1
,C00944157,,FOR OUR VALUES PAC,Misc Issues,Ideology/Single-Issue,,llm_inferred,low,"'FOR OUR VALUES PAC' is a generic, ideological name with no industry reference.",gpt-4.1
,C00944181,,BUILDING EMPOWERMENT  & ACCOUNTABILITY NOW PAC,Misc Issues,Ideology/Single-Issue,,llm_inferred,low,"'BUILDING EMPOWERMENT & ACCOUNTABILITY NOW PAC' is a generic, ideological name with no industry reference.",gpt-4.1
,C00944264,,DAVE BECKWITH FOR CONGRESS,Candidate Committees,Candidate,,llm_inferred,high,Committee is named for an individual running for Congress.,gpt-4.1
,C00944348,,BATTLEGROUND PA,Misc Issues,Ideology/Single-Issue,,llm_inferred,low,"'BATTLEGROUND PA' is a generic, ideological or geographic name with no industry reference.",gpt-4.1
,C00944397,,PROJECT 2026,Misc Issues,Ideology/Single-Issue,,llm_inferred,low,'PROJECT 2026' is a generic name with no industry or company reference.,gpt-4.1
,C00944520,,STATE PARTY MAJORITY FUND,Party Committees,Party Cmte,,llm_inferred,high,'STATE PARTY MAJORITY FUND' indicates a party committee.,gpt-4.1
,C00944546,,LADY WASHINGTON PAC,Misc Issues,Ideology/Single-Issue,,llm_inferred,low,"'LADY WASHINGTON PAC' is a generic, ideological or historical name with no industry reference.",gpt-4.1
,C00944561,,HARVEY MILK LGBTQ DEMOCRATIC CLUB FEDERAL POLITICAL ACTION FUND,Human Rights,Ideology/Single-Issue,,llm_inferred,high,"'HARVEY MILK LGBTQ DEMOCRATIC CLUB' indicates an LGBTQ rights group, not an industry.",gpt-4.1
,C00944579,,COONS HICKENLOOPER VICTORY FUND,Joint Candidate Cmte,Joint Candidate Cmtes,,llm_inferred,high,'Victory Fund' with candidate names indicates a joint fundraising committee.,gpt-4.1
,C00944645,,IMPOSSIBLE TO INEVITABLE,Misc Issues,Ideology/Single-Issue,,llm_inferred,low,'IMPOSSIBLE TO INEVITABLE' is a generic name with no industry or company reference.,gpt-4.1
,C00944751,,GREEN SENATE 2026,Party Committees,Party Cmte,,llm_inferred,medium,"'GREEN SENATE 2026' likely refers to a party or candidate effort, not an industry.",gpt-4.1
,C00944827,,NEW ENGLAND VICTORY FUND,Joint Candidate Cmte,Joint Candidate Cmtes,,llm_inferred,high,'Victory Fund' indicates a joint fundraising committee for candidates or party.,gpt-4.1
,C00944884,,TOP SHOT PAC,Misc Issues,Ideology/Single-Issue,,llm_inferred,low,'TOP SHOT PAC' is a generic name with no clear industry or company reference.,gpt-4.1
,C00944892,,MIGUEZ VICTORY FUND,Joint Candidate Cmte,Joint Candidate Cmtes,,llm_inferred,high,'Victory Fund' indicates a joint fundraising committee for candidates or party.,gpt-4.1
,C00944918,,TANO TIJERINA VICTORY FUND,Joint Candidate Cmte,Joint Candidate Cmtes,,llm_inferred,high,'Victory Fund' indicates a joint fundraising committee for candidates or party.,gpt-4.1
,C00944926,,MAJORITY 2026,Party Committees,Party Cmte,,llm_inferred,medium,"'MAJORITY 2026' likely refers to a party or candidate effort, not an industry.",gpt-4.1
,C00945030,,WHIP VICTORY FUND,Joint Candidate Cmte,Joint Candidate Cmtes,,llm_inferred,high,'Victory Fund' indicates a joint fundraising committee for candidates or party.,gpt-4.1
,C00945048,,NC DSCC VICTORY FUND,Joint Candidate Cmte,Joint Candidate Cmtes,,llm_inferred,high,'Victory Fund' indicates a joint fundraising committee for candidates or party.,gpt-4.1
,C00945154,,CLAY FULLER VICTORY FUND,Joint Candidate Cmte,Joint Candidate Cmtes,,llm_inferred,high,Name indicates a joint fundraising committee for candidate Clay Fuller.,gpt-4.1
,C00945253,,DEM SUMMER 26,Party Committees,Party Cmte,,llm_inferred,high,Name 'DEM SUMMER 26' suggests a Democratic party committee or event.,gpt-4.1
,C00945303,,WORKING FAMILIES FOR SF PAC,Misc Issues,Ideology/Single-Issue,,llm_inferred,medium,"Name suggests a local PAC focused on working families, not a specific industry.",gpt-4.1
,C00945451,,HAROLD JONES ELECT JONES US CONGRESS CAMPAIGN,Candidate Committees,Candidate,,llm_inferred,high,Name indicates a candidate campaign committee for Harold Jones.,gpt-4.1
,C00945584,,NATHAN WILLETT FOR CONGRESS,Candidate Committees,Candidate,,llm_inferred,high,Name indicates a candidate campaign committee for Nathan Willett.,gpt-4.1
,C00945774,,LAHMEYER FOR CONGRESS INC,Candidate Committees,Candidate,,llm_inferred,high,Name indicates a candidate campaign committee for Lahmeyer.,gpt-4.1
,C00945816,,"MUJICA, HECTOR DANIEL",Candidate Committees,Candidate,,llm_inferred,high,"Name is a personal name, indicating a candidate committee.",gpt-4.1
,C00945832,,CHRIS STIGALL FOR CONGRESS,Candidate Committees,Candidate,,llm_inferred,high,Name indicates a candidate campaign committee for Chris Stigall.,gpt-4.1
,C00945857,,MID-MICHIGAN WOMEN WIN,Women's Issues,Ideology/Single-Issue,,llm_inferred,medium,"Name suggests a PAC focused on women's issues, not a specific industry.",gpt-4.1
,C00945873,,JED COCHRAN FOR CONGRESS,Candidate Committees,Candidate,,llm_inferred,high,Name indicates a candidate campaign committee for Jed Cochran.,gpt-4.1
,C00945899,,SAVE OUR SENATE 2026,Party Committees,Party Cmte,,llm_inferred,high,Name 'SAVE OUR SENATE 2026' suggests a party or leadership committee.,gpt-4.1
,C00945915,,SYDNEY GRUTERS FOR CONGRESS,Candidate Committees,Candidate,,llm_inferred,high,Name indicates a candidate campaign committee for Sydney Gruters.,gpt-4.1
,C00945931,,DAN ROONEY FOR AMERICA,Candidate Committees,Candidate,,llm_inferred,high,Name indicates a candidate campaign committee for Dan Rooney.,gpt-4.1
,C00945972,,ADELE MCCLURE FOR CONGRESS,Candidate Committees,Candidate,,llm_inferred,high,Name indicates a candidate campaign committee for Adele McClure.,gpt-4.1
,C00945980,,FRIESS FOR WYOMING,Candidate Committees,Candidate,,llm_inferred,high,Name indicates a candidate campaign committee for Friess in Wyoming.,gpt-4.1
,C00945998,,"FREEDOM, RESPONSIBILITY, INTEGRITY, ECONOMIC STRENGTH & SECURITY PAC",Misc Issues,Ideology/Single-Issue,,llm_inferred,medium,"Name suggests a values-based PAC, not a specific industry.",gpt-4.1
,C00946004,,FRIESS WYOMING VICTORY FUND,Joint Candidate Cmte,Joint Candidate Cmtes,,llm_inferred,high,Name indicates a joint fundraising committee for Friess in Wyoming.,gpt-4.1
,C00946053,,2026 SENATORS CLASSIC COMMITTEE,Party Committees,Party Cmte,,llm_inferred,high,Name '2026 SENATORS CLASSIC COMMITTEE' suggests a party or leadership event.,gpt-4.1
,C00946111,,ANTHROPIC PBC POLITICAL ACTION COMMITTEE (ANTHROPAC),Internet,Communic/Electronics,ICT & Cybersecurity,llm_inferred,high,"Name identifies Anthropic PBC, a well-known AI/tech company, as the sponsor.",gpt-4.1
,C00946137,,NEW JERSEY SENATE VICTORY 2026,Party Committees,Party Cmte,,llm_inferred,high,Name 'NEW JERSEY SENATE VICTORY 2026' suggests a party committee.,gpt-4.1
,C00946194,,HODL THE LINE,Misc Issues,Ideology/Single-Issue,,llm_inferred,low,Name is generic and does not identify an industry or sponsor.,gpt-4.1
,C00946293,,CALVIN COWEN CAMPAIGN COMMITTEE,Candidate Committees,Candidate,,llm_inferred,high,Name indicates a candidate campaign committee for Calvin Cowen.,gpt-4.1
,C00946335,,GTM NOMINEE FUND OH-01,Joint Candidate Cmte,Joint Candidate Cmtes,,llm_inferred,high,Name indicates a joint fundraising committee for OH-01 nominee.,gpt-4.1
,C00946483,,AMERICAN DREAM FOR ALL PAC,Misc Issues,Ideology/Single-Issue,,llm_inferred,low,Name is generic and does not identify an industry or sponsor.,gpt-4.1
,C00946509,,CALIFORNIA DEMOCRACY ALLIANCE,Misc Issues,Ideology/Single-Issue,,llm_inferred,medium,"Name suggests a political alliance, not a specific industry.",gpt-4.1
,C00946582,,BILZERIAN FOR CONGRESS,Candidate Committees,Candidate,,llm_inferred,high,The name 'BILZERIAN FOR CONGRESS' indicates a candidate committee.,gpt-4.1
,C00946665,,LAUNCH PAC,Misc Issues,Ideology/Single-Issue,,llm_inferred,low,'LAUNCH PAC' is a generic name with no clear industry or sponsor.,gpt-4.1
,C00946681,,GIBBS VICTORY FUND,Joint Candidate Cmte,Joint Candidate Cmtes,,llm_inferred,high,'GIBBS VICTORY FUND' is a typical name for a joint fundraising committee.,gpt-4.1
,C00946723,,JACKIE AURINGER FOR CONGRESS,Candidate Committees,Candidate,,llm_inferred,high,'JACKIE AURINGER FOR CONGRESS' is a candidate committee.,gpt-4.1
,C00946749,,DEMOCRATIC COUNTY EXECUTIVE COMMITTEE OF PHILADELPHIA,Party Committees,Party Cmte,,llm_inferred,high,'DEMOCRATIC COUNTY EXECUTIVE COMMITTEE OF PHILADELPHIA' is a local party committee.,gpt-4.1
,C00946772,,PROGRESSIVE TURNOUT PROJECT 2026,Misc Issues,Ideology/Single-Issue,,llm_inferred,medium,"'PROGRESSIVE TURNOUT PROJECT 2026' is an ideological group focused on turnout, not an industry.",gpt-4.1
,C00946814,,AMERICA FIRST WARRIOR PAC,Misc Issues,Ideology/Single-Issue,,llm_inferred,medium,"'AMERICA FIRST WARRIOR PAC' is an ideological PAC, not industry-based.",gpt-4.1
,C00946871,,ERIC FLORES VICTORY FUND,Joint Candidate Cmte,Joint Candidate Cmtes,,llm_inferred,high,'ERIC FLORES VICTORY FUND' is a typical joint fundraising committee name.,gpt-4.1
,C00946889,,DAKOTA-WILD AND WONDERFUL 2026 COMMITTEE,Joint Candidate Cmte,Joint Candidate Cmtes,,llm_inferred,high,"'DAKOTA-WILD AND WONDERFUL 2026 COMMITTEE' suggests a joint fundraising or promotional committee, not industry.",gpt-4.1
,C00946921,,LEAD MAINE COMMITTEE INC,Misc Issues,Ideology/Single-Issue,,llm_inferred,low,'LEAD MAINE COMMITTEE INC' is a generic name with no clear industry.,gpt-4.1
,C00946988,,DRIVING AMERICA NOW PAC,Misc Issues,Ideology/Single-Issue,,llm_inferred,low,'DRIVING AMERICA NOW PAC' is ambiguous and does not clearly indicate an industry.,gpt-4.1
,C00947002,,BILZERIAN VICTORY FUND,Joint Candidate Cmte,Joint Candidate Cmtes,,llm_inferred,high,'BILZERIAN VICTORY FUND' is a typical joint fundraising committee name.,gpt-4.1
,C00947028,,PHILLY FIRST SUPER PAC,Misc Issues,Ideology/Single-Issue,,llm_inferred,low,'PHILLY FIRST SUPER PAC' is a generic name with no clear industry.,gpt-4.1
,C00947069,,TREY MARTIN FOR CONGRESS,Candidate Committees,Candidate,,llm_inferred,high,'TREY MARTIN FOR CONGRESS' is a candidate committee.,gpt-4.1
,C00947101,,THE INFRASTRUCTURE PAC,Misc Issues,Ideology/Single-Issue,,llm_inferred,medium,"'THE INFRASTRUCTURE PAC' is likely issue-based, not industry-sponsored.",gpt-4.1
,C00947184,,BLUE DEMS PAC,Democratic/Liberal,Ideology/Single-Issue,,llm_inferred,medium,"'BLUE DEMS PAC' is an ideological PAC aligned with Democrats, not an industry.",gpt-4.1
,C00947275,,CALIFORNIA CONSERVATIVES PAC,Republican/Conservative,Ideology/Single-Issue,,llm_inferred,medium,"'CALIFORNIA CONSERVATIVES PAC' is an ideological PAC, not industry-based.",gpt-4.1
,C00947283,,RICHMOND DISTRICT DEMOCRATIC CLUB,Party Committees,Party Cmte,,llm_inferred,high,'RICHMOND DISTRICT DEMOCRATIC CLUB' is a local party committee.,gpt-4.1
,C00947291,,GULBRANSON FOR CONGRESS,Candidate Committees,Candidate,,llm_inferred,high,'GULBRANSON FOR CONGRESS' is a candidate committee.,gpt-4.1
,C00947358,,CALIFORNIANS FOR ELECTION FAIRNESS,Misc Issues,Ideology/Single-Issue,,llm_inferred,medium,"'CALIFORNIANS FOR ELECTION FAIRNESS' is an issue-based group, not industry.",gpt-4.1
,C00947416,,KELLIE KEENAN FOR CONGRESS RI,Candidate Committees,Candidate,,llm_inferred,high,'KELLIE KEENAN FOR CONGRESS RI' is a candidate committee.,gpt-4.1
,C00947432,,BRIDGFORD FOR IOWA,Candidate Committees,Candidate,,llm_inferred,high,'BRIDGFORD FOR IOWA' is a candidate committee.,gpt-4.1
,C00947481,,AGER VICTORY FUND,Joint Candidate Cmte,Joint Candidate Cmtes,,llm_inferred,high,'AGER VICTORY FUND' is a typical joint fundraising committee name.,gpt-4.1
,C00947580,,ALEX VINDMAN VICTORY FUND,Joint Candidate Cmte,Joint Candidate Cmtes,,llm_inferred,high,'ALEX VINDMAN VICTORY FUND' is a typical joint fundraising committee name.,gpt-4.1
,C00947721,,HUERTA DEMOCRACY PAC,Democratic/Liberal,Ideology/Single-Issue,,llm_inferred,medium,"'HUERTA DEMOCRACY PAC' is an ideological PAC, not industry-based.",gpt-4.1
,C00947853,,WOMEN ARE THE MAJORITY MAKERS,Women's Issues,Ideology/Single-Issue,,llm_inferred,medium,The name references women's issues but does not indicate a specific industry.,gpt-4.1
,C00947952,,GEORGIA GUN OWNERS PAC,Gun Rights,Ideology/Single-Issue,,llm_inferred,medium,"The name 'GEORGIA GUN OWNERS PAC' indicates a gun rights advocacy group, not an industry PAC.",gpt-4.1
,C00948034,,"DRISCOLL, JEANINE",Candidate Committees,Candidate,,llm_inferred,high,"The committee is named for an individual, indicating a candidate committee.",gpt-4.1
,C00948117,,BUCK VICTORY FUND,Joint Candidate Cmte,Joint Candidate Cmtes,,llm_inferred,high,The 'Victory Fund' name and lack of industry reference indicate a joint candidate committee.,gpt-4.1
,C00948174,,SAVE NEW YORK PAC,Misc Issues,Ideology/Single-Issue,,llm_inferred,low,The name is generic and does not indicate a specific industry or sector.,gpt-4.1
,C00948182,,DRISCOLL VICTORY FUND,Joint Candidate Cmte,Joint Candidate Cmtes,,llm_inferred,high,The 'Victory Fund' name and lack of industry reference indicate a joint candidate committee.,gpt-4.1
,C00948190,,WITTROCK FOR CONGRESS,Candidate Committees,Candidate,,llm_inferred,high,"The committee is named for an individual, indicating a candidate committee.",gpt-4.1
,C00948208,,LEAD LEFT PAC,Misc Issues,Ideology/Single-Issue,,llm_inferred,low,The name is generic and does not indicate a specific industry or sector.,gpt-4.1
,C00948216,,CALIFORNIA BLUE PAC,Party Committees,Party Cmte,,llm_inferred,medium,The name suggests a Democratic-aligned PAC but not an industry PAC.,gpt-4.1
,C00948273,,GARDEN STATE LEADERSHIP FUND,Party Committees,Party Cmte,,llm_inferred,medium,"The name suggests a party or leadership PAC, not an industry PAC.",gpt-4.1
,C00948406,,PETER BURGELIS FOR WISCONSIN,Candidate Committees,Candidate,,llm_inferred,high,"The committee is named for an individual, indicating a candidate committee.",gpt-4.1
,C00948448,,DEMOCRATIC DOCTORS PAC (DEM DOC PAC),Health Professionals,Health,Healthcare,llm_inferred,high,The name 'DEMOCRATIC DOCTORS PAC' clearly identifies health professionals as the industry.,gpt-4.1
,C00948497,,TALARICO VICTORY FUND,Joint Candidate Cmte,Joint Candidate Cmtes,,llm_inferred,high,The 'Victory Fund' name and lack of industry reference indicate a joint candidate committee.,gpt-4.1
,C00948521,,PROGRESSIVE VET PAC,Misc Issues,Ideology/Single-Issue,,llm_inferred,medium,"The name suggests a group for progressive veterans, not an industry PAC.",gpt-4.1
,C00948547,,BARRASSO HUSTED MOODY FUND,Joint Candidate Cmte,Joint Candidate Cmtes,,llm_inferred,high,"The name lists multiple individuals, indicating a joint candidate committee.",gpt-4.1
,C00948562,,FLORIDA FIRST ACTION PAC,Misc Issues,Ideology/Single-Issue,,llm_inferred,low,The name is generic and does not indicate a specific industry or sector.,gpt-4.1
,C00948695,,TEXANS DEMANDING ACCOUNTABILITY,Misc Issues,Ideology/Single-Issue,,llm_inferred,low,The name is generic and does not indicate a specific industry or sector.,gpt-4.1
,C00948778,,CONGRESS NJ,Candidate Committees,Candidate,,llm_inferred,low,The name is generic but likely refers to a candidate committee.,gpt-4.1
,C00948794,,DR. JASMINE CLARK SCIENCE VICTORY FUND,Joint Candidate Cmte,Joint Candidate Cmtes,,llm_inferred,high,The 'Victory Fund' name and individual reference indicate a joint candidate committee.,gpt-4.1
,C00948802,,COLOM VICTORY FUND,Joint Candidate Cmte,Joint Candidate Cmtes,,llm_inferred,high,The 'Victory Fund' name and lack of industry reference indicate a joint candidate committee.,gpt-4.1
,C00948901,,HAMILTON FOR KANSAS,Candidate Committees,Candidate,,llm_inferred,high,"The committee is named for an individual, indicating a candidate committee.",gpt-4.1
,C00949057,,VAN HOLLEN TALARICO VICTORY FUND,Joint Candidate Cmte,Joint Candidate Cmtes,,llm_inferred,high,The 'Victory Fund' name and multiple individuals indicate a joint candidate committee.,gpt-4.1
,C00949115,,WYOMING WAY ACTION PAC,Misc Issues,Ideology/Single-Issue,,llm_inferred,low,The name is generic and does not indicate a specific industry or sector.,gpt-4.1
,C00949156,,MONTANA AF,Misc Issues,Ideology/Single-Issue,,llm_inferred,low,The name is generic and does not indicate a specific industry or sector.,gpt-4.1
,C00949164,,BOHANNAN VICTORY FUND 2026,Joint Candidate Cmte,Joint Candidate Cmtes,,llm_inferred,high,The 'Victory Fund' name and lack of industry reference indicate a joint candidate committee.,gpt-4.1
,C00949222,,WALKINSHAW VICTORY FUND,Joint Candidate Cmte,Joint Candidate Cmtes,,llm_inferred,high,The name 'Victory Fund' and multiple surnames indicate a joint candidate fundraising committee.,gpt-4.1
,C00949248,,PRO-CHOICE MAJORITY ACTION,Abortion Policy/Pro-Abortion Rights,Ideology/Single-Issue,,llm_inferred,high,"The name 'Pro-Choice Majority Action' clearly identifies an ideological, pro-abortion rights group.",gpt-4.1
,C00949560,,6 STARS VOTEVETS VICTORY FUND,Joint Candidate Cmte,Joint Candidate Cmtes,,llm_inferred,high,The name 'VoteVets Victory Fund' and multiple surnames indicate a joint candidate fundraising committee.,gpt-4.1
,C00949834,,RAZACK FOR CONGRESS,Candidate Committees,Candidate,,llm_inferred,high,The name 'Razack for Congress' identifies a candidate committee.,gpt-4.1
,C00949867,,BRENT TAYLOR FOR TENNESSEE,Candidate Committees,Candidate,,llm_inferred,high,The name 'Brent Taylor for Tennessee' identifies a candidate committee.,gpt-4.1
,C00949925,,"BROWN, PAPPAS, PELTOLA, TALARICO SENATE VICTORY FUND",Joint Candidate Cmte,Joint Candidate Cmtes,,llm_inferred,high,Multiple surnames and 'Senate Victory Fund' indicate a joint candidate fundraising committee.,gpt-4.1
,C00949933,,"PAPPAS, PELTOLA, TALARICO, VINDMAN SENATE VICTORY FUND",Joint Candidate Cmte,Joint Candidate Cmtes,,llm_inferred,high,Multiple surnames and 'Senate Victory Fund' indicate a joint candidate fundraising committee.,gpt-4.1
,C00949941,,TAFOYA VICTORY,Candidate Committees,Candidate,,llm_inferred,high,The name 'Tafoya Victory' identifies a candidate committee.,gpt-4.1
,C00950030,,PROGRESSIVE UNITY FUND,Democratic/Liberal,Ideology/Single-Issue,,llm_inferred,high,"The name 'Progressive Unity Fund' indicates an ideological, progressive group.",gpt-4.1
,C00950048,,GERALD MALLOY FOR U.S. CONGRESS,Candidate Committees,Candidate,,llm_inferred,high,The name 'Gerald Malloy for U.S. Congress' identifies a candidate committee.,gpt-4.1
,C00950055,,MARCYE SCOTT FOR CONGRESS,Candidate Committees,Candidate,,llm_inferred,high,The name 'Marcye Scott for Congress' identifies a candidate committee.,gpt-4.1
,C00950063,,POPLICUS INC. DBA AIR PAC,Air Transport,Misc Business,Freight & Transport,llm_inferred,medium,The name 'AIR PAC' and 'Poplicus Inc.' suggest a connection to the air transport industry.,gpt-4.1
,C00950162,,DEMOCRATIC NATIONAL COMMITTEE,Party Committees,Party Cmte,,llm_inferred,high,The name 'Democratic National Committee' identifies a party committee.,gpt-4.1
,C00950261,,DR. RICHARD PAN STOP RFK JR. COMMITTEE,Misc Issues,Ideology/Single-Issue,,llm_inferred,medium,The name references a specific candidate and issue but does not indicate an industry.,gpt-4.1
,C00950303,,BEA VALENTI FOR CONGRESS,Candidate Committees,Candidate,,llm_inferred,high,The name 'Bea Valenti for Congress' identifies a candidate committee.,gpt-4.1
,C00950329,,PULIDO VICTORY FUND,Joint Candidate Cmte,Joint Candidate Cmtes,,llm_inferred,high,The name 'Victory Fund' and a surname indicate a joint candidate fundraising committee.,gpt-4.1
,C00950345,,REAL CHANGE PAC,Democratic/Liberal,Ideology/Single-Issue,,llm_inferred,medium,"The name 'Real Change PAC' suggests an ideological group, not an industry.",gpt-4.1
,C00950352,,PROGRESSIVE CHAMPIONS PAC,Democratic/Liberal,Ideology/Single-Issue,,llm_inferred,medium,"The name 'Progressive Champions PAC' suggests an ideological group, not an industry.",gpt-4.1
,C00950600,,PALMETTO ACTION,Misc Issues,Ideology/Single-Issue,,llm_inferred,low,The name 'Palmetto Action' is generic and does not indicate an industry.,gpt-4.1
,C00950659,,SOVEREIGNTY FIRST PAC,Misc Issues,Ideology/Single-Issue,,llm_inferred,low,The name 'Sovereignty First PAC' is generic and does not indicate an industry.,gpt-4.1
,C00950683,,MAJORITIES ARE MADE IN MICHIGAN,Misc Issues,Ideology/Single-Issue,,llm_inferred,low,The name 'Majorities Are Made in Michigan' is generic and does not indicate an industry.,gpt-4.1
,C00950840,,MIDWEST STATE FAIR VICTORY FUND,Joint Candidate Cmte,Joint Candidate Cmtes,,llm_inferred,medium,"The name 'Midwest State Fair Victory Fund' suggests a joint fundraising committee, not an industry.",gpt-4.1
,C00950873,,LONDON LAMAR FOR CONGRESS,Candidate Committees,Candidate,,llm_inferred,high,The name 'London Lamar for Congress' identifies a candidate committee.,gpt-4.1
,C00950881,,DEFEND DEVELOPERS PAC,Construction Services,Misc Business,Construction & Housing,llm_inferred,medium,"The name 'Defend Developers PAC' suggests advocacy for real estate developers, a construction industry group.",gpt-4.1
,C00950964,,BELINDA KEISER FOR CONGRESS,Candidate Committees,Candidate,,llm_inferred,high,The name 'Belinda Keiser for Congress' identifies a candidate committee.,gpt-4.1
,C00951053,,BUTLER FOR FLORIDA,Candidate Committees,Candidate,,llm_inferred,high,"Name is a candidate committee (""FOR FLORIDA""), not an industry PAC.",gpt-4.1
,C00951087,,EMB NOMINEE FUND FL-22,Joint Candidate Cmte,Joint Candidate Cmtes,,llm_inferred,high,"Name indicates a joint fundraising committee for a nominee, not an industry PAC.",gpt-4.1
,C00951103,,EMB NOMINEE FUND FL-25,Joint Candidate Cmte,Joint Candidate Cmtes,,llm_inferred,high,"Name indicates a joint fundraising committee for a nominee, not an industry PAC.",gpt-4.1
,C00951368,,EMILIA SYKES OHIO VICTORY FUND 2026,Joint Candidate Cmte,Joint Candidate Cmtes,,llm_inferred,high,"Name indicates a joint fundraising committee for a candidate, not an industry PAC.",gpt-4.1
,C00951376,,DEMOCRATS FIGHT BACK PAC,Democratic/Liberal,Ideology/Single-Issue,,llm_inferred,high,"Name is ideological (Democrats Fight Back), not industry-based.",gpt-4.1
,C00951475,,WAKE COUNTY DEMOCRATIC PARTY,Party Committees,Party Cmte,,llm_inferred,high,"Name is a county Democratic Party committee, not an industry PAC.",gpt-4.1
,C00951590,,"CITIZENS FOR AMERICAN RESURGENCE, ENTERPRISE & YIELD PAC (CAREY PAC)",Misc Business,Misc Business,,llm_inferred,low,Name is generic and does not identify a specific industry or company.,gpt-4.1
,C00951608,,COLEMAN VICTORY FUND,Joint Candidate Cmte,Joint Candidate Cmtes,,llm_inferred,high,"Name indicates a joint fundraising committee for a candidate, not an industry PAC.",gpt-4.1
,C00951632,,ERIC JENKINS FOR CONGRESS,Candidate Committees,Candidate,,llm_inferred,high,"Name is a candidate committee (""FOR CONGRESS""), not an industry PAC.",gpt-4.1
,C00951673,,BALDACCI VICTORY FUND,Joint Candidate Cmte,Joint Candidate Cmtes,,llm_inferred,high,"Name indicates a joint fundraising committee for a candidate, not an industry PAC.",gpt-4.1
,C00951921,,CUELLAR VICTORY FUND,Joint Candidate Cmte,Joint Candidate Cmtes,,llm_inferred,high,"Name indicates a joint fundraising committee for a candidate, not an industry PAC.",gpt-4.1
,C00952036,,AVILA CHEVALIER AND VALDEZ VICTORY FUND,Joint Candidate Cmte,Joint Candidate Cmtes,,llm_inferred,high,"Name indicates a joint fundraising committee for multiple candidates, not an industry PAC.",gpt-4.1
,C00952184,,CLYBURN CLEAVER FIGURES VICTORY FUND,Joint Candidate Cmte,Joint Candidate Cmtes,,llm_inferred,high,"Name indicates a joint fundraising committee for multiple candidates, not an industry PAC.",gpt-4.1
,C00952218,,PAXTON VICTORY,Joint Candidate Cmte,Joint Candidate Cmtes,,llm_inferred,high,"Name indicates a joint fundraising committee for a candidate, not an industry PAC.",gpt-4.1
,C00952259,,A STRONGER MICHIGAN,Democratic/Liberal,Ideology/Single-Issue,,llm_inferred,medium,"Name is generic and likely ideological, not industry-based.",gpt-4.1
,C00952358,,JACE VICTORY FUND,Joint Candidate Cmte,Joint Candidate Cmtes,,llm_inferred,high,"Name indicates a joint fundraising committee for a candidate, not an industry PAC.",gpt-4.1
,C00952440,,JOSH TUREK VICTORY FUND,Joint Candidate Cmte,Joint Candidate Cmtes,,llm_inferred,high,"Name indicates a joint fundraising committee for a candidate, not an industry PAC.",gpt-4.1
,C00952507,,TEAM PAXTON,Joint Candidate Cmte,Joint Candidate Cmtes,,llm_inferred,high,"Name indicates a joint fundraising committee for a candidate, not an industry PAC.",gpt-4.1
,C00952531,,DAN GREEN FOR CONGRESS,Candidate Committees,Candidate,,llm_inferred,high,"Name is a candidate committee (""FOR CONGRESS""), not an industry PAC.",gpt-4.1
,C00952556,,SHEVRIN FOR CONGRESS,Candidate Committees,Candidate,,llm_inferred,high,"Name is a candidate committee (""FOR CONGRESS""), not an industry PAC.",gpt-4.1
,C00952598,,OLIVER GILBERT FOR CONGRESS,Candidate Committees,Candidate,,llm_inferred,high,"Name is a candidate committee (""FOR CONGRESS""), not an industry PAC.",gpt-4.1
,C00952721,,CAREY BAKER FOR CONGRESS,Candidate Committees,Candidate,,llm_inferred,high,"Name is a candidate committee (""FOR CONGRESS""), not an industry PAC.",gpt-4.1
,C00952788,,REAL MAYOR PAC,Misc Business,Misc Business,,llm_inferred,low,Name is generic and does not identify a specific industry or company.,gpt-4.1
,C00952978,,THE AMERICAN MADE PAC,Misc Business,Misc Business,,llm_inferred,low,Name is generic and does not identify a specific industry or company.,gpt-4.1
,C00952994,,AMERICAN MAJORITY ACTION PAC,Misc Issues,Ideology/Single-Issue,,llm_inferred,low,Name is generic and does not identify a specific industry or company.,gpt-4.1
,C00953075,,ALEX VICTORY FUND,Joint Candidate Cmte,Joint Candidate Cmtes,,llm_inferred,high,"The name 'ALEX VICTORY FUND' indicates a joint fundraising committee, not an industry group.",gpt-4.1
,C00953133,,KENDRICK MEEK FOR CONGRESS,Candidate Committees,Candidate,,llm_inferred,high,The name 'KENDRICK MEEK FOR CONGRESS' identifies a candidate committee.,gpt-4.1
,C00953455,,2026 GOP SENATE VICTORY,Party Committees,Party Cmte,,llm_inferred,high,The name '2026 GOP SENATE VICTORY' indicates a party committee fundraising effort.,gpt-4.1
,C00953646,,COUNT ON CONNECTICUT,Misc Issues,Ideology/Single-Issue,,llm_inferred,low,'COUNT ON CONNECTICUT' is a generic name with no industry or company reference.,gpt-4.1
,C00953711,,13TH COLONY LEADERSHIP COMMITTEE,Misc Issues,Ideology/Single-Issue,,llm_inferred,low,'13TH COLONY LEADERSHIP COMMITTEE' is a generic leadership PAC name with no industry tie.,gpt-4.1
,C00954057,,HOOSIER NEIGHBORS VICTORY FUND,Joint Candidate Cmte,Joint Candidate Cmtes,,llm_inferred,high,"'HOOSIER NEIGHBORS VICTORY FUND' is a joint fundraising committee, not industry-based.",gpt-4.1
,C00954594,,DR. AMISH SHAH SCIENCE VICTORY FUND,Joint Candidate Cmte,Joint Candidate Cmtes,,llm_inferred,high,"'DR. AMISH SHAH SCIENCE VICTORY FUND' is a joint fundraising committee, not an industry group.",gpt-4.1
,C00954701,,LINDSAY JAMES VICTORY FUND,Joint Candidate Cmte,Joint Candidate Cmtes,,llm_inferred,high,"'LINDSAY JAMES VICTORY FUND' is a joint fundraising committee, not an industry group.",gpt-4.1
,C00954917,,GTM NOMINEE FUND NH01,Joint Candidate Cmte,Joint Candidate Cmtes,,llm_inferred,high,"'GTM NOMINEE FUND NH01' is a joint fundraising committee, not an industry group.",gpt-4.1
,C00954925,,GTM NOMINEE FUND FL-14,Joint Candidate Cmte,Joint Candidate Cmtes,,llm_inferred,high,"'GTM NOMINEE FUND FL-14' is a joint fundraising committee, not an industry group.",gpt-4.1
,C00954933,,GTM NOMINEE FUND FL22,Joint Candidate Cmte,Joint Candidate Cmtes,,llm_inferred,high,"'GTM NOMINEE FUND FL22' is a joint fundraising committee, not an industry group.",gpt-4.1
,C00954941,,GTM NOMINEE FUND FL25,Joint Candidate Cmte,Joint Candidate Cmtes,,llm_inferred,high,"'GTM NOMINEE FUND FL25' is a joint fundraising committee, not an industry group.",gpt-4.1
,C00954974,,BARRY MOORE FOR SENATE,Candidate Committees,Candidate,,llm_inferred,high,'BARRY MOORE FOR SENATE' is a candidate committee.,gpt-4.1
,C00956532,,"LEGGE, ALYSHA",Candidate Committees,Candidate,,llm_inferred,high,"'LEGGE, ALYSHA' is a candidate committee.",gpt-4.1
,C00957043,,IOWA PEOPLE'S PAC,Misc Issues,Ideology/Single-Issue,,llm_inferred,low,'IOWA PEOPLE'S PAC' is a generic PAC name with no industry or company reference.,gpt-4.1
